system,stratum_quantile,query,unit,window_index,method,step,value
building_energy,0.25,Appliances,Wh,6,observed,-95,60.0
building_energy,0.25,Appliances,Wh,6,observed,-94,60.0
building_energy,0.25,Appliances,Wh,6,observed,-93,70.0
building_energy,0.25,Appliances,Wh,6,observed,-92,200.0
building_energy,0.25,Appliances,Wh,6,observed,-91,160.0
building_energy,0.25,Appliances,Wh,6,observed,-90,50.0
building_energy,0.25,Appliances,Wh,6,observed,-89,160.0
building_energy,0.25,Appliances,Wh,6,observed,-88,60.0
building_energy,0.25,Appliances,Wh,6,observed,-87,60.0
building_energy,0.25,Appliances,Wh,6,observed,-86,50.0
building_energy,0.25,Appliances,Wh,6,observed,-85,40.0
building_energy,0.25,Appliances,Wh,6,observed,-84,60.0
building_energy,0.25,Appliances,Wh,6,observed,-83,60.0
building_energy,0.25,Appliances,Wh,6,observed,-82,60.0
building_energy,0.25,Appliances,Wh,6,observed,-81,70.0
building_energy,0.25,Appliances,Wh,6,observed,-80,90.0
building_energy,0.25,Appliances,Wh,6,observed,-79,80.0
building_energy,0.25,Appliances,Wh,6,observed,-78,80.0
building_energy,0.25,Appliances,Wh,6,observed,-77,90.0
building_energy,0.25,Appliances,Wh,6,observed,-76,100.0
building_energy,0.25,Appliances,Wh,6,observed,-75,100.0
building_energy,0.25,Appliances,Wh,6,observed,-74,100.0
building_energy,0.25,Appliances,Wh,6,observed,-73,90.0
building_energy,0.25,Appliances,Wh,6,observed,-72,100.0
building_energy,0.25,Appliances,Wh,6,observed,-71,90.0
building_energy,0.25,Appliances,Wh,6,observed,-70,100.0
building_energy,0.25,Appliances,Wh,6,observed,-69,90.0
building_energy,0.25,Appliances,Wh,6,observed,-68,110.0
building_energy,0.25,Appliances,Wh,6,observed,-67,90.0
building_energy,0.25,Appliances,Wh,6,observed,-66,100.0
building_energy,0.25,Appliances,Wh,6,observed,-65,90.0
building_energy,0.25,Appliances,Wh,6,observed,-64,70.0
building_energy,0.25,Appliances,Wh,6,observed,-63,60.0
building_energy,0.25,Appliances,Wh,6,observed,-62,60.0
building_energy,0.25,Appliances,Wh,6,observed,-61,80.0
building_energy,0.25,Appliances,Wh,6,observed,-60,80.0
building_energy,0.25,Appliances,Wh,6,observed,-59,120.0
building_energy,0.25,Appliances,Wh,6,observed,-58,120.0
building_energy,0.25,Appliances,Wh,6,observed,-57,110.0
building_energy,0.25,Appliances,Wh,6,observed,-56,140.0
building_energy,0.25,Appliances,Wh,6,observed,-55,110.0
building_energy,0.25,Appliances,Wh,6,observed,-54,110.0
building_energy,0.25,Appliances,Wh,6,observed,-53,110.0
building_energy,0.25,Appliances,Wh,6,observed,-52,120.0
building_energy,0.25,Appliances,Wh,6,observed,-51,100.0
building_energy,0.25,Appliances,Wh,6,observed,-50,80.0
building_energy,0.25,Appliances,Wh,6,observed,-49,100.0
building_energy,0.25,Appliances,Wh,6,observed,-48,270.0
building_energy,0.25,Appliances,Wh,6,observed,-47,250.0
building_energy,0.25,Appliances,Wh,6,observed,-46,110.0
building_energy,0.25,Appliances,Wh,6,observed,-45,130.0
building_energy,0.25,Appliances,Wh,6,observed,-44,430.0
building_energy,0.25,Appliances,Wh,6,observed,-43,300.0
building_energy,0.25,Appliances,Wh,6,observed,-42,270.0
building_energy,0.25,Appliances,Wh,6,observed,-41,240.0
building_energy,0.25,Appliances,Wh,6,observed,-40,220.0
building_energy,0.25,Appliances,Wh,6,observed,-39,360.0
building_energy,0.25,Appliances,Wh,6,observed,-38,430.0
building_energy,0.25,Appliances,Wh,6,observed,-37,450.0
building_energy,0.25,Appliances,Wh,6,observed,-36,440.0
building_energy,0.25,Appliances,Wh,6,observed,-35,410.0
building_energy,0.25,Appliances,Wh,6,observed,-34,100.0
building_energy,0.25,Appliances,Wh,6,observed,-33,120.0
building_energy,0.25,Appliances,Wh,6,observed,-32,110.0
building_energy,0.25,Appliances,Wh,6,observed,-31,120.0
building_energy,0.25,Appliances,Wh,6,observed,-30,120.0
building_energy,0.25,Appliances,Wh,6,observed,-29,100.0
building_energy,0.25,Appliances,Wh,6,observed,-28,170.0
building_energy,0.25,Appliances,Wh,6,observed,-27,100.0
building_energy,0.25,Appliances,Wh,6,observed,-26,90.0
building_energy,0.25,Appliances,Wh,6,observed,-25,90.0
building_energy,0.25,Appliances,Wh,6,observed,-24,90.0
building_energy,0.25,Appliances,Wh,6,observed,-23,120.0
building_energy,0.25,Appliances,Wh,6,observed,-22,120.0
building_energy,0.25,Appliances,Wh,6,observed,-21,110.0
building_energy,0.25,Appliances,Wh,6,observed,-20,110.0
building_energy,0.25,Appliances,Wh,6,observed,-19,100.0
building_energy,0.25,Appliances,Wh,6,observed,-18,100.0
building_energy,0.25,Appliances,Wh,6,observed,-17,70.0
building_energy,0.25,Appliances,Wh,6,observed,-16,80.0
building_energy,0.25,Appliances,Wh,6,observed,-15,80.0
building_energy,0.25,Appliances,Wh,6,observed,-14,80.0
building_energy,0.25,Appliances,Wh,6,observed,-13,80.0
building_energy,0.25,Appliances,Wh,6,observed,-12,90.0
building_energy,0.25,Appliances,Wh,6,observed,-11,80.0
building_energy,0.25,Appliances,Wh,6,observed,-10,70.0
building_energy,0.25,Appliances,Wh,6,observed,-9,60.0
building_energy,0.25,Appliances,Wh,6,observed,-8,40.0
building_energy,0.25,Appliances,Wh,6,observed,-7,40.0
building_energy,0.25,Appliances,Wh,6,observed,-6,30.0
building_energy,0.25,Appliances,Wh,6,observed,-5,50.0
building_energy,0.25,Appliances,Wh,6,observed,-4,60.0
building_energy,0.25,Appliances,Wh,6,observed,-3,60.0
building_energy,0.25,Appliances,Wh,6,observed,-2,50.0
building_energy,0.25,Appliances,Wh,6,observed,-1,50.0
building_energy,0.25,Appliances,Wh,6,observed,0,50.0
building_energy,0.25,Appliances,Wh,6,observed,1,60.0
building_energy,0.25,Appliances,Wh,6,observed,2,50.0
building_energy,0.25,Appliances,Wh,6,observed,3,60.0
building_energy,0.25,Appliances,Wh,6,observed,4,60.0
building_energy,0.25,Appliances,Wh,6,observed,5,60.0
building_energy,0.25,Appliances,Wh,6,observed,6,50.0
building_energy,0.25,Appliances,Wh,6,observed,7,50.0
building_energy,0.25,Appliances,Wh,6,observed,8,50.0
building_energy,0.25,Appliances,Wh,6,observed,9,50.0
building_energy,0.25,Appliances,Wh,6,observed,10,50.0
building_energy,0.25,Appliances,Wh,6,observed,11,20.0
building_energy,0.25,Appliances,Wh,6,observed,12,40.0
building_energy,0.25,Appliances,Wh,6,observed,13,30.0
building_energy,0.25,Appliances,Wh,6,observed,14,50.0
building_energy,0.25,Appliances,Wh,6,observed,15,60.0
building_energy,0.25,Appliances,Wh,6,observed,16,40.0
building_energy,0.25,Appliances,Wh,6,observed,17,50.0
building_energy,0.25,Appliances,Wh,6,observed,18,50.0
building_energy,0.25,Appliances,Wh,6,observed,19,50.0
building_energy,0.25,Appliances,Wh,6,observed,20,60.0
building_energy,0.25,Appliances,Wh,6,observed,21,60.0
building_energy,0.25,Appliances,Wh,6,observed,22,50.0
building_energy,0.25,Appliances,Wh,6,observed,23,50.0
building_energy,0.25,Appliances,Wh,6,observed,24,50.0
building_energy,0.25,Appliances,Wh,6,moirai,1,50.75201416015625
building_energy,0.25,Appliances,Wh,6,moirai,2,49.363494873046875
building_energy,0.25,Appliances,Wh,6,moirai,3,47.76555633544922
building_energy,0.25,Appliances,Wh,6,moirai,4,49.813209533691406
building_energy,0.25,Appliances,Wh,6,moirai,5,50.660499572753906
building_energy,0.25,Appliances,Wh,6,moirai,6,48.91552734375
building_energy,0.25,Appliances,Wh,6,moirai,7,58.94291305541992
building_energy,0.25,Appliances,Wh,6,moirai,8,53.685523986816406
building_energy,0.25,Appliances,Wh,6,moirai,9,48.08415985107422
building_energy,0.25,Appliances,Wh,6,moirai,10,48.857505798339844
building_energy,0.25,Appliances,Wh,6,moirai,11,52.15232849121094
building_energy,0.25,Appliances,Wh,6,moirai,12,50.921058654785156
building_energy,0.25,Appliances,Wh,6,moirai,13,62.927703857421875
building_energy,0.25,Appliances,Wh,6,moirai,14,62.6820182800293
building_energy,0.25,Appliances,Wh,6,moirai,15,63.79279708862305
building_energy,0.25,Appliances,Wh,6,moirai,16,64.88490295410156
building_energy,0.25,Appliances,Wh,6,moirai,17,64.817626953125
building_energy,0.25,Appliances,Wh,6,moirai,18,71.29899597167969
building_energy,0.25,Appliances,Wh,6,moirai,19,54.96002197265625
building_energy,0.25,Appliances,Wh,6,moirai,20,56.342926025390625
building_energy,0.25,Appliances,Wh,6,moirai,21,60.10783386230469
building_energy,0.25,Appliances,Wh,6,moirai,22,72.42355346679688
building_energy,0.25,Appliances,Wh,6,moirai,23,64.72086334228516
building_energy,0.25,Appliances,Wh,6,moirai,24,63.60285186767578
building_energy,0.25,Appliances,Wh,6,gaugeformer_v13,1,50.75201416015625
building_energy,0.25,Appliances,Wh,6,gaugeformer_v13,2,49.363494873046875
building_energy,0.25,Appliances,Wh,6,gaugeformer_v13,3,47.76555633544922
building_energy,0.25,Appliances,Wh,6,gaugeformer_v13,4,49.813209533691406
building_energy,0.25,Appliances,Wh,6,gaugeformer_v13,5,50.660499572753906
building_energy,0.25,Appliances,Wh,6,gaugeformer_v13,6,48.91552734375
building_energy,0.25,Appliances,Wh,6,gaugeformer_v13,7,58.94291305541992
building_energy,0.25,Appliances,Wh,6,gaugeformer_v13,8,53.685523986816406
building_energy,0.25,Appliances,Wh,6,gaugeformer_v13,9,48.08415985107422
building_energy,0.25,Appliances,Wh,6,gaugeformer_v13,10,48.857505798339844
building_energy,0.25,Appliances,Wh,6,gaugeformer_v13,11,52.15232849121094
building_energy,0.25,Appliances,Wh,6,gaugeformer_v13,12,50.921058654785156
building_energy,0.25,Appliances,Wh,6,gaugeformer_v13,13,62.927703857421875
building_energy,0.25,Appliances,Wh,6,gaugeformer_v13,14,62.6820182800293
building_energy,0.25,Appliances,Wh,6,gaugeformer_v13,15,63.79279708862305
building_energy,0.25,Appliances,Wh,6,gaugeformer_v13,16,64.88490295410156
building_energy,0.25,Appliances,Wh,6,gaugeformer_v13,17,64.817626953125
building_energy,0.25,Appliances,Wh,6,gaugeformer_v13,18,71.29899597167969
building_energy,0.25,Appliances,Wh,6,gaugeformer_v13,19,54.96002197265625
building_energy,0.25,Appliances,Wh,6,gaugeformer_v13,20,56.342926025390625
building_energy,0.25,Appliances,Wh,6,gaugeformer_v13,21,60.10783386230469
building_energy,0.25,Appliances,Wh,6,gaugeformer_v13,22,72.42355346679688
building_energy,0.25,Appliances,Wh,6,gaugeformer_v13,23,64.72086334228516
building_energy,0.25,Appliances,Wh,6,gaugeformer_v13,24,63.60285186767578
building_energy,0.75,Appliances,Wh,88,observed,-95,60.0
building_energy,0.75,Appliances,Wh,88,observed,-94,50.0
building_energy,0.75,Appliances,Wh,88,observed,-93,50.0
building_energy,0.75,Appliances,Wh,88,observed,-92,50.0
building_energy,0.75,Appliances,Wh,88,observed,-91,50.0
building_energy,0.75,Appliances,Wh,88,observed,-90,60.0
building_energy,0.75,Appliances,Wh,88,observed,-89,50.0
building_energy,0.75,Appliances,Wh,88,observed,-88,50.0
building_energy,0.75,Appliances,Wh,88,observed,-87,60.0
building_energy,0.75,Appliances,Wh,88,observed,-86,60.0
building_energy,0.75,Appliances,Wh,88,observed,-85,50.0
building_energy,0.75,Appliances,Wh,88,observed,-84,60.0
building_energy,0.75,Appliances,Wh,88,observed,-83,50.0
building_energy,0.75,Appliances,Wh,88,observed,-82,60.0
building_energy,0.75,Appliances,Wh,88,observed,-81,50.0
building_energy,0.75,Appliances,Wh,88,observed,-80,40.0
building_energy,0.75,Appliances,Wh,88,observed,-79,60.0
building_energy,0.75,Appliances,Wh,88,observed,-78,30.0
building_energy,0.75,Appliances,Wh,88,observed,-77,40.0
building_energy,0.75,Appliances,Wh,88,observed,-76,30.0
building_energy,0.75,Appliances,Wh,88,observed,-75,40.0
building_energy,0.75,Appliances,Wh,88,observed,-74,40.0
building_energy,0.75,Appliances,Wh,88,observed,-73,50.0
building_energy,0.75,Appliances,Wh,88,observed,-72,60.0
building_energy,0.75,Appliances,Wh,88,observed,-71,50.0
building_energy,0.75,Appliances,Wh,88,observed,-70,60.0
building_energy,0.75,Appliances,Wh,88,observed,-69,40.0
building_energy,0.75,Appliances,Wh,88,observed,-68,50.0
building_energy,0.75,Appliances,Wh,88,observed,-67,60.0
building_energy,0.75,Appliances,Wh,88,observed,-66,40.0
building_energy,0.75,Appliances,Wh,88,observed,-65,60.0
building_energy,0.75,Appliances,Wh,88,observed,-64,60.0
building_energy,0.75,Appliances,Wh,88,observed,-63,60.0
building_energy,0.75,Appliances,Wh,88,observed,-62,60.0
building_energy,0.75,Appliances,Wh,88,observed,-61,50.0
building_energy,0.75,Appliances,Wh,88,observed,-60,50.0
building_energy,0.75,Appliances,Wh,88,observed,-59,60.0
building_energy,0.75,Appliances,Wh,88,observed,-58,40.0
building_energy,0.75,Appliances,Wh,88,observed,-57,60.0
building_energy,0.75,Appliances,Wh,88,observed,-56,50.0
building_energy,0.75,Appliances,Wh,88,observed,-55,90.0
building_energy,0.75,Appliances,Wh,88,observed,-54,80.0
building_energy,0.75,Appliances,Wh,88,observed,-53,50.0
building_energy,0.75,Appliances,Wh,88,observed,-52,60.0
building_energy,0.75,Appliances,Wh,88,observed,-51,60.0
building_energy,0.75,Appliances,Wh,88,observed,-50,220.0
building_energy,0.75,Appliances,Wh,88,observed,-49,190.0
building_energy,0.75,Appliances,Wh,88,observed,-48,120.0
building_energy,0.75,Appliances,Wh,88,observed,-47,70.0
building_energy,0.75,Appliances,Wh,88,observed,-46,50.0
building_energy,0.75,Appliances,Wh,88,observed,-45,150.0
building_energy,0.75,Appliances,Wh,88,observed,-44,130.0
building_energy,0.75,Appliances,Wh,88,observed,-43,120.0
building_energy,0.75,Appliances,Wh,88,observed,-42,110.0
building_energy,0.75,Appliances,Wh,88,observed,-41,80.0
building_energy,0.75,Appliances,Wh,88,observed,-40,100.0
building_energy,0.75,Appliances,Wh,88,observed,-39,100.0
building_energy,0.75,Appliances,Wh,88,observed,-38,100.0
building_energy,0.75,Appliances,Wh,88,observed,-37,70.0
building_energy,0.75,Appliances,Wh,88,observed,-36,80.0
building_energy,0.75,Appliances,Wh,88,observed,-35,80.0
building_energy,0.75,Appliances,Wh,88,observed,-34,200.0
building_energy,0.75,Appliances,Wh,88,observed,-33,110.0
building_energy,0.75,Appliances,Wh,88,observed,-32,110.0
building_energy,0.75,Appliances,Wh,88,observed,-31,100.0
building_energy,0.75,Appliances,Wh,88,observed,-30,100.0
building_energy,0.75,Appliances,Wh,88,observed,-29,110.0
building_energy,0.75,Appliances,Wh,88,observed,-28,100.0
building_energy,0.75,Appliances,Wh,88,observed,-27,110.0
building_energy,0.75,Appliances,Wh,88,observed,-26,110.0
building_energy,0.75,Appliances,Wh,88,observed,-25,90.0
building_energy,0.75,Appliances,Wh,88,observed,-24,100.0
building_energy,0.75,Appliances,Wh,88,observed,-23,90.0
building_energy,0.75,Appliances,Wh,88,observed,-22,110.0
building_energy,0.75,Appliances,Wh,88,observed,-21,100.0
building_energy,0.75,Appliances,Wh,88,observed,-20,90.0
building_energy,0.75,Appliances,Wh,88,observed,-19,110.0
building_energy,0.75,Appliances,Wh,88,observed,-18,110.0
building_energy,0.75,Appliances,Wh,88,observed,-17,100.0
building_energy,0.75,Appliances,Wh,88,observed,-16,260.0
building_energy,0.75,Appliances,Wh,88,observed,-15,160.0
building_energy,0.75,Appliances,Wh,88,observed,-14,80.0
building_energy,0.75,Appliances,Wh,88,observed,-13,80.0
building_energy,0.75,Appliances,Wh,88,observed,-12,90.0
building_energy,0.75,Appliances,Wh,88,observed,-11,90.0
building_energy,0.75,Appliances,Wh,88,observed,-10,70.0
building_energy,0.75,Appliances,Wh,88,observed,-9,100.0
building_energy,0.75,Appliances,Wh,88,observed,-8,100.0
building_energy,0.75,Appliances,Wh,88,observed,-7,100.0
building_energy,0.75,Appliances,Wh,88,observed,-6,80.0
building_energy,0.75,Appliances,Wh,88,observed,-5,90.0
building_energy,0.75,Appliances,Wh,88,observed,-4,100.0
building_energy,0.75,Appliances,Wh,88,observed,-3,90.0
building_energy,0.75,Appliances,Wh,88,observed,-2,100.0
building_energy,0.75,Appliances,Wh,88,observed,-1,100.0
building_energy,0.75,Appliances,Wh,88,observed,0,110.0
building_energy,0.75,Appliances,Wh,88,observed,1,130.0
building_energy,0.75,Appliances,Wh,88,observed,2,110.0
building_energy,0.75,Appliances,Wh,88,observed,3,110.0
building_energy,0.75,Appliances,Wh,88,observed,4,300.0
building_energy,0.75,Appliances,Wh,88,observed,5,360.0
building_energy,0.75,Appliances,Wh,88,observed,6,140.0
building_energy,0.75,Appliances,Wh,88,observed,7,100.0
building_energy,0.75,Appliances,Wh,88,observed,8,200.0
building_energy,0.75,Appliances,Wh,88,observed,9,330.0
building_energy,0.75,Appliances,Wh,88,observed,10,290.0
building_energy,0.75,Appliances,Wh,88,observed,11,120.0
building_energy,0.75,Appliances,Wh,88,observed,12,80.0
building_energy,0.75,Appliances,Wh,88,observed,13,80.0
building_energy,0.75,Appliances,Wh,88,observed,14,100.0
building_energy,0.75,Appliances,Wh,88,observed,15,110.0
building_energy,0.75,Appliances,Wh,88,observed,16,100.0
building_energy,0.75,Appliances,Wh,88,observed,17,110.0
building_energy,0.75,Appliances,Wh,88,observed,18,100.0
building_energy,0.75,Appliances,Wh,88,observed,19,100.0
building_energy,0.75,Appliances,Wh,88,observed,20,80.0
building_energy,0.75,Appliances,Wh,88,observed,21,100.0
building_energy,0.75,Appliances,Wh,88,observed,22,90.0
building_energy,0.75,Appliances,Wh,88,observed,23,100.0
building_energy,0.75,Appliances,Wh,88,observed,24,90.0
building_energy,0.75,Appliances,Wh,88,moirai,1,103.96134185791016
building_energy,0.75,Appliances,Wh,88,moirai,2,102.2554931640625
building_energy,0.75,Appliances,Wh,88,moirai,3,95.5937728881836
building_energy,0.75,Appliances,Wh,88,moirai,4,99.15582275390625
building_energy,0.75,Appliances,Wh,88,moirai,5,99.11543273925781
building_energy,0.75,Appliances,Wh,88,moirai,6,100.45820617675781
building_energy,0.75,Appliances,Wh,88,moirai,7,99.31659698486328
building_energy,0.75,Appliances,Wh,88,moirai,8,106.33343505859375
building_energy,0.75,Appliances,Wh,88,moirai,9,101.8824462890625
building_energy,0.75,Appliances,Wh,88,moirai,10,96.66461181640625
building_energy,0.75,Appliances,Wh,88,moirai,11,93.88314056396484
building_energy,0.75,Appliances,Wh,88,moirai,12,92.08799743652344
building_energy,0.75,Appliances,Wh,88,moirai,13,95.90354919433594
building_energy,0.75,Appliances,Wh,88,moirai,14,93.2930679321289
building_energy,0.75,Appliances,Wh,88,moirai,15,92.74246215820312
building_energy,0.75,Appliances,Wh,88,moirai,16,91.5783920288086
building_energy,0.75,Appliances,Wh,88,moirai,17,77.01275634765625
building_energy,0.75,Appliances,Wh,88,moirai,18,74.97166442871094
building_energy,0.75,Appliances,Wh,88,moirai,19,97.31105041503906
building_energy,0.75,Appliances,Wh,88,moirai,20,94.07019805908203
building_energy,0.75,Appliances,Wh,88,moirai,21,88.70430755615234
building_energy,0.75,Appliances,Wh,88,moirai,22,72.92930603027344
building_energy,0.75,Appliances,Wh,88,moirai,23,81.93770599365234
building_energy,0.75,Appliances,Wh,88,moirai,24,72.5335464477539
building_energy,0.75,Appliances,Wh,88,gaugeformer_v13,1,101.98066711425781
building_energy,0.75,Appliances,Wh,88,gaugeformer_v13,2,101.12774658203125
building_energy,0.75,Appliances,Wh,88,gaugeformer_v13,3,97.79689025878906
building_energy,0.75,Appliances,Wh,88,gaugeformer_v13,4,99.57791137695312
building_energy,0.75,Appliances,Wh,88,gaugeformer_v13,5,99.5577163696289
building_energy,0.75,Appliances,Wh,88,gaugeformer_v13,6,100.2291030883789
building_energy,0.75,Appliances,Wh,88,gaugeformer_v13,7,99.65829467773438
building_energy,0.75,Appliances,Wh,88,gaugeformer_v13,8,103.16671752929688
building_energy,0.75,Appliances,Wh,88,gaugeformer_v13,9,100.94122314453125
building_energy,0.75,Appliances,Wh,88,gaugeformer_v13,10,98.33230590820312
building_energy,0.75,Appliances,Wh,88,gaugeformer_v13,11,96.94157409667969
building_energy,0.75,Appliances,Wh,88,gaugeformer_v13,12,96.04399871826172
building_energy,0.75,Appliances,Wh,88,gaugeformer_v13,13,97.95177459716797
building_energy,0.75,Appliances,Wh,88,gaugeformer_v13,14,96.64653015136719
building_energy,0.75,Appliances,Wh,88,gaugeformer_v13,15,96.37123107910156
building_energy,0.75,Appliances,Wh,88,gaugeformer_v13,16,95.78919982910156
building_energy,0.75,Appliances,Wh,88,gaugeformer_v13,17,88.50637817382812
building_energy,0.75,Appliances,Wh,88,gaugeformer_v13,18,87.48583221435547
building_energy,0.75,Appliances,Wh,88,gaugeformer_v13,19,98.65552520751953
building_energy,0.75,Appliances,Wh,88,gaugeformer_v13,20,97.03509521484375
building_energy,0.75,Appliances,Wh,88,gaugeformer_v13,21,94.35215759277344
building_energy,0.75,Appliances,Wh,88,gaugeformer_v13,22,86.46465301513672
building_energy,0.75,Appliances,Wh,88,gaugeformer_v13,23,90.96885681152344
building_energy,0.75,Appliances,Wh,88,gaugeformer_v13,24,86.26676940917969
building_energy,0.25,Appliances,Wh,6,unitime,1,112.683349609375
building_energy,0.25,Appliances,Wh,6,unitime,2,131.194580078125
building_energy,0.25,Appliances,Wh,6,unitime,3,119.90078735351562
building_energy,0.25,Appliances,Wh,6,unitime,4,114.49014282226562
building_energy,0.25,Appliances,Wh,6,unitime,5,123.05756378173828
building_energy,0.25,Appliances,Wh,6,unitime,6,126.51686096191406
building_energy,0.25,Appliances,Wh,6,unitime,7,129.3137664794922
building_energy,0.25,Appliances,Wh,6,unitime,8,117.01777648925781
building_energy,0.25,Appliances,Wh,6,unitime,9,91.97216033935547
building_energy,0.25,Appliances,Wh,6,unitime,10,91.52189636230469
building_energy,0.25,Appliances,Wh,6,unitime,11,84.0026626586914
building_energy,0.25,Appliances,Wh,6,unitime,12,87.61886596679688
building_energy,0.25,Appliances,Wh,6,unitime,13,113.01751708984375
building_energy,0.25,Appliances,Wh,6,unitime,14,112.5536880493164
building_energy,0.25,Appliances,Wh,6,unitime,15,108.96025848388672
building_energy,0.25,Appliances,Wh,6,unitime,16,120.26448059082031
building_energy,0.25,Appliances,Wh,6,unitime,17,101.72235107421875
building_energy,0.25,Appliances,Wh,6,unitime,18,94.11945343017578
building_energy,0.25,Appliances,Wh,6,unitime,19,122.53579711914062
building_energy,0.25,Appliances,Wh,6,unitime,20,107.66677856445312
building_energy,0.25,Appliances,Wh,6,unitime,21,107.2337646484375
building_energy,0.25,Appliances,Wh,6,unitime,22,102.83444213867188
building_energy,0.25,Appliances,Wh,6,unitime,23,87.02200317382812
building_energy,0.25,Appliances,Wh,6,unitime,24,60.39221954345703
building_energy,0.75,Appliances,Wh,88,unitime,1,64.33296203613281
building_energy,0.75,Appliances,Wh,88,unitime,2,81.5055923461914
building_energy,0.75,Appliances,Wh,88,unitime,3,66.24420928955078
building_energy,0.75,Appliances,Wh,88,unitime,4,59.37447738647461
building_energy,0.75,Appliances,Wh,88,unitime,5,68.40210723876953
building_energy,0.75,Appliances,Wh,88,unitime,6,73.01789855957031
building_energy,0.75,Appliances,Wh,88,unitime,7,75.69158172607422
building_energy,0.75,Appliances,Wh,88,unitime,8,77.31086730957031
building_energy,0.75,Appliances,Wh,88,unitime,9,73.28646850585938
building_energy,0.75,Appliances,Wh,88,unitime,10,69.45845031738281
building_energy,0.75,Appliances,Wh,88,unitime,11,70.705322265625
building_energy,0.75,Appliances,Wh,88,unitime,12,80.28416442871094
building_energy,0.75,Appliances,Wh,88,unitime,13,86.05142974853516
building_energy,0.75,Appliances,Wh,88,unitime,14,83.4535903930664
building_energy,0.75,Appliances,Wh,88,unitime,15,83.16065216064453
building_energy,0.75,Appliances,Wh,88,unitime,16,84.74830627441406
building_energy,0.75,Appliances,Wh,88,unitime,17,79.94129943847656
building_energy,0.75,Appliances,Wh,88,unitime,18,85.01256561279297
building_energy,0.75,Appliances,Wh,88,unitime,19,86.48030090332031
building_energy,0.75,Appliances,Wh,88,unitime,20,91.29916381835938
building_energy,0.75,Appliances,Wh,88,unitime,21,81.7509994506836
building_energy,0.75,Appliances,Wh,88,unitime,22,84.97689819335938
building_energy,0.75,Appliances,Wh,88,unitime,23,83.52322387695312
building_energy,0.75,Appliances,Wh,88,unitime,24,70.77679443359375
building_energy,0.25,Appliances,Wh,6,timer_xl,1,58.93244552612305
building_energy,0.25,Appliances,Wh,6,timer_xl,2,44.65815353393555
building_energy,0.25,Appliances,Wh,6,timer_xl,3,42.79397201538086
building_energy,0.25,Appliances,Wh,6,timer_xl,4,44.11037063598633
building_energy,0.25,Appliances,Wh,6,timer_xl,5,39.585174560546875
building_energy,0.25,Appliances,Wh,6,timer_xl,6,42.91831588745117
building_energy,0.25,Appliances,Wh,6,timer_xl,7,49.522647857666016
building_energy,0.25,Appliances,Wh,6,timer_xl,8,48.05760955810547
building_energy,0.25,Appliances,Wh,6,timer_xl,9,48.00874328613281
building_energy,0.25,Appliances,Wh,6,timer_xl,10,44.185672760009766
building_energy,0.25,Appliances,Wh,6,timer_xl,11,38.996826171875
building_energy,0.25,Appliances,Wh,6,timer_xl,12,46.79922103881836
building_energy,0.25,Appliances,Wh,6,timer_xl,13,52.23377227783203
building_energy,0.25,Appliances,Wh,6,timer_xl,14,51.55265808105469
building_energy,0.25,Appliances,Wh,6,timer_xl,15,52.180198669433594
building_energy,0.25,Appliances,Wh,6,timer_xl,16,49.869285583496094
building_energy,0.25,Appliances,Wh,6,timer_xl,17,53.98920440673828
building_energy,0.25,Appliances,Wh,6,timer_xl,18,57.80390167236328
building_energy,0.25,Appliances,Wh,6,timer_xl,19,54.506465911865234
building_energy,0.25,Appliances,Wh,6,timer_xl,20,55.602169036865234
building_energy,0.25,Appliances,Wh,6,timer_xl,21,47.72714614868164
building_energy,0.25,Appliances,Wh,6,timer_xl,22,51.20415115356445
building_energy,0.25,Appliances,Wh,6,timer_xl,23,50.11948776245117
building_energy,0.25,Appliances,Wh,6,timer_xl,24,51.89474105834961
building_energy,0.75,Appliances,Wh,88,timer_xl,1,103.7852554321289
building_energy,0.75,Appliances,Wh,88,timer_xl,2,97.27519989013672
building_energy,0.75,Appliances,Wh,88,timer_xl,3,94.60110473632812
building_energy,0.75,Appliances,Wh,88,timer_xl,4,89.87396240234375
building_energy,0.75,Appliances,Wh,88,timer_xl,5,87.1287841796875
building_energy,0.75,Appliances,Wh,88,timer_xl,6,88.04954528808594
building_energy,0.75,Appliances,Wh,88,timer_xl,7,87.29926300048828
building_energy,0.75,Appliances,Wh,88,timer_xl,8,88.88906860351562
building_energy,0.75,Appliances,Wh,88,timer_xl,9,89.32819366455078
building_energy,0.75,Appliances,Wh,88,timer_xl,10,90.19181823730469
building_energy,0.75,Appliances,Wh,88,timer_xl,11,88.88809967041016
building_energy,0.75,Appliances,Wh,88,timer_xl,12,89.32164764404297
building_energy,0.75,Appliances,Wh,88,timer_xl,13,85.97647094726562
building_energy,0.75,Appliances,Wh,88,timer_xl,14,86.20367431640625
building_energy,0.75,Appliances,Wh,88,timer_xl,15,82.76817321777344
building_energy,0.75,Appliances,Wh,88,timer_xl,16,84.74787902832031
building_energy,0.75,Appliances,Wh,88,timer_xl,17,86.45227813720703
building_energy,0.75,Appliances,Wh,88,timer_xl,18,83.84002685546875
building_energy,0.75,Appliances,Wh,88,timer_xl,19,85.97145080566406
building_energy,0.75,Appliances,Wh,88,timer_xl,20,84.35836791992188
building_energy,0.75,Appliances,Wh,88,timer_xl,21,82.7768783569336
building_energy,0.75,Appliances,Wh,88,timer_xl,22,81.84317779541016
building_energy,0.75,Appliances,Wh,88,timer_xl,23,77.29833984375
building_energy,0.75,Appliances,Wh,88,timer_xl,24,79.74320983886719
building_energy,0.25,Appliances,Wh,6,gtm,1,72.58903503417969
building_energy,0.25,Appliances,Wh,6,gtm,2,66.12649536132812
building_energy,0.25,Appliances,Wh,6,gtm,3,73.52764129638672
building_energy,0.25,Appliances,Wh,6,gtm,4,70.69001770019531
building_energy,0.25,Appliances,Wh,6,gtm,5,71.51376342773438
building_energy,0.25,Appliances,Wh,6,gtm,6,69.06183624267578
building_energy,0.25,Appliances,Wh,6,gtm,7,69.0682144165039
building_energy,0.25,Appliances,Wh,6,gtm,8,76.08415222167969
building_energy,0.25,Appliances,Wh,6,gtm,9,51.34072494506836
building_energy,0.25,Appliances,Wh,6,gtm,10,35.206573486328125
building_energy,0.25,Appliances,Wh,6,gtm,11,35.12908172607422
building_energy,0.25,Appliances,Wh,6,gtm,12,53.66543960571289
building_energy,0.25,Appliances,Wh,6,gtm,13,69.9325942993164
building_energy,0.25,Appliances,Wh,6,gtm,14,82.20999145507812
building_energy,0.25,Appliances,Wh,6,gtm,15,81.72650909423828
building_energy,0.25,Appliances,Wh,6,gtm,16,82.01912689208984
building_energy,0.25,Appliances,Wh,6,gtm,17,79.82887268066406
building_energy,0.25,Appliances,Wh,6,gtm,18,77.47889709472656
building_energy,0.25,Appliances,Wh,6,gtm,19,81.61572265625
building_energy,0.25,Appliances,Wh,6,gtm,20,79.1888198852539
building_energy,0.25,Appliances,Wh,6,gtm,21,101.83987426757812
building_energy,0.25,Appliances,Wh,6,gtm,22,103.9086685180664
building_energy,0.25,Appliances,Wh,6,gtm,23,102.3541030883789
building_energy,0.25,Appliances,Wh,6,gtm,24,112.16156768798828
building_energy,0.75,Appliances,Wh,88,gtm,1,106.52395629882812
building_energy,0.75,Appliances,Wh,88,gtm,2,101.31031799316406
building_energy,0.75,Appliances,Wh,88,gtm,3,98.86724090576172
building_energy,0.75,Appliances,Wh,88,gtm,4,97.45491027832031
building_energy,0.75,Appliances,Wh,88,gtm,5,89.62612915039062
building_energy,0.75,Appliances,Wh,88,gtm,6,78.44620513916016
building_energy,0.75,Appliances,Wh,88,gtm,7,74.47962951660156
building_energy,0.75,Appliances,Wh,88,gtm,8,83.74149322509766
building_energy,0.75,Appliances,Wh,88,gtm,9,83.98749542236328
building_energy,0.75,Appliances,Wh,88,gtm,10,80.96119689941406
building_energy,0.75,Appliances,Wh,88,gtm,11,80.78179931640625
building_energy,0.75,Appliances,Wh,88,gtm,12,82.20023345947266
building_energy,0.75,Appliances,Wh,88,gtm,13,79.04558563232422
building_energy,0.75,Appliances,Wh,88,gtm,14,74.00912475585938
building_energy,0.75,Appliances,Wh,88,gtm,15,72.4323959350586
building_energy,0.75,Appliances,Wh,88,gtm,16,71.96003723144531
building_energy,0.75,Appliances,Wh,88,gtm,17,74.91978454589844
building_energy,0.75,Appliances,Wh,88,gtm,18,69.60552978515625
building_energy,0.75,Appliances,Wh,88,gtm,19,69.50875854492188
building_energy,0.75,Appliances,Wh,88,gtm,20,67.69674682617188
building_energy,0.75,Appliances,Wh,88,gtm,21,56.315433502197266
building_energy,0.75,Appliances,Wh,88,gtm,22,56.59217834472656
building_energy,0.75,Appliances,Wh,88,gtm,23,58.05885314941406
building_energy,0.75,Appliances,Wh,88,gtm,24,53.75014877319336
building_energy,0.25,Appliances,Wh,6,cpiri,1,58.9290771484375
building_energy,0.25,Appliances,Wh,6,cpiri,2,59.96484375
building_energy,0.25,Appliances,Wh,6,cpiri,3,59.09751510620117
building_energy,0.25,Appliances,Wh,6,cpiri,4,59.3193244934082
building_energy,0.25,Appliances,Wh,6,cpiri,5,59.632781982421875
building_energy,0.25,Appliances,Wh,6,cpiri,6,60.56499481201172
building_energy,0.25,Appliances,Wh,6,cpiri,7,60.377899169921875
building_energy,0.25,Appliances,Wh,6,cpiri,8,60.926204681396484
building_energy,0.25,Appliances,Wh,6,cpiri,9,60.976470947265625
building_energy,0.25,Appliances,Wh,6,cpiri,10,61.125274658203125
building_energy,0.25,Appliances,Wh,6,cpiri,11,61.446678161621094
building_energy,0.25,Appliances,Wh,6,cpiri,12,60.761722564697266
building_energy,0.25,Appliances,Wh,6,cpiri,13,62.75559616088867
building_energy,0.25,Appliances,Wh,6,cpiri,14,62.736515045166016
building_energy,0.25,Appliances,Wh,6,cpiri,15,62.08272171020508
building_energy,0.25,Appliances,Wh,6,cpiri,16,62.5526237487793
building_energy,0.25,Appliances,Wh,6,cpiri,17,65.100341796875
building_energy,0.25,Appliances,Wh,6,cpiri,18,65.01492309570312
building_energy,0.25,Appliances,Wh,6,cpiri,19,63.93349838256836
building_energy,0.25,Appliances,Wh,6,cpiri,20,66.99844360351562
building_energy,0.25,Appliances,Wh,6,cpiri,21,67.71900939941406
building_energy,0.25,Appliances,Wh,6,cpiri,22,70.86060333251953
building_energy,0.25,Appliances,Wh,6,cpiri,23,63.993167877197266
building_energy,0.25,Appliances,Wh,6,cpiri,24,69.08074188232422
building_energy,0.75,Appliances,Wh,88,cpiri,1,96.20250701904297
building_energy,0.75,Appliances,Wh,88,cpiri,2,99.75366973876953
building_energy,0.75,Appliances,Wh,88,cpiri,3,98.35423278808594
building_energy,0.75,Appliances,Wh,88,cpiri,4,98.43392944335938
building_energy,0.75,Appliances,Wh,88,cpiri,5,97.11795043945312
building_energy,0.75,Appliances,Wh,88,cpiri,6,97.90105438232422
building_energy,0.75,Appliances,Wh,88,cpiri,7,98.5423583984375
building_energy,0.75,Appliances,Wh,88,cpiri,8,96.66793823242188
building_energy,0.75,Appliances,Wh,88,cpiri,9,94.03419494628906
building_energy,0.75,Appliances,Wh,88,cpiri,10,92.60076141357422
building_energy,0.75,Appliances,Wh,88,cpiri,11,92.26691436767578
building_energy,0.75,Appliances,Wh,88,cpiri,12,93.25627136230469
building_energy,0.75,Appliances,Wh,88,cpiri,13,94.8845443725586
building_energy,0.75,Appliances,Wh,88,cpiri,14,95.0689697265625
building_energy,0.75,Appliances,Wh,88,cpiri,15,95.04118347167969
building_energy,0.75,Appliances,Wh,88,cpiri,16,96.19715881347656
building_energy,0.75,Appliances,Wh,88,cpiri,17,96.34136962890625
building_energy,0.75,Appliances,Wh,88,cpiri,18,96.00592803955078
building_energy,0.75,Appliances,Wh,88,cpiri,19,94.08808135986328
building_energy,0.75,Appliances,Wh,88,cpiri,20,95.96479034423828
building_energy,0.75,Appliances,Wh,88,cpiri,21,96.5123062133789
building_energy,0.75,Appliances,Wh,88,cpiri,22,98.2184829711914
building_energy,0.75,Appliances,Wh,88,cpiri,23,95.19084167480469
building_energy,0.75,Appliances,Wh,88,cpiri,24,97.31725311279297
hydraulic,0.25,PS1,bar,191,observed,-95,77.82799530029297
hydraulic,0.25,PS1,bar,191,observed,-94,190.23876953125
hydraulic,0.25,PS1,bar,191,observed,-93,185.71359252929688
hydraulic,0.25,PS1,bar,191,observed,-92,194.51210021972656
hydraulic,0.25,PS1,bar,191,observed,-91,188.96324157714844
hydraulic,0.25,PS1,bar,191,observed,-90,192.5789031982422
hydraulic,0.25,PS1,bar,191,observed,-89,190.269287109375
hydraulic,0.25,PS1,bar,191,observed,-88,191.65267944335938
hydraulic,0.25,PS1,bar,191,observed,-87,190.86285400390625
hydraulic,0.25,PS1,bar,191,observed,-86,191.20474243164062
hydraulic,0.25,PS1,bar,191,observed,-85,191.09140014648438
hydraulic,0.25,PS1,bar,191,observed,-84,191.0648956298828
hydraulic,0.25,PS1,bar,191,observed,-83,191.0551300048828
hydraulic,0.25,PS1,bar,191,observed,-82,191.03529357910156
hydraulic,0.25,PS1,bar,191,observed,-81,191.08436584472656
hydraulic,0.25,PS1,bar,191,observed,-80,191.02655029296875
hydraulic,0.25,PS1,bar,191,observed,-79,191.124267578125
hydraulic,0.25,PS1,bar,191,observed,-78,190.92308044433594
hydraulic,0.25,PS1,bar,191,observed,-77,191.45166015625
hydraulic,0.25,PS1,bar,191,observed,-76,188.2298126220703
hydraulic,0.25,PS1,bar,191,observed,-75,157.72569274902344
hydraulic,0.25,PS1,bar,191,observed,-74,147.09112548828125
hydraulic,0.25,PS1,bar,191,observed,-73,146.57916259765625
hydraulic,0.25,PS1,bar,191,observed,-72,145.90821838378906
hydraulic,0.25,PS1,bar,191,observed,-71,146.0978546142578
hydraulic,0.25,PS1,bar,191,observed,-70,145.92274475097656
hydraulic,0.25,PS1,bar,191,observed,-69,145.95252990722656
hydraulic,0.25,PS1,bar,191,observed,-68,145.89227294921875
hydraulic,0.25,PS1,bar,191,observed,-67,145.8827362060547
hydraulic,0.25,PS1,bar,191,observed,-66,145.86044311523438
hydraulic,0.25,PS1,bar,191,observed,-65,145.92184448242188
hydraulic,0.25,PS1,bar,191,observed,-64,145.8587646484375
hydraulic,0.25,PS1,bar,191,observed,-63,145.9025115966797
hydraulic,0.25,PS1,bar,191,observed,-62,145.77664184570312
hydraulic,0.25,PS1,bar,191,observed,-61,145.90940856933594
hydraulic,0.25,PS1,bar,191,observed,-60,145.71563720703125
hydraulic,0.25,PS1,bar,191,observed,-59,146.00074768066406
hydraulic,0.25,PS1,bar,191,observed,-58,145.4296875
hydraulic,0.25,PS1,bar,191,observed,-57,147.73545837402344
hydraulic,0.25,PS1,bar,191,observed,-56,155.42808532714844
hydraulic,0.25,PS1,bar,191,observed,-55,155.4999542236328
hydraulic,0.25,PS1,bar,191,observed,-54,155.5225830078125
hydraulic,0.25,PS1,bar,191,observed,-53,155.47677612304688
hydraulic,0.25,PS1,bar,191,observed,-52,155.44390869140625
hydraulic,0.25,PS1,bar,191,observed,-51,155.42562866210938
hydraulic,0.25,PS1,bar,191,observed,-50,155.427490234375
hydraulic,0.25,PS1,bar,191,observed,-49,155.42481994628906
hydraulic,0.25,PS1,bar,191,observed,-48,155.41281127929688
hydraulic,0.25,PS1,bar,191,observed,-47,155.36856079101562
hydraulic,0.25,PS1,bar,191,observed,-46,155.3469696044922
hydraulic,0.25,PS1,bar,191,observed,-45,155.4062957763672
hydraulic,0.25,PS1,bar,191,observed,-44,155.40985107421875
hydraulic,0.25,PS1,bar,191,observed,-43,155.35435485839844
hydraulic,0.25,PS1,bar,191,observed,-42,155.30641174316406
hydraulic,0.25,PS1,bar,191,observed,-41,155.36692810058594
hydraulic,0.25,PS1,bar,191,observed,-40,155.19358825683594
hydraulic,0.25,PS1,bar,191,observed,-39,155.53631591796875
hydraulic,0.25,PS1,bar,191,observed,-38,154.89549255371094
hydraulic,0.25,PS1,bar,191,observed,-37,157.14712524414062
hydraulic,0.25,PS1,bar,191,observed,-36,165.1261749267578
hydraulic,0.25,PS1,bar,191,observed,-35,165.3706817626953
hydraulic,0.25,PS1,bar,191,observed,-34,165.42681884765625
hydraulic,0.25,PS1,bar,191,observed,-33,165.29061889648438
hydraulic,0.25,PS1,bar,191,observed,-32,165.31744384765625
hydraulic,0.25,PS1,bar,191,observed,-31,165.2483367919922
hydraulic,0.25,PS1,bar,191,observed,-30,165.3623809814453
hydraulic,0.25,PS1,bar,191,observed,-29,165.22280883789062
hydraulic,0.25,PS1,bar,191,observed,-28,165.2386474609375
hydraulic,0.25,PS1,bar,191,observed,-27,165.23675537109375
hydraulic,0.25,PS1,bar,191,observed,-26,165.1794891357422
hydraulic,0.25,PS1,bar,191,observed,-25,165.23178100585938
hydraulic,0.25,PS1,bar,191,observed,-24,165.20997619628906
hydraulic,0.25,PS1,bar,191,observed,-23,165.20375061035156
hydraulic,0.25,PS1,bar,191,observed,-22,165.28123474121094
hydraulic,0.25,PS1,bar,191,observed,-21,165.1487274169922
hydraulic,0.25,PS1,bar,191,observed,-20,165.3528594970703
hydraulic,0.25,PS1,bar,191,observed,-19,165.07943725585938
hydraulic,0.25,PS1,bar,191,observed,-18,165.47689819335938
hydraulic,0.25,PS1,bar,191,observed,-17,163.70254516601562
hydraulic,0.25,PS1,bar,191,observed,-16,156.59487915039062
hydraulic,0.25,PS1,bar,191,observed,-15,155.75323486328125
hydraulic,0.25,PS1,bar,191,observed,-14,155.69187927246094
hydraulic,0.25,PS1,bar,191,observed,-13,155.61280822753906
hydraulic,0.25,PS1,bar,191,observed,-12,155.4906005859375
hydraulic,0.25,PS1,bar,191,observed,-11,155.5337371826172
hydraulic,0.25,PS1,bar,191,observed,-10,155.54481506347656
hydraulic,0.25,PS1,bar,191,observed,-9,155.47134399414062
hydraulic,0.25,PS1,bar,191,observed,-8,155.43972778320312
hydraulic,0.25,PS1,bar,191,observed,-7,155.46652221679688
hydraulic,0.25,PS1,bar,191,observed,-6,155.53152465820312
hydraulic,0.25,PS1,bar,191,observed,-5,155.42369079589844
hydraulic,0.25,PS1,bar,191,observed,-4,155.37445068359375
hydraulic,0.25,PS1,bar,191,observed,-3,155.43614196777344
hydraulic,0.25,PS1,bar,191,observed,-2,155.4597625732422
hydraulic,0.25,PS1,bar,191,observed,-1,155.4408416748047
hydraulic,0.25,PS1,bar,191,observed,0,155.46011352539062
hydraulic,0.25,PS1,bar,191,observed,1,155.322509765625
hydraulic,0.25,PS1,bar,191,observed,2,155.5345458984375
hydraulic,0.25,PS1,bar,191,observed,3,154.67303466796875
hydraulic,0.25,PS1,bar,191,observed,4,151.4600372314453
hydraulic,0.25,PS1,bar,191,observed,5,151.02285766601562
hydraulic,0.25,PS1,bar,191,observed,6,150.90318298339844
hydraulic,0.25,PS1,bar,191,observed,7,150.86376953125
hydraulic,0.25,PS1,bar,191,observed,8,150.83859252929688
hydraulic,0.25,PS1,bar,191,observed,9,150.84716796875
hydraulic,0.25,PS1,bar,191,observed,10,150.81585693359375
hydraulic,0.25,PS1,bar,191,observed,11,150.78390502929688
hydraulic,0.25,PS1,bar,191,observed,12,150.75994873046875
hydraulic,0.25,PS1,bar,191,observed,13,150.73504638671875
hydraulic,0.25,PS1,bar,191,observed,14,150.70953369140625
hydraulic,0.25,PS1,bar,191,observed,15,150.77029418945312
hydraulic,0.25,PS1,bar,191,observed,16,150.9054718017578
hydraulic,0.25,PS1,bar,191,observed,17,150.48619079589844
hydraulic,0.25,PS1,bar,191,observed,18,151.45101928710938
hydraulic,0.25,PS1,bar,191,observed,19,149.7142791748047
hydraulic,0.25,PS1,bar,191,observed,20,152.5150909423828
hydraulic,0.25,PS1,bar,191,observed,21,148.16856384277344
hydraulic,0.25,PS1,bar,191,observed,22,154.8186798095703
hydraulic,0.25,PS1,bar,191,observed,23,144.09661865234375
hydraulic,0.25,PS1,bar,191,observed,24,163.8664093017578
hydraulic,0.25,PS1,bar,191,moirai,1,155.50013732910156
hydraulic,0.25,PS1,bar,191,moirai,2,155.52816772460938
hydraulic,0.25,PS1,bar,191,moirai,3,155.55783081054688
hydraulic,0.25,PS1,bar,191,moirai,4,155.52667236328125
hydraulic,0.25,PS1,bar,191,moirai,5,155.48953247070312
hydraulic,0.25,PS1,bar,191,moirai,6,155.4956512451172
hydraulic,0.25,PS1,bar,191,moirai,7,155.53131103515625
hydraulic,0.25,PS1,bar,191,moirai,8,155.5511932373047
hydraulic,0.25,PS1,bar,191,moirai,9,155.56912231445312
hydraulic,0.25,PS1,bar,191,moirai,10,155.57574462890625
hydraulic,0.25,PS1,bar,191,moirai,11,155.52008056640625
hydraulic,0.25,PS1,bar,191,moirai,12,155.5555877685547
hydraulic,0.25,PS1,bar,191,moirai,13,155.537841796875
hydraulic,0.25,PS1,bar,191,moirai,14,155.51492309570312
hydraulic,0.25,PS1,bar,191,moirai,15,155.5015869140625
hydraulic,0.25,PS1,bar,191,moirai,16,155.5100860595703
hydraulic,0.25,PS1,bar,191,moirai,17,155.1621856689453
hydraulic,0.25,PS1,bar,191,moirai,18,155.28424072265625
hydraulic,0.25,PS1,bar,191,moirai,19,155.20718383789062
hydraulic,0.25,PS1,bar,191,moirai,20,155.46620178222656
hydraulic,0.25,PS1,bar,191,moirai,21,155.1598358154297
hydraulic,0.25,PS1,bar,191,moirai,22,155.26275634765625
hydraulic,0.25,PS1,bar,191,moirai,23,155.24632263183594
hydraulic,0.25,PS1,bar,191,moirai,24,155.36349487304688
hydraulic,0.25,PS1,bar,191,gaugeformer_v13,1,155.4693145751953
hydraulic,0.25,PS1,bar,191,gaugeformer_v13,2,155.48333740234375
hydraulic,0.25,PS1,bar,191,gaugeformer_v13,3,155.4981689453125
hydraulic,0.25,PS1,bar,191,gaugeformer_v13,4,155.48257446289062
hydraulic,0.25,PS1,bar,191,gaugeformer_v13,5,155.46401977539062
hydraulic,0.25,PS1,bar,191,gaugeformer_v13,6,155.46707153320312
hydraulic,0.25,PS1,bar,191,gaugeformer_v13,7,155.48489379882812
hydraulic,0.25,PS1,bar,191,gaugeformer_v13,8,155.49484252929688
hydraulic,0.25,PS1,bar,191,gaugeformer_v13,9,155.50381469726562
hydraulic,0.25,PS1,bar,191,gaugeformer_v13,10,155.50711059570312
hydraulic,0.25,PS1,bar,191,gaugeformer_v13,11,155.47927856445312
hydraulic,0.25,PS1,bar,191,gaugeformer_v13,12,155.49703979492188
hydraulic,0.25,PS1,bar,191,gaugeformer_v13,13,155.4881591796875
hydraulic,0.25,PS1,bar,191,gaugeformer_v13,14,155.47671508789062
hydraulic,0.25,PS1,bar,191,gaugeformer_v13,15,155.47003173828125
hydraulic,0.25,PS1,bar,191,gaugeformer_v13,16,155.4742889404297
hydraulic,0.25,PS1,bar,191,gaugeformer_v13,17,155.3003387451172
hydraulic,0.25,PS1,bar,191,gaugeformer_v13,18,155.36135864257812
hydraulic,0.25,PS1,bar,191,gaugeformer_v13,19,155.32284545898438
hydraulic,0.25,PS1,bar,191,gaugeformer_v13,20,155.4523468017578
hydraulic,0.25,PS1,bar,191,gaugeformer_v13,21,155.29916381835938
hydraulic,0.25,PS1,bar,191,gaugeformer_v13,22,155.35061645507812
hydraulic,0.25,PS1,bar,191,gaugeformer_v13,23,155.3424072265625
hydraulic,0.25,PS1,bar,191,gaugeformer_v13,24,155.4010009765625
hydraulic,0.75,PS1,bar,399,observed,-95,78.87230682373047
hydraulic,0.75,PS1,bar,399,observed,-94,194.4711456298828
hydraulic,0.75,PS1,bar,399,observed,-93,186.29083251953125
hydraulic,0.75,PS1,bar,399,observed,-92,194.98556518554688
hydraulic,0.75,PS1,bar,399,observed,-91,189.3075714111328
hydraulic,0.75,PS1,bar,399,observed,-90,192.85313415527344
hydraulic,0.75,PS1,bar,399,observed,-89,190.63739013671875
hydraulic,0.75,PS1,bar,399,observed,-88,192.00975036621094
hydraulic,0.75,PS1,bar,399,observed,-87,191.2491912841797
hydraulic,0.75,PS1,bar,399,observed,-86,191.58676147460938
hydraulic,0.75,PS1,bar,399,observed,-85,191.48265075683594
hydraulic,0.75,PS1,bar,399,observed,-84,191.45956420898438
hydraulic,0.75,PS1,bar,399,observed,-83,191.40469360351562
hydraulic,0.75,PS1,bar,399,observed,-82,191.50717163085938
hydraulic,0.75,PS1,bar,399,observed,-81,191.30206298828125
hydraulic,0.75,PS1,bar,399,observed,-80,191.63990783691406
hydraulic,0.75,PS1,bar,399,observed,-79,191.15919494628906
hydraulic,0.75,PS1,bar,399,observed,-78,191.92247009277344
hydraulic,0.75,PS1,bar,399,observed,-77,190.65383911132812
hydraulic,0.75,PS1,bar,399,observed,-76,192.6533966064453
hydraulic,0.75,PS1,bar,399,observed,-75,166.1228485107422
hydraulic,0.75,PS1,bar,399,observed,-74,147.36753845214844
hydraulic,0.75,PS1,bar,399,observed,-73,147.90708923339844
hydraulic,0.75,PS1,bar,399,observed,-72,146.41915893554688
hydraulic,0.75,PS1,bar,399,observed,-71,147.1822052001953
hydraulic,0.75,PS1,bar,399,observed,-70,146.64260864257812
hydraulic,0.75,PS1,bar,399,observed,-69,146.890380859375
hydraulic,0.75,PS1,bar,399,observed,-68,146.73358154296875
hydraulic,0.75,PS1,bar,399,observed,-67,146.7996063232422
hydraulic,0.75,PS1,bar,399,observed,-66,146.73110961914062
hydraulic,0.75,PS1,bar,399,observed,-65,146.76608276367188
hydraulic,0.75,PS1,bar,399,observed,-64,146.69873046875
hydraulic,0.75,PS1,bar,399,observed,-63,146.8578338623047
hydraulic,0.75,PS1,bar,399,observed,-62,146.68333435058594
hydraulic,0.75,PS1,bar,399,observed,-61,146.82142639160156
hydraulic,0.75,PS1,bar,399,observed,-60,146.5762176513672
hydraulic,0.75,PS1,bar,399,observed,-59,146.96597290039062
hydraulic,0.75,PS1,bar,399,observed,-58,146.36178588867188
hydraulic,0.75,PS1,bar,399,observed,-57,148.7249298095703
hydraulic,0.75,PS1,bar,399,observed,-56,156.5245361328125
hydraulic,0.75,PS1,bar,399,observed,-55,156.49819946289062
hydraulic,0.75,PS1,bar,399,observed,-54,156.58273315429688
hydraulic,0.75,PS1,bar,399,observed,-53,156.47325134277344
hydraulic,0.75,PS1,bar,399,observed,-52,156.57763671875
hydraulic,0.75,PS1,bar,399,observed,-51,156.53314208984375
hydraulic,0.75,PS1,bar,399,observed,-50,156.5172119140625
hydraulic,0.75,PS1,bar,399,observed,-49,156.49046325683594
hydraulic,0.75,PS1,bar,399,observed,-48,156.4812469482422
hydraulic,0.75,PS1,bar,399,observed,-47,156.4422149658203
hydraulic,0.75,PS1,bar,399,observed,-46,156.5171661376953
hydraulic,0.75,PS1,bar,399,observed,-45,156.4849395751953
hydraulic,0.75,PS1,bar,399,observed,-44,156.40228271484375
hydraulic,0.75,PS1,bar,399,observed,-43,156.4624481201172
hydraulic,0.75,PS1,bar,399,observed,-42,156.3929901123047
hydraulic,0.75,PS1,bar,399,observed,-41,156.51101684570312
hydraulic,0.75,PS1,bar,399,observed,-40,156.34361267089844
hydraulic,0.75,PS1,bar,399,observed,-39,156.66433715820312
hydraulic,0.75,PS1,bar,399,observed,-38,156.07496643066406
hydraulic,0.75,PS1,bar,399,observed,-37,158.17974853515625
hydraulic,0.75,PS1,bar,399,observed,-36,166.08920288085938
hydraulic,0.75,PS1,bar,399,observed,-35,166.4754180908203
hydraulic,0.75,PS1,bar,399,observed,-34,166.5123291015625
hydraulic,0.75,PS1,bar,399,observed,-33,166.28060913085938
hydraulic,0.75,PS1,bar,399,observed,-32,166.3703155517578
hydraulic,0.75,PS1,bar,399,observed,-31,166.38916015625
hydraulic,0.75,PS1,bar,399,observed,-30,166.29360961914062
hydraulic,0.75,PS1,bar,399,observed,-29,166.2869415283203
hydraulic,0.75,PS1,bar,399,observed,-28,166.28443908691406
hydraulic,0.75,PS1,bar,399,observed,-27,166.3291015625
hydraulic,0.75,PS1,bar,399,observed,-26,166.2736053466797
hydraulic,0.75,PS1,bar,399,observed,-25,166.25137329101562
hydraulic,0.75,PS1,bar,399,observed,-24,166.2423553466797
hydraulic,0.75,PS1,bar,399,observed,-23,166.1547393798828
hydraulic,0.75,PS1,bar,399,observed,-22,166.2185821533203
hydraulic,0.75,PS1,bar,399,observed,-21,166.13392639160156
hydraulic,0.75,PS1,bar,399,observed,-20,166.28335571289062
hydraulic,0.75,PS1,bar,399,observed,-19,165.9584197998047
hydraulic,0.75,PS1,bar,399,observed,-18,166.58901977539062
hydraulic,0.75,PS1,bar,399,observed,-17,164.52117919921875
hydraulic,0.75,PS1,bar,399,observed,-16,157.08338928222656
hydraulic,0.75,PS1,bar,399,observed,-15,156.62722778320312
hydraulic,0.75,PS1,bar,399,observed,-14,156.4059295654297
hydraulic,0.75,PS1,bar,399,observed,-13,156.4762725830078
hydraulic,0.75,PS1,bar,399,observed,-12,156.4580078125
hydraulic,0.75,PS1,bar,399,observed,-11,156.58016967773438
hydraulic,0.75,PS1,bar,399,observed,-10,156.5581512451172
hydraulic,0.75,PS1,bar,399,observed,-9,156.4628143310547
hydraulic,0.75,PS1,bar,399,observed,-8,156.48431396484375
hydraulic,0.75,PS1,bar,399,observed,-7,156.5417938232422
hydraulic,0.75,PS1,bar,399,observed,-6,156.439208984375
hydraulic,0.75,PS1,bar,399,observed,-5,156.41604614257812
hydraulic,0.75,PS1,bar,399,observed,-4,156.46157836914062
hydraulic,0.75,PS1,bar,399,observed,-3,156.4241180419922
hydraulic,0.75,PS1,bar,399,observed,-2,156.46560668945312
hydraulic,0.75,PS1,bar,399,observed,-1,156.47291564941406
hydraulic,0.75,PS1,bar,399,observed,0,156.54734802246094
hydraulic,0.75,PS1,bar,399,observed,1,156.41616821289062
hydraulic,0.75,PS1,bar,399,observed,2,156.6162567138672
hydraulic,0.75,PS1,bar,399,observed,3,155.78115844726562
hydraulic,0.75,PS1,bar,399,observed,4,152.26470947265625
hydraulic,0.75,PS1,bar,399,observed,5,151.9392852783203
hydraulic,0.75,PS1,bar,399,observed,6,151.79083251953125
hydraulic,0.75,PS1,bar,399,observed,7,151.85134887695312
hydraulic,0.75,PS1,bar,399,observed,8,151.7689666748047
hydraulic,0.75,PS1,bar,399,observed,9,151.78746032714844
hydraulic,0.75,PS1,bar,399,observed,10,151.7502899169922
hydraulic,0.75,PS1,bar,399,observed,11,151.75254821777344
hydraulic,0.75,PS1,bar,399,observed,12,151.7802734375
hydraulic,0.75,PS1,bar,399,observed,13,151.6787109375
hydraulic,0.75,PS1,bar,399,observed,14,151.6924285888672
hydraulic,0.75,PS1,bar,399,observed,15,151.63816833496094
hydraulic,0.75,PS1,bar,399,observed,16,151.8970184326172
hydraulic,0.75,PS1,bar,399,observed,17,151.4357452392578
hydraulic,0.75,PS1,bar,399,observed,18,152.37989807128906
hydraulic,0.75,PS1,bar,399,observed,19,150.6908416748047
hydraulic,0.75,PS1,bar,399,observed,20,153.3636016845703
hydraulic,0.75,PS1,bar,399,observed,21,149.13204956054688
hydraulic,0.75,PS1,bar,399,observed,22,155.76577758789062
hydraulic,0.75,PS1,bar,399,observed,23,144.9948272705078
hydraulic,0.75,PS1,bar,399,observed,24,164.90663146972656
hydraulic,0.75,PS1,bar,399,moirai,1,156.51495361328125
hydraulic,0.75,PS1,bar,399,moirai,2,156.565185546875
hydraulic,0.75,PS1,bar,399,moirai,3,156.57249450683594
hydraulic,0.75,PS1,bar,399,moirai,4,156.53884887695312
hydraulic,0.75,PS1,bar,399,moirai,5,156.50820922851562
hydraulic,0.75,PS1,bar,399,moirai,6,156.51356506347656
hydraulic,0.75,PS1,bar,399,moirai,7,156.5031280517578
hydraulic,0.75,PS1,bar,399,moirai,8,156.54653930664062
hydraulic,0.75,PS1,bar,399,moirai,9,156.5496063232422
hydraulic,0.75,PS1,bar,399,moirai,10,156.58482360839844
hydraulic,0.75,PS1,bar,399,moirai,11,156.54855346679688
hydraulic,0.75,PS1,bar,399,moirai,12,156.50872802734375
hydraulic,0.75,PS1,bar,399,moirai,13,156.4960174560547
hydraulic,0.75,PS1,bar,399,moirai,14,156.52700805664062
hydraulic,0.75,PS1,bar,399,moirai,15,156.5140380859375
hydraulic,0.75,PS1,bar,399,moirai,16,156.51986694335938
hydraulic,0.75,PS1,bar,399,moirai,17,156.27366638183594
hydraulic,0.75,PS1,bar,399,moirai,18,156.41041564941406
hydraulic,0.75,PS1,bar,399,moirai,19,156.4595489501953
hydraulic,0.75,PS1,bar,399,moirai,20,156.3441162109375
hydraulic,0.75,PS1,bar,399,moirai,21,156.44503784179688
hydraulic,0.75,PS1,bar,399,moirai,22,156.44395446777344
hydraulic,0.75,PS1,bar,399,moirai,23,156.55850219726562
hydraulic,0.75,PS1,bar,399,moirai,24,156.32809448242188
hydraulic,0.75,PS1,bar,399,gaugeformer_v13,1,156.48927307128906
hydraulic,0.75,PS1,bar,399,gaugeformer_v13,2,156.51438903808594
hydraulic,0.75,PS1,bar,399,gaugeformer_v13,3,156.51803588867188
hydraulic,0.75,PS1,bar,399,gaugeformer_v13,4,156.501220703125
hydraulic,0.75,PS1,bar,399,gaugeformer_v13,5,156.48590087890625
hydraulic,0.75,PS1,bar,399,gaugeformer_v13,6,156.48858642578125
hydraulic,0.75,PS1,bar,399,gaugeformer_v13,7,156.48336791992188
hydraulic,0.75,PS1,bar,399,gaugeformer_v13,8,156.50506591796875
hydraulic,0.75,PS1,bar,399,gaugeformer_v13,9,156.506591796875
hydraulic,0.75,PS1,bar,399,gaugeformer_v13,10,156.52420043945312
hydraulic,0.75,PS1,bar,399,gaugeformer_v13,11,156.50607299804688
hydraulic,0.75,PS1,bar,399,gaugeformer_v13,12,156.4861602783203
hydraulic,0.75,PS1,bar,399,gaugeformer_v13,13,156.47979736328125
hydraulic,0.75,PS1,bar,399,gaugeformer_v13,14,156.49530029296875
hydraulic,0.75,PS1,bar,399,gaugeformer_v13,15,156.4888153076172
hydraulic,0.75,PS1,bar,399,gaugeformer_v13,16,156.49172973632812
hydraulic,0.75,PS1,bar,399,gaugeformer_v13,17,156.36862182617188
hydraulic,0.75,PS1,bar,399,gaugeformer_v13,18,156.43701171875
hydraulic,0.75,PS1,bar,399,gaugeformer_v13,19,156.46157836914062
hydraulic,0.75,PS1,bar,399,gaugeformer_v13,20,156.4038543701172
hydraulic,0.75,PS1,bar,399,gaugeformer_v13,21,156.45431518554688
hydraulic,0.75,PS1,bar,399,gaugeformer_v13,22,156.45376586914062
hydraulic,0.75,PS1,bar,399,gaugeformer_v13,23,156.51104736328125
hydraulic,0.75,PS1,bar,399,gaugeformer_v13,24,156.39584350585938
hydraulic,0.25,PS1,bar,191,unitime,1,158.41677856445312
hydraulic,0.25,PS1,bar,191,unitime,2,159.27532958984375
hydraulic,0.25,PS1,bar,191,unitime,3,155.26686096191406
hydraulic,0.25,PS1,bar,191,unitime,4,157.36094665527344
hydraulic,0.25,PS1,bar,191,unitime,5,159.96893310546875
hydraulic,0.25,PS1,bar,191,unitime,6,159.87796020507812
hydraulic,0.25,PS1,bar,191,unitime,7,160.4192657470703
hydraulic,0.25,PS1,bar,191,unitime,8,160.42379760742188
hydraulic,0.25,PS1,bar,191,unitime,9,163.937744140625
hydraulic,0.25,PS1,bar,191,unitime,10,162.94671630859375
hydraulic,0.25,PS1,bar,191,unitime,11,163.84751892089844
hydraulic,0.25,PS1,bar,191,unitime,12,166.58172607421875
hydraulic,0.25,PS1,bar,191,unitime,13,163.01007080078125
hydraulic,0.25,PS1,bar,191,unitime,14,165.34951782226562
hydraulic,0.25,PS1,bar,191,unitime,15,164.50794982910156
hydraulic,0.25,PS1,bar,191,unitime,16,164.65789794921875
hydraulic,0.25,PS1,bar,191,unitime,17,164.4095916748047
hydraulic,0.25,PS1,bar,191,unitime,18,165.16502380371094
hydraulic,0.25,PS1,bar,191,unitime,19,164.3937530517578
hydraulic,0.25,PS1,bar,191,unitime,20,162.81822204589844
hydraulic,0.25,PS1,bar,191,unitime,21,166.69375610351562
hydraulic,0.25,PS1,bar,191,unitime,22,164.05552673339844
hydraulic,0.25,PS1,bar,191,unitime,23,162.68447875976562
hydraulic,0.25,PS1,bar,191,unitime,24,163.9140167236328
hydraulic,0.75,PS1,bar,399,unitime,1,159.33450317382812
hydraulic,0.75,PS1,bar,399,unitime,2,160.30984497070312
hydraulic,0.75,PS1,bar,399,unitime,3,156.24485778808594
hydraulic,0.75,PS1,bar,399,unitime,4,158.1253662109375
hydraulic,0.75,PS1,bar,399,unitime,5,160.98558044433594
hydraulic,0.75,PS1,bar,399,unitime,6,161.30084228515625
hydraulic,0.75,PS1,bar,399,unitime,7,161.76333618164062
hydraulic,0.75,PS1,bar,399,unitime,8,161.56407165527344
hydraulic,0.75,PS1,bar,399,unitime,9,165.1364288330078
hydraulic,0.75,PS1,bar,399,unitime,10,164.3500518798828
hydraulic,0.75,PS1,bar,399,unitime,11,165.28697204589844
hydraulic,0.75,PS1,bar,399,unitime,12,167.86729431152344
hydraulic,0.75,PS1,bar,399,unitime,13,164.18072509765625
hydraulic,0.75,PS1,bar,399,unitime,14,166.72293090820312
hydraulic,0.75,PS1,bar,399,unitime,15,165.77491760253906
hydraulic,0.75,PS1,bar,399,unitime,16,165.80686950683594
hydraulic,0.75,PS1,bar,399,unitime,17,165.68080139160156
hydraulic,0.75,PS1,bar,399,unitime,18,166.31271362304688
hydraulic,0.75,PS1,bar,399,unitime,19,165.40994262695312
hydraulic,0.75,PS1,bar,399,unitime,20,164.03842163085938
hydraulic,0.75,PS1,bar,399,unitime,21,167.67529296875
hydraulic,0.75,PS1,bar,399,unitime,22,164.99832153320312
hydraulic,0.75,PS1,bar,399,unitime,23,163.874267578125
hydraulic,0.75,PS1,bar,399,unitime,24,165.0709228515625
hydraulic,0.25,PS1,bar,191,timer_xl,1,152.76026916503906
hydraulic,0.25,PS1,bar,191,timer_xl,2,159.17745971679688
hydraulic,0.25,PS1,bar,191,timer_xl,3,159.5233154296875
hydraulic,0.25,PS1,bar,191,timer_xl,4,159.74664306640625
hydraulic,0.25,PS1,bar,191,timer_xl,5,158.37411499023438
hydraulic,0.25,PS1,bar,191,timer_xl,6,158.179931640625
hydraulic,0.25,PS1,bar,191,timer_xl,7,157.82681274414062
hydraulic,0.25,PS1,bar,191,timer_xl,8,157.87884521484375
hydraulic,0.25,PS1,bar,191,timer_xl,9,157.90902709960938
hydraulic,0.25,PS1,bar,191,timer_xl,10,157.85940551757812
hydraulic,0.25,PS1,bar,191,timer_xl,11,157.390380859375
hydraulic,0.25,PS1,bar,191,timer_xl,12,156.93821716308594
hydraulic,0.25,PS1,bar,191,timer_xl,13,157.70252990722656
hydraulic,0.25,PS1,bar,191,timer_xl,14,157.35317993164062
hydraulic,0.25,PS1,bar,191,timer_xl,15,156.97000122070312
hydraulic,0.25,PS1,bar,191,timer_xl,16,156.8001708984375
hydraulic,0.25,PS1,bar,191,timer_xl,17,157.7996368408203
hydraulic,0.25,PS1,bar,191,timer_xl,18,158.93910217285156
hydraulic,0.25,PS1,bar,191,timer_xl,19,158.044677734375
hydraulic,0.25,PS1,bar,191,timer_xl,20,158.61679077148438
hydraulic,0.25,PS1,bar,191,timer_xl,21,156.33209228515625
hydraulic,0.25,PS1,bar,191,timer_xl,22,153.55364990234375
hydraulic,0.25,PS1,bar,191,timer_xl,23,153.12879943847656
hydraulic,0.25,PS1,bar,191,timer_xl,24,152.1547393798828
hydraulic,0.75,PS1,bar,399,timer_xl,1,152.71864318847656
hydraulic,0.75,PS1,bar,399,timer_xl,2,159.6204071044922
hydraulic,0.75,PS1,bar,399,timer_xl,3,160.3594207763672
hydraulic,0.75,PS1,bar,399,timer_xl,4,160.62057495117188
hydraulic,0.75,PS1,bar,399,timer_xl,5,159.91041564941406
hydraulic,0.75,PS1,bar,399,timer_xl,6,160.74282836914062
hydraulic,0.75,PS1,bar,399,timer_xl,7,161.24497985839844
hydraulic,0.75,PS1,bar,399,timer_xl,8,161.74342346191406
hydraulic,0.75,PS1,bar,399,timer_xl,9,160.95980834960938
hydraulic,0.75,PS1,bar,399,timer_xl,10,161.52639770507812
hydraulic,0.75,PS1,bar,399,timer_xl,11,161.5115509033203
hydraulic,0.75,PS1,bar,399,timer_xl,12,161.70188903808594
hydraulic,0.75,PS1,bar,399,timer_xl,13,162.7357177734375
hydraulic,0.75,PS1,bar,399,timer_xl,14,162.0126953125
hydraulic,0.75,PS1,bar,399,timer_xl,15,161.7928466796875
hydraulic,0.75,PS1,bar,399,timer_xl,16,162.29925537109375
hydraulic,0.75,PS1,bar,399,timer_xl,17,162.39100646972656
hydraulic,0.75,PS1,bar,399,timer_xl,18,163.8738555908203
hydraulic,0.75,PS1,bar,399,timer_xl,19,162.60324096679688
hydraulic,0.75,PS1,bar,399,timer_xl,20,162.58302307128906
hydraulic,0.75,PS1,bar,399,timer_xl,21,160.76409912109375
hydraulic,0.75,PS1,bar,399,timer_xl,22,157.97755432128906
hydraulic,0.75,PS1,bar,399,timer_xl,23,157.5219268798828
hydraulic,0.75,PS1,bar,399,timer_xl,24,156.5440216064453
hydraulic,0.25,PS1,bar,191,gtm,1,157.4290008544922
hydraulic,0.25,PS1,bar,191,gtm,2,164.06564331054688
hydraulic,0.25,PS1,bar,191,gtm,3,166.73562622070312
hydraulic,0.25,PS1,bar,191,gtm,4,165.26626586914062
hydraulic,0.25,PS1,bar,191,gtm,5,163.72705078125
hydraulic,0.25,PS1,bar,191,gtm,6,161.76025390625
hydraulic,0.25,PS1,bar,191,gtm,7,162.7693328857422
hydraulic,0.25,PS1,bar,191,gtm,8,161.88095092773438
hydraulic,0.25,PS1,bar,191,gtm,9,159.4108123779297
hydraulic,0.25,PS1,bar,191,gtm,10,160.74395751953125
hydraulic,0.25,PS1,bar,191,gtm,11,158.11732482910156
hydraulic,0.25,PS1,bar,191,gtm,12,159.30824279785156
hydraulic,0.25,PS1,bar,191,gtm,13,160.12696838378906
hydraulic,0.25,PS1,bar,191,gtm,14,160.54141235351562
hydraulic,0.25,PS1,bar,191,gtm,15,160.10203552246094
hydraulic,0.25,PS1,bar,191,gtm,16,160.94320678710938
hydraulic,0.25,PS1,bar,191,gtm,17,162.718017578125
hydraulic,0.25,PS1,bar,191,gtm,18,166.06092834472656
hydraulic,0.25,PS1,bar,191,gtm,19,164.28408813476562
hydraulic,0.25,PS1,bar,191,gtm,20,163.15301513671875
hydraulic,0.25,PS1,bar,191,gtm,21,158.2159881591797
hydraulic,0.25,PS1,bar,191,gtm,22,156.30198669433594
hydraulic,0.25,PS1,bar,191,gtm,23,156.87619018554688
hydraulic,0.25,PS1,bar,191,gtm,24,154.73843383789062
hydraulic,0.75,PS1,bar,399,gtm,1,158.63186645507812
hydraulic,0.75,PS1,bar,399,gtm,2,165.49168395996094
hydraulic,0.75,PS1,bar,399,gtm,3,168.1361846923828
hydraulic,0.75,PS1,bar,399,gtm,4,166.71531677246094
hydraulic,0.75,PS1,bar,399,gtm,5,165.00344848632812
hydraulic,0.75,PS1,bar,399,gtm,6,162.992431640625
hydraulic,0.75,PS1,bar,399,gtm,7,164.13633728027344
hydraulic,0.75,PS1,bar,399,gtm,8,163.34329223632812
hydraulic,0.75,PS1,bar,399,gtm,9,160.88836669921875
hydraulic,0.75,PS1,bar,399,gtm,10,162.20994567871094
hydraulic,0.75,PS1,bar,399,gtm,11,159.5680694580078
hydraulic,0.75,PS1,bar,399,gtm,12,160.78623962402344
hydraulic,0.75,PS1,bar,399,gtm,13,161.5293426513672
hydraulic,0.75,PS1,bar,399,gtm,14,161.90325927734375
hydraulic,0.75,PS1,bar,399,gtm,15,161.38998413085938
hydraulic,0.75,PS1,bar,399,gtm,16,162.2917022705078
hydraulic,0.75,PS1,bar,399,gtm,17,164.0343475341797
hydraulic,0.75,PS1,bar,399,gtm,18,167.3905029296875
hydraulic,0.75,PS1,bar,399,gtm,19,165.69064331054688
hydraulic,0.75,PS1,bar,399,gtm,20,164.79148864746094
hydraulic,0.75,PS1,bar,399,gtm,21,160.05612182617188
hydraulic,0.75,PS1,bar,399,gtm,22,157.71240234375
hydraulic,0.75,PS1,bar,399,gtm,23,158.10501098632812
hydraulic,0.75,PS1,bar,399,gtm,24,155.86766052246094
hydraulic,0.25,PS1,bar,191,cpiri,1,154.20498657226562
hydraulic,0.25,PS1,bar,191,cpiri,2,154.1094970703125
hydraulic,0.25,PS1,bar,191,cpiri,3,154.09197998046875
hydraulic,0.25,PS1,bar,191,cpiri,4,154.14990234375
hydraulic,0.25,PS1,bar,191,cpiri,5,153.85655212402344
hydraulic,0.25,PS1,bar,191,cpiri,6,153.89208984375
hydraulic,0.25,PS1,bar,191,cpiri,7,153.66734313964844
hydraulic,0.25,PS1,bar,191,cpiri,8,153.85873413085938
hydraulic,0.25,PS1,bar,191,cpiri,9,153.73512268066406
hydraulic,0.25,PS1,bar,191,cpiri,10,153.89590454101562
hydraulic,0.25,PS1,bar,191,cpiri,11,153.84896850585938
hydraulic,0.25,PS1,bar,191,cpiri,12,153.69256591796875
hydraulic,0.25,PS1,bar,191,cpiri,13,153.81155395507812
hydraulic,0.25,PS1,bar,191,cpiri,14,153.6026611328125
hydraulic,0.25,PS1,bar,191,cpiri,15,153.4680633544922
hydraulic,0.25,PS1,bar,191,cpiri,16,153.30239868164062
hydraulic,0.25,PS1,bar,191,cpiri,17,153.11502075195312
hydraulic,0.25,PS1,bar,191,cpiri,18,153.32415771484375
hydraulic,0.25,PS1,bar,191,cpiri,19,153.47610473632812
hydraulic,0.25,PS1,bar,191,cpiri,20,153.67428588867188
hydraulic,0.25,PS1,bar,191,cpiri,21,153.69631958007812
hydraulic,0.25,PS1,bar,191,cpiri,22,153.6009979248047
hydraulic,0.25,PS1,bar,191,cpiri,23,153.5914306640625
hydraulic,0.25,PS1,bar,191,cpiri,24,153.8327178955078
hydraulic,0.75,PS1,bar,399,cpiri,1,155.02947998046875
hydraulic,0.75,PS1,bar,399,cpiri,2,154.9373779296875
hydraulic,0.75,PS1,bar,399,cpiri,3,154.853759765625
hydraulic,0.75,PS1,bar,399,cpiri,4,154.87315368652344
hydraulic,0.75,PS1,bar,399,cpiri,5,154.58616638183594
hydraulic,0.75,PS1,bar,399,cpiri,6,154.64817810058594
hydraulic,0.75,PS1,bar,399,cpiri,7,154.42013549804688
hydraulic,0.75,PS1,bar,399,cpiri,8,154.64678955078125
hydraulic,0.75,PS1,bar,399,cpiri,9,154.5553741455078
hydraulic,0.75,PS1,bar,399,cpiri,10,154.7310791015625
hydraulic,0.75,PS1,bar,399,cpiri,11,154.67942810058594
hydraulic,0.75,PS1,bar,399,cpiri,12,154.54615783691406
hydraulic,0.75,PS1,bar,399,cpiri,13,154.71568298339844
hydraulic,0.75,PS1,bar,399,cpiri,14,154.49757385253906
hydraulic,0.75,PS1,bar,399,cpiri,15,154.3551025390625
hydraulic,0.75,PS1,bar,399,cpiri,16,154.17626953125
hydraulic,0.75,PS1,bar,399,cpiri,17,153.9977569580078
hydraulic,0.75,PS1,bar,399,cpiri,18,154.17738342285156
hydraulic,0.75,PS1,bar,399,cpiri,19,154.3206329345703
hydraulic,0.75,PS1,bar,399,cpiri,20,154.56166076660156
hydraulic,0.75,PS1,bar,399,cpiri,21,154.5369110107422
hydraulic,0.75,PS1,bar,399,cpiri,22,154.4627227783203
hydraulic,0.75,PS1,bar,399,cpiri,23,154.49005126953125
hydraulic,0.75,PS1,bar,399,cpiri,24,154.71742248535156
metropt,0.25,TP2,bar,31432,observed,-95,6.478000164031982
metropt,0.25,TP2,bar,31432,observed,-94,8.699999809265137
metropt,0.25,TP2,bar,31432,observed,-93,8.218000411987305
metropt,0.25,TP2,bar,31432,observed,-92,8.907999992370605
metropt,0.25,TP2,bar,31432,observed,-91,9.142000198364258
metropt,0.25,TP2,bar,31432,observed,-90,9.319999694824219
metropt,0.25,TP2,bar,31432,observed,-89,9.435999870300293
metropt,0.25,TP2,bar,31432,observed,-88,9.657999992370605
metropt,0.25,TP2,bar,31432,observed,-87,7.197999954223633
metropt,0.25,TP2,bar,31432,observed,-86,9.763999938964844
metropt,0.25,TP2,bar,31432,observed,-85,9.949999809265137
metropt,0.25,TP2,bar,31432,observed,-84,10.112000465393066
metropt,0.25,TP2,bar,31432,observed,-83,10.277999877929688
metropt,0.25,TP2,bar,31432,observed,-82,10.444000244140625
metropt,0.25,TP2,bar,31432,observed,-81,10.065999984741211
metropt,0.25,TP2,bar,31432,observed,-80,-0.026000000536441803
metropt,0.25,TP2,bar,31432,observed,-79,-0.02199999988079071
metropt,0.25,TP2,bar,31432,observed,-78,-0.019999999552965164
metropt,0.25,TP2,bar,31432,observed,-77,-0.017999999225139618
metropt,0.25,TP2,bar,31432,observed,-76,-0.01600000075995922
metropt,0.25,TP2,bar,31432,observed,-75,-0.01600000075995922
metropt,0.25,TP2,bar,31432,observed,-74,-0.014000000432133675
metropt,0.25,TP2,bar,31432,observed,-73,-0.01600000075995922
metropt,0.25,TP2,bar,31432,observed,-72,-0.01600000075995922
metropt,0.25,TP2,bar,31432,observed,-71,-0.012000000104308128
metropt,0.25,TP2,bar,31432,observed,-70,-0.012000000104308128
metropt,0.25,TP2,bar,31432,observed,-69,-0.009999999776482582
metropt,0.25,TP2,bar,31432,observed,-68,-0.012000000104308128
metropt,0.25,TP2,bar,31432,observed,-67,-0.012000000104308128
metropt,0.25,TP2,bar,31432,observed,-66,-0.012000000104308128
metropt,0.25,TP2,bar,31432,observed,-65,-0.012000000104308128
metropt,0.25,TP2,bar,31432,observed,-64,-0.012000000104308128
metropt,0.25,TP2,bar,31432,observed,-63,-0.012000000104308128
metropt,0.25,TP2,bar,31432,observed,-62,-0.012000000104308128
metropt,0.25,TP2,bar,31432,observed,-61,-0.012000000104308128
metropt,0.25,TP2,bar,31432,observed,-60,-0.009999999776482582
metropt,0.25,TP2,bar,31432,observed,-59,-0.009999999776482582
metropt,0.25,TP2,bar,31432,observed,-58,-0.009999999776482582
metropt,0.25,TP2,bar,31432,observed,-57,-0.009999999776482582
metropt,0.25,TP2,bar,31432,observed,-56,-0.009999999776482582
metropt,0.25,TP2,bar,31432,observed,-55,-0.00800000037997961
metropt,0.25,TP2,bar,31432,observed,-54,-0.012000000104308128
metropt,0.25,TP2,bar,31432,observed,-53,-0.014000000432133675
metropt,0.25,TP2,bar,31432,observed,-52,-0.012000000104308128
metropt,0.25,TP2,bar,31432,observed,-51,-0.012000000104308128
metropt,0.25,TP2,bar,31432,observed,-50,-0.009999999776482582
metropt,0.25,TP2,bar,31432,observed,-49,-0.009999999776482582
metropt,0.25,TP2,bar,31432,observed,-48,-0.012000000104308128
metropt,0.25,TP2,bar,31432,observed,-47,-0.012000000104308128
metropt,0.25,TP2,bar,31432,observed,-46,-0.012000000104308128
metropt,0.25,TP2,bar,31432,observed,-45,-0.009999999776482582
metropt,0.25,TP2,bar,31432,observed,-44,-0.012000000104308128
metropt,0.25,TP2,bar,31432,observed,-43,-0.012000000104308128
metropt,0.25,TP2,bar,31432,observed,-42,-0.012000000104308128
metropt,0.25,TP2,bar,31432,observed,-41,-0.012000000104308128
metropt,0.25,TP2,bar,31432,observed,-40,-0.012000000104308128
metropt,0.25,TP2,bar,31432,observed,-39,-0.012000000104308128
metropt,0.25,TP2,bar,31432,observed,-38,-0.009999999776482582
metropt,0.25,TP2,bar,31432,observed,-37,-0.009999999776482582
metropt,0.25,TP2,bar,31432,observed,-36,-0.012000000104308128
metropt,0.25,TP2,bar,31432,observed,-35,-0.012000000104308128
metropt,0.25,TP2,bar,31432,observed,-34,-0.009999999776482582
metropt,0.25,TP2,bar,31432,observed,-33,-0.009999999776482582
metropt,0.25,TP2,bar,31432,observed,-32,-0.012000000104308128
metropt,0.25,TP2,bar,31432,observed,-31,-0.012000000104308128
metropt,0.25,TP2,bar,31432,observed,-30,-0.012000000104308128
metropt,0.25,TP2,bar,31432,observed,-29,-0.012000000104308128
metropt,0.25,TP2,bar,31432,observed,-28,-0.012000000104308128
metropt,0.25,TP2,bar,31432,observed,-27,-0.012000000104308128
metropt,0.25,TP2,bar,31432,observed,-26,-0.012000000104308128
metropt,0.25,TP2,bar,31432,observed,-25,-0.012000000104308128
metropt,0.25,TP2,bar,31432,observed,-24,-0.009999999776482582
metropt,0.25,TP2,bar,31432,observed,-23,-0.014000000432133675
metropt,0.25,TP2,bar,31432,observed,-22,-0.009999999776482582
metropt,0.25,TP2,bar,31432,observed,-21,-0.012000000104308128
metropt,0.25,TP2,bar,31432,observed,-20,-0.012000000104308128
metropt,0.25,TP2,bar,31432,observed,-19,-0.012000000104308128
metropt,0.25,TP2,bar,31432,observed,-18,-0.014000000432133675
metropt,0.25,TP2,bar,31432,observed,-17,-0.014000000432133675
metropt,0.25,TP2,bar,31432,observed,-16,-0.012000000104308128
metropt,0.25,TP2,bar,31432,observed,-15,-0.012000000104308128
metropt,0.25,TP2,bar,31432,observed,-14,-0.012000000104308128
metropt,0.25,TP2,bar,31432,observed,-13,-0.012000000104308128
metropt,0.25,TP2,bar,31432,observed,-12,-0.012000000104308128
metropt,0.25,TP2,bar,31432,observed,-11,-0.014000000432133675
metropt,0.25,TP2,bar,31432,observed,-10,-0.012000000104308128
metropt,0.25,TP2,bar,31432,observed,-9,-0.014000000432133675
metropt,0.25,TP2,bar,31432,observed,-8,-0.01600000075995922
metropt,0.25,TP2,bar,31432,observed,-7,-0.014000000432133675
metropt,0.25,TP2,bar,31432,observed,-6,-0.009999999776482582
metropt,0.25,TP2,bar,31432,observed,-5,-0.014000000432133675
metropt,0.25,TP2,bar,31432,observed,-4,-0.012000000104308128
metropt,0.25,TP2,bar,31432,observed,-3,-0.012000000104308128
metropt,0.25,TP2,bar,31432,observed,-2,-0.014000000432133675
metropt,0.25,TP2,bar,31432,observed,-1,-0.012000000104308128
metropt,0.25,TP2,bar,31432,observed,0,-0.014000000432133675
metropt,0.25,TP2,bar,31432,observed,1,-0.012000000104308128
metropt,0.25,TP2,bar,31432,observed,2,-0.012000000104308128
metropt,0.25,TP2,bar,31432,observed,3,-0.012000000104308128
metropt,0.25,TP2,bar,31432,observed,4,-0.012000000104308128
metropt,0.25,TP2,bar,31432,observed,5,-0.014000000432133675
metropt,0.25,TP2,bar,31432,observed,6,-0.012000000104308128
metropt,0.25,TP2,bar,31432,observed,7,-0.012000000104308128
metropt,0.25,TP2,bar,31432,observed,8,-0.012000000104308128
metropt,0.25,TP2,bar,31432,observed,9,-0.012000000104308128
metropt,0.25,TP2,bar,31432,observed,10,-0.014000000432133675
metropt,0.25,TP2,bar,31432,observed,11,-0.012000000104308128
metropt,0.25,TP2,bar,31432,observed,12,-0.012000000104308128
metropt,0.25,TP2,bar,31432,observed,13,-0.014000000432133675
metropt,0.25,TP2,bar,31432,observed,14,-0.014000000432133675
metropt,0.25,TP2,bar,31432,observed,15,-0.012000000104308128
metropt,0.25,TP2,bar,31432,observed,16,-0.012000000104308128
metropt,0.25,TP2,bar,31432,observed,17,-0.01600000075995922
metropt,0.25,TP2,bar,31432,observed,18,-0.014000000432133675
metropt,0.25,TP2,bar,31432,observed,19,-0.014000000432133675
metropt,0.25,TP2,bar,31432,observed,20,-0.012000000104308128
metropt,0.25,TP2,bar,31432,observed,21,-0.014000000432133675
metropt,0.25,TP2,bar,31432,observed,22,-0.014000000432133675
metropt,0.25,TP2,bar,31432,observed,23,-0.012000000104308128
metropt,0.25,TP2,bar,31432,observed,24,-0.012000000104308128
metropt,0.25,TP2,bar,31432,moirai,1,-0.01244962215423584
metropt,0.25,TP2,bar,31432,moirai,2,-0.012551426887512207
metropt,0.25,TP2,bar,31432,moirai,3,-0.012193918228149414
metropt,0.25,TP2,bar,31432,moirai,4,-0.012393951416015625
metropt,0.25,TP2,bar,31432,moirai,5,-0.012552499771118164
metropt,0.25,TP2,bar,31432,moirai,6,-0.012819170951843262
metropt,0.25,TP2,bar,31432,moirai,7,-0.012777328491210938
metropt,0.25,TP2,bar,31432,moirai,8,-0.012762308120727539
metropt,0.25,TP2,bar,31432,moirai,9,-0.012993812561035156
metropt,0.25,TP2,bar,31432,moirai,10,-0.013029098510742188
metropt,0.25,TP2,bar,31432,moirai,11,-0.01273643970489502
metropt,0.25,TP2,bar,31432,moirai,12,-0.012815356254577637
metropt,0.25,TP2,bar,31432,moirai,13,-0.013014554977416992
metropt,0.25,TP2,bar,31432,moirai,14,-0.012795567512512207
metropt,0.25,TP2,bar,31432,moirai,15,-0.012735247611999512
metropt,0.25,TP2,bar,31432,moirai,16,-0.012774348258972168
metropt,0.25,TP2,bar,31432,moirai,17,-0.012790322303771973
metropt,0.25,TP2,bar,31432,moirai,18,-0.012601256370544434
metropt,0.25,TP2,bar,31432,moirai,19,-0.012517213821411133
metropt,0.25,TP2,bar,31432,moirai,20,-0.01239001750946045
metropt,0.25,TP2,bar,31432,moirai,21,-0.012488365173339844
metropt,0.25,TP2,bar,31432,moirai,22,-0.012705445289611816
metropt,0.25,TP2,bar,31432,moirai,23,-0.012742757797241211
metropt,0.25,TP2,bar,31432,moirai,24,-0.012760400772094727
metropt,0.25,TP2,bar,31432,gaugeformer_v13,1,-0.01244962215423584
metropt,0.25,TP2,bar,31432,gaugeformer_v13,2,-0.012551426887512207
metropt,0.25,TP2,bar,31432,gaugeformer_v13,3,-0.012193918228149414
metropt,0.25,TP2,bar,31432,gaugeformer_v13,4,-0.012393951416015625
metropt,0.25,TP2,bar,31432,gaugeformer_v13,5,-0.012552499771118164
metropt,0.25,TP2,bar,31432,gaugeformer_v13,6,-0.012819170951843262
metropt,0.25,TP2,bar,31432,gaugeformer_v13,7,-0.012777328491210938
metropt,0.25,TP2,bar,31432,gaugeformer_v13,8,-0.012762308120727539
metropt,0.25,TP2,bar,31432,gaugeformer_v13,9,-0.012993812561035156
metropt,0.25,TP2,bar,31432,gaugeformer_v13,10,-0.013029098510742188
metropt,0.25,TP2,bar,31432,gaugeformer_v13,11,-0.01273643970489502
metropt,0.25,TP2,bar,31432,gaugeformer_v13,12,-0.012815356254577637
metropt,0.25,TP2,bar,31432,gaugeformer_v13,13,-0.013014554977416992
metropt,0.25,TP2,bar,31432,gaugeformer_v13,14,-0.012795567512512207
metropt,0.25,TP2,bar,31432,gaugeformer_v13,15,-0.012735247611999512
metropt,0.25,TP2,bar,31432,gaugeformer_v13,16,-0.012774348258972168
metropt,0.25,TP2,bar,31432,gaugeformer_v13,17,-0.012790322303771973
metropt,0.25,TP2,bar,31432,gaugeformer_v13,18,-0.012601256370544434
metropt,0.25,TP2,bar,31432,gaugeformer_v13,19,-0.012517213821411133
metropt,0.25,TP2,bar,31432,gaugeformer_v13,20,-0.01239001750946045
metropt,0.25,TP2,bar,31432,gaugeformer_v13,21,-0.012488365173339844
metropt,0.25,TP2,bar,31432,gaugeformer_v13,22,-0.012705445289611816
metropt,0.25,TP2,bar,31432,gaugeformer_v13,23,-0.012742757797241211
metropt,0.25,TP2,bar,31432,gaugeformer_v13,24,-0.012760400772094727
metropt,0.75,TP2,bar,34090,observed,-95,9.697999954223633
metropt,0.75,TP2,bar,34090,observed,-94,9.881999969482422
metropt,0.75,TP2,bar,34090,observed,-93,10.043999671936035
metropt,0.75,TP2,bar,34090,observed,-92,10.204000473022461
metropt,0.75,TP2,bar,34090,observed,-91,10.371999740600586
metropt,0.75,TP2,bar,34090,observed,-90,5.283999919891357
metropt,0.75,TP2,bar,34090,observed,-89,-0.026000000536441803
metropt,0.75,TP2,bar,34090,observed,-88,-0.02199999988079071
metropt,0.75,TP2,bar,34090,observed,-87,-0.019999999552965164
metropt,0.75,TP2,bar,34090,observed,-86,-0.019999999552965164
metropt,0.75,TP2,bar,34090,observed,-85,-0.017999999225139618
metropt,0.75,TP2,bar,34090,observed,-84,-0.01600000075995922
metropt,0.75,TP2,bar,34090,observed,-83,-0.014000000432133675
metropt,0.75,TP2,bar,34090,observed,-82,-0.014000000432133675
metropt,0.75,TP2,bar,34090,observed,-81,-0.014000000432133675
metropt,0.75,TP2,bar,34090,observed,-80,-0.012000000104308128
metropt,0.75,TP2,bar,34090,observed,-79,-0.014000000432133675
metropt,0.75,TP2,bar,34090,observed,-78,-0.012000000104308128
metropt,0.75,TP2,bar,34090,observed,-77,-0.01600000075995922
metropt,0.75,TP2,bar,34090,observed,-76,-0.012000000104308128
metropt,0.75,TP2,bar,34090,observed,-75,-0.012000000104308128
metropt,0.75,TP2,bar,34090,observed,-74,-0.009999999776482582
metropt,0.75,TP2,bar,34090,observed,-73,-0.012000000104308128
metropt,0.75,TP2,bar,34090,observed,-72,-0.009999999776482582
metropt,0.75,TP2,bar,34090,observed,-71,-0.009999999776482582
metropt,0.75,TP2,bar,34090,observed,-70,-0.009999999776482582
metropt,0.75,TP2,bar,34090,observed,-69,-0.012000000104308128
metropt,0.75,TP2,bar,34090,observed,-68,-0.014000000432133675
metropt,0.75,TP2,bar,34090,observed,-67,-0.00800000037997961
metropt,0.75,TP2,bar,34090,observed,-66,-0.012000000104308128
metropt,0.75,TP2,bar,34090,observed,-65,-0.012000000104308128
metropt,0.75,TP2,bar,34090,observed,-64,-0.012000000104308128
metropt,0.75,TP2,bar,34090,observed,-63,-0.012000000104308128
metropt,0.75,TP2,bar,34090,observed,-62,-0.009999999776482582
metropt,0.75,TP2,bar,34090,observed,-61,-0.012000000104308128
metropt,0.75,TP2,bar,34090,observed,-60,-0.012000000104308128
metropt,0.75,TP2,bar,34090,observed,-59,-0.009999999776482582
metropt,0.75,TP2,bar,34090,observed,-58,-0.012000000104308128
metropt,0.75,TP2,bar,34090,observed,-57,-0.009999999776482582
metropt,0.75,TP2,bar,34090,observed,-56,-0.009999999776482582
metropt,0.75,TP2,bar,34090,observed,-55,-0.009999999776482582
metropt,0.75,TP2,bar,34090,observed,-54,-0.012000000104308128
metropt,0.75,TP2,bar,34090,observed,-53,-0.009999999776482582
metropt,0.75,TP2,bar,34090,observed,-52,-0.012000000104308128
metropt,0.75,TP2,bar,34090,observed,-51,-0.014000000432133675
metropt,0.75,TP2,bar,34090,observed,-50,-0.012000000104308128
metropt,0.75,TP2,bar,34090,observed,-49,-0.014000000432133675
metropt,0.75,TP2,bar,34090,observed,-48,-0.012000000104308128
metropt,0.75,TP2,bar,34090,observed,-47,-0.014000000432133675
metropt,0.75,TP2,bar,34090,observed,-46,-0.012000000104308128
metropt,0.75,TP2,bar,34090,observed,-45,-0.012000000104308128
metropt,0.75,TP2,bar,34090,observed,-44,-0.009999999776482582
metropt,0.75,TP2,bar,34090,observed,-43,-0.014000000432133675
metropt,0.75,TP2,bar,34090,observed,-42,-0.012000000104308128
metropt,0.75,TP2,bar,34090,observed,-41,-0.014000000432133675
metropt,0.75,TP2,bar,34090,observed,-40,-0.012000000104308128
metropt,0.75,TP2,bar,34090,observed,-39,-0.012000000104308128
metropt,0.75,TP2,bar,34090,observed,-38,-0.012000000104308128
metropt,0.75,TP2,bar,34090,observed,-37,-0.012000000104308128
metropt,0.75,TP2,bar,34090,observed,-36,-0.012000000104308128
metropt,0.75,TP2,bar,34090,observed,-35,-0.009999999776482582
metropt,0.75,TP2,bar,34090,observed,-34,-0.012000000104308128
metropt,0.75,TP2,bar,34090,observed,-33,-0.012000000104308128
metropt,0.75,TP2,bar,34090,observed,-32,-0.012000000104308128
metropt,0.75,TP2,bar,34090,observed,-31,-0.009999999776482582
metropt,0.75,TP2,bar,34090,observed,-30,-0.014000000432133675
metropt,0.75,TP2,bar,34090,observed,-29,-0.014000000432133675
metropt,0.75,TP2,bar,34090,observed,-28,-0.01600000075995922
metropt,0.75,TP2,bar,34090,observed,-27,-0.014000000432133675
metropt,0.75,TP2,bar,34090,observed,-26,-0.012000000104308128
metropt,0.75,TP2,bar,34090,observed,-25,-0.009999999776482582
metropt,0.75,TP2,bar,34090,observed,-24,-0.012000000104308128
metropt,0.75,TP2,bar,34090,observed,-23,-0.014000000432133675
metropt,0.75,TP2,bar,34090,observed,-22,-0.012000000104308128
metropt,0.75,TP2,bar,34090,observed,-21,-0.014000000432133675
metropt,0.75,TP2,bar,34090,observed,-20,-0.012000000104308128
metropt,0.75,TP2,bar,34090,observed,-19,-0.014000000432133675
metropt,0.75,TP2,bar,34090,observed,-18,-0.014000000432133675
metropt,0.75,TP2,bar,34090,observed,-17,-0.014000000432133675
metropt,0.75,TP2,bar,34090,observed,-16,-0.01600000075995922
metropt,0.75,TP2,bar,34090,observed,-15,-0.012000000104308128
metropt,0.75,TP2,bar,34090,observed,-14,-0.014000000432133675
metropt,0.75,TP2,bar,34090,observed,-13,-0.014000000432133675
metropt,0.75,TP2,bar,34090,observed,-12,-0.012000000104308128
metropt,0.75,TP2,bar,34090,observed,-11,-0.012000000104308128
metropt,0.75,TP2,bar,34090,observed,-10,-0.012000000104308128
metropt,0.75,TP2,bar,34090,observed,-9,-0.012000000104308128
metropt,0.75,TP2,bar,34090,observed,-8,-0.014000000432133675
metropt,0.75,TP2,bar,34090,observed,-7,-0.014000000432133675
metropt,0.75,TP2,bar,34090,observed,-6,-0.014000000432133675
metropt,0.75,TP2,bar,34090,observed,-5,-0.014000000432133675
metropt,0.75,TP2,bar,34090,observed,-4,-0.014000000432133675
metropt,0.75,TP2,bar,34090,observed,-3,-0.012000000104308128
metropt,0.75,TP2,bar,34090,observed,-2,-0.009999999776482582
metropt,0.75,TP2,bar,34090,observed,-1,-0.014000000432133675
metropt,0.75,TP2,bar,34090,observed,0,-0.014000000432133675
metropt,0.75,TP2,bar,34090,observed,1,-0.014000000432133675
metropt,0.75,TP2,bar,34090,observed,2,-0.009999999776482582
metropt,0.75,TP2,bar,34090,observed,3,-0.014000000432133675
metropt,0.75,TP2,bar,34090,observed,4,-0.009999999776482582
metropt,0.75,TP2,bar,34090,observed,5,-0.014000000432133675
metropt,0.75,TP2,bar,34090,observed,6,-0.012000000104308128
metropt,0.75,TP2,bar,34090,observed,7,-0.01600000075995922
metropt,0.75,TP2,bar,34090,observed,8,-0.014000000432133675
metropt,0.75,TP2,bar,34090,observed,9,-0.014000000432133675
metropt,0.75,TP2,bar,34090,observed,10,-0.014000000432133675
metropt,0.75,TP2,bar,34090,observed,11,-0.014000000432133675
metropt,0.75,TP2,bar,34090,observed,12,-0.01600000075995922
metropt,0.75,TP2,bar,34090,observed,13,-0.014000000432133675
metropt,0.75,TP2,bar,34090,observed,14,-0.014000000432133675
metropt,0.75,TP2,bar,34090,observed,15,-0.014000000432133675
metropt,0.75,TP2,bar,34090,observed,16,-0.014000000432133675
metropt,0.75,TP2,bar,34090,observed,17,-0.014000000432133675
metropt,0.75,TP2,bar,34090,observed,18,-0.014000000432133675
metropt,0.75,TP2,bar,34090,observed,19,-0.012000000104308128
metropt,0.75,TP2,bar,34090,observed,20,2.812000036239624
metropt,0.75,TP2,bar,34090,observed,21,8.569999694824219
metropt,0.75,TP2,bar,34090,observed,22,8.850000381469727
metropt,0.75,TP2,bar,34090,observed,23,9.055999755859375
metropt,0.75,TP2,bar,34090,observed,24,9.244000434875488
metropt,0.75,TP2,bar,34090,moirai,1,-0.012530863285064697
metropt,0.75,TP2,bar,34090,moirai,2,-0.012563586235046387
metropt,0.75,TP2,bar,34090,moirai,3,-0.012612760066986084
metropt,0.75,TP2,bar,34090,moirai,4,-0.012520253658294678
metropt,0.75,TP2,bar,34090,moirai,5,-0.012612342834472656
metropt,0.75,TP2,bar,34090,moirai,6,-0.01263880729675293
metropt,0.75,TP2,bar,34090,moirai,7,-0.012568831443786621
metropt,0.75,TP2,bar,34090,moirai,8,-0.012575805187225342
metropt,0.75,TP2,bar,34090,moirai,9,-0.012636959552764893
metropt,0.75,TP2,bar,34090,moirai,10,-0.01274961233139038
metropt,0.75,TP2,bar,34090,moirai,11,-0.012678563594818115
metropt,0.75,TP2,bar,34090,moirai,12,-0.012609243392944336
metropt,0.75,TP2,bar,34090,moirai,13,-0.012746453285217285
metropt,0.75,TP2,bar,34090,moirai,14,-0.012551367282867432
metropt,0.75,TP2,bar,34090,moirai,15,-0.01250767707824707
metropt,0.75,TP2,bar,34090,moirai,16,-0.012472927570343018
metropt,0.75,TP2,bar,34090,moirai,17,-0.012476325035095215
metropt,0.75,TP2,bar,34090,moirai,18,-0.012575626373291016
metropt,0.75,TP2,bar,34090,moirai,19,-0.012543022632598877
metropt,0.75,TP2,bar,34090,moirai,20,-0.012443959712982178
metropt,0.75,TP2,bar,34090,moirai,21,-0.012511670589447021
metropt,0.75,TP2,bar,34090,moirai,22,-0.012597799301147461
metropt,0.75,TP2,bar,34090,moirai,23,-0.012492716312408447
metropt,0.75,TP2,bar,34090,moirai,24,-0.01249241828918457
metropt,0.75,TP2,bar,34090,gaugeformer_v13,1,-0.012530863285064697
metropt,0.75,TP2,bar,34090,gaugeformer_v13,2,-0.012563586235046387
metropt,0.75,TP2,bar,34090,gaugeformer_v13,3,-0.012612760066986084
metropt,0.75,TP2,bar,34090,gaugeformer_v13,4,-0.012520253658294678
metropt,0.75,TP2,bar,34090,gaugeformer_v13,5,-0.012612342834472656
metropt,0.75,TP2,bar,34090,gaugeformer_v13,6,-0.01263880729675293
metropt,0.75,TP2,bar,34090,gaugeformer_v13,7,-0.012568831443786621
metropt,0.75,TP2,bar,34090,gaugeformer_v13,8,-0.012575805187225342
metropt,0.75,TP2,bar,34090,gaugeformer_v13,9,-0.012636959552764893
metropt,0.75,TP2,bar,34090,gaugeformer_v13,10,-0.01274961233139038
metropt,0.75,TP2,bar,34090,gaugeformer_v13,11,-0.012678563594818115
metropt,0.75,TP2,bar,34090,gaugeformer_v13,12,-0.012609243392944336
metropt,0.75,TP2,bar,34090,gaugeformer_v13,13,-0.012746453285217285
metropt,0.75,TP2,bar,34090,gaugeformer_v13,14,-0.012551367282867432
metropt,0.75,TP2,bar,34090,gaugeformer_v13,15,-0.01250767707824707
metropt,0.75,TP2,bar,34090,gaugeformer_v13,16,-0.012472927570343018
metropt,0.75,TP2,bar,34090,gaugeformer_v13,17,-0.012476325035095215
metropt,0.75,TP2,bar,34090,gaugeformer_v13,18,-0.012575626373291016
metropt,0.75,TP2,bar,34090,gaugeformer_v13,19,-0.012543022632598877
metropt,0.75,TP2,bar,34090,gaugeformer_v13,20,-0.012443959712982178
metropt,0.75,TP2,bar,34090,gaugeformer_v13,21,-0.012511670589447021
metropt,0.75,TP2,bar,34090,gaugeformer_v13,22,-0.012597799301147461
metropt,0.75,TP2,bar,34090,gaugeformer_v13,23,-0.012492716312408447
metropt,0.75,TP2,bar,34090,gaugeformer_v13,24,-0.01249241828918457
metropt,0.25,TP2,bar,31432,unitime,1,0.9000341296195984
metropt,0.25,TP2,bar,31432,unitime,2,1.4796085357666016
metropt,0.25,TP2,bar,31432,unitime,3,1.4178040027618408
metropt,0.25,TP2,bar,31432,unitime,4,1.018813967704773
metropt,0.25,TP2,bar,31432,unitime,5,1.5363826751708984
metropt,0.25,TP2,bar,31432,unitime,6,0.9636631011962891
metropt,0.25,TP2,bar,31432,unitime,7,1.3481342792510986
metropt,0.25,TP2,bar,31432,unitime,8,0.35079225897789
metropt,0.25,TP2,bar,31432,unitime,9,0.44677358865737915
metropt,0.25,TP2,bar,31432,unitime,10,1.2794618606567383
metropt,0.25,TP2,bar,31432,unitime,11,0.7234209775924683
metropt,0.25,TP2,bar,31432,unitime,12,0.8355940580368042
metropt,0.25,TP2,bar,31432,unitime,13,1.2734017372131348
metropt,0.25,TP2,bar,31432,unitime,14,0.6359298229217529
metropt,0.25,TP2,bar,31432,unitime,15,0.4090054929256439
metropt,0.25,TP2,bar,31432,unitime,16,0.9704909324645996
metropt,0.25,TP2,bar,31432,unitime,17,0.5006496906280518
metropt,0.25,TP2,bar,31432,unitime,18,0.4808635413646698
metropt,0.25,TP2,bar,31432,unitime,19,0.4915359914302826
metropt,0.25,TP2,bar,31432,unitime,20,0.581788182258606
metropt,0.25,TP2,bar,31432,unitime,21,0.08665674924850464
metropt,0.25,TP2,bar,31432,unitime,22,0.3602812886238098
metropt,0.25,TP2,bar,31432,unitime,23,-0.7159497141838074
metropt,0.25,TP2,bar,31432,unitime,24,-0.24906688928604126
metropt,0.75,TP2,bar,34090,unitime,1,0.39913976192474365
metropt,0.75,TP2,bar,34090,unitime,2,0.38237735629081726
metropt,0.75,TP2,bar,34090,unitime,3,0.4976821839809418
metropt,0.75,TP2,bar,34090,unitime,4,0.09163287281990051
metropt,0.75,TP2,bar,34090,unitime,5,0.27428990602493286
metropt,0.75,TP2,bar,34090,unitime,6,0.21744632720947266
metropt,0.75,TP2,bar,34090,unitime,7,0.30625542998313904
metropt,0.75,TP2,bar,34090,unitime,8,0.01716071367263794
metropt,0.75,TP2,bar,34090,unitime,9,0.2814581096172333
metropt,0.75,TP2,bar,34090,unitime,10,0.5051817893981934
metropt,0.75,TP2,bar,34090,unitime,11,0.4914523959159851
metropt,0.75,TP2,bar,34090,unitime,12,0.42370522022247314
metropt,0.75,TP2,bar,34090,unitime,13,0.6482608318328857
metropt,0.75,TP2,bar,34090,unitime,14,0.26635369658470154
metropt,0.75,TP2,bar,34090,unitime,15,0.4489791989326477
metropt,0.75,TP2,bar,34090,unitime,16,0.5058802962303162
metropt,0.75,TP2,bar,34090,unitime,17,0.5261759757995605
metropt,0.75,TP2,bar,34090,unitime,18,0.4515061378479004
metropt,0.75,TP2,bar,34090,unitime,19,0.5667147636413574
metropt,0.75,TP2,bar,34090,unitime,20,0.6402628421783447
metropt,0.75,TP2,bar,34090,unitime,21,0.3182840049266815
metropt,0.75,TP2,bar,34090,unitime,22,0.5833104848861694
metropt,0.75,TP2,bar,34090,unitime,23,0.38448601961135864
metropt,0.75,TP2,bar,34090,unitime,24,0.23126548528671265
metropt,0.25,TP2,bar,31432,timer_xl,1,0.1300460398197174
metropt,0.25,TP2,bar,31432,timer_xl,2,-0.19687163829803467
metropt,0.25,TP2,bar,31432,timer_xl,3,-0.3862001299858093
metropt,0.25,TP2,bar,31432,timer_xl,4,-0.46332496404647827
metropt,0.25,TP2,bar,31432,timer_xl,5,0.14240017533302307
metropt,0.25,TP2,bar,31432,timer_xl,6,0.09643879532814026
metropt,0.25,TP2,bar,31432,timer_xl,7,0.2798248529434204
metropt,0.25,TP2,bar,31432,timer_xl,8,0.29832762479782104
metropt,0.25,TP2,bar,31432,timer_xl,9,0.29766035079956055
metropt,0.25,TP2,bar,31432,timer_xl,10,0.32645127177238464
metropt,0.25,TP2,bar,31432,timer_xl,11,0.49055734276771545
metropt,0.25,TP2,bar,31432,timer_xl,12,0.4380244016647339
metropt,0.25,TP2,bar,31432,timer_xl,13,0.6697679758071899
metropt,0.25,TP2,bar,31432,timer_xl,14,0.7868305444717407
metropt,0.25,TP2,bar,31432,timer_xl,15,1.0026183128356934
metropt,0.25,TP2,bar,31432,timer_xl,16,0.855125904083252
metropt,0.25,TP2,bar,31432,timer_xl,17,0.7838531732559204
metropt,0.25,TP2,bar,31432,timer_xl,18,0.5477652549743652
metropt,0.25,TP2,bar,31432,timer_xl,19,0.6285430192947388
metropt,0.25,TP2,bar,31432,timer_xl,20,0.7475990653038025
metropt,0.25,TP2,bar,31432,timer_xl,21,0.7979630827903748
metropt,0.25,TP2,bar,31432,timer_xl,22,1.2776364088058472
metropt,0.25,TP2,bar,31432,timer_xl,23,1.1133219003677368
metropt,0.25,TP2,bar,31432,timer_xl,24,1.56260085105896
metropt,0.75,TP2,bar,34090,timer_xl,1,0.3229941725730896
metropt,0.75,TP2,bar,34090,timer_xl,2,0.23002901673316956
metropt,0.75,TP2,bar,34090,timer_xl,3,0.2109278440475464
metropt,0.75,TP2,bar,34090,timer_xl,4,0.26100489497184753
metropt,0.75,TP2,bar,34090,timer_xl,5,0.17499378323554993
metropt,0.75,TP2,bar,34090,timer_xl,6,-0.28828394412994385
metropt,0.75,TP2,bar,34090,timer_xl,7,-0.10434317588806152
metropt,0.75,TP2,bar,34090,timer_xl,8,-0.2341870665550232
metropt,0.75,TP2,bar,34090,timer_xl,9,-0.07743567228317261
metropt,0.75,TP2,bar,34090,timer_xl,10,-0.22261303663253784
metropt,0.75,TP2,bar,34090,timer_xl,11,-0.2029086947441101
metropt,0.75,TP2,bar,34090,timer_xl,12,-0.18684875965118408
metropt,0.75,TP2,bar,34090,timer_xl,13,-0.1993868350982666
metropt,0.75,TP2,bar,34090,timer_xl,14,-0.28306710720062256
metropt,0.75,TP2,bar,34090,timer_xl,15,-0.25683164596557617
metropt,0.75,TP2,bar,34090,timer_xl,16,-0.16604799032211304
metropt,0.75,TP2,bar,34090,timer_xl,17,-0.021072208881378174
metropt,0.75,TP2,bar,34090,timer_xl,18,-0.024709701538085938
metropt,0.75,TP2,bar,34090,timer_xl,19,-0.029330670833587646
metropt,0.75,TP2,bar,34090,timer_xl,20,-0.03422403335571289
metropt,0.75,TP2,bar,34090,timer_xl,21,-0.027706444263458252
metropt,0.75,TP2,bar,34090,timer_xl,22,0.1431562602519989
metropt,0.75,TP2,bar,34090,timer_xl,23,0.008933603763580322
metropt,0.75,TP2,bar,34090,timer_xl,24,0.3406485915184021
metropt,0.25,TP2,bar,31432,gtm,1,0.06421706080436707
metropt,0.25,TP2,bar,31432,gtm,2,0.7896326184272766
metropt,0.25,TP2,bar,31432,gtm,3,0.649949848651886
metropt,0.25,TP2,bar,31432,gtm,4,1.830984115600586
metropt,0.25,TP2,bar,31432,gtm,5,1.5608742237091064
metropt,0.25,TP2,bar,31432,gtm,6,2.2564022541046143
metropt,0.25,TP2,bar,31432,gtm,7,2.0473721027374268
metropt,0.25,TP2,bar,31432,gtm,8,2.562263250350952
metropt,0.25,TP2,bar,31432,gtm,9,1.7217671871185303
metropt,0.25,TP2,bar,31432,gtm,10,0.8888422250747681
metropt,0.25,TP2,bar,31432,gtm,11,2.0262699127197266
metropt,0.25,TP2,bar,31432,gtm,12,1.2348122596740723
metropt,0.25,TP2,bar,31432,gtm,13,1.830690622329712
metropt,0.25,TP2,bar,31432,gtm,14,1.9803810119628906
metropt,0.25,TP2,bar,31432,gtm,15,2.0354769229888916
metropt,0.25,TP2,bar,31432,gtm,16,1.8551630973815918
metropt,0.25,TP2,bar,31432,gtm,17,1.4735515117645264
metropt,0.25,TP2,bar,31432,gtm,18,0.0036142468452453613
metropt,0.25,TP2,bar,31432,gtm,19,0.6675279140472412
metropt,0.25,TP2,bar,31432,gtm,20,0.6034899353981018
metropt,0.25,TP2,bar,31432,gtm,21,0.5940960049629211
metropt,0.25,TP2,bar,31432,gtm,22,1.5412123203277588
metropt,0.25,TP2,bar,31432,gtm,23,0.6532546877861023
metropt,0.25,TP2,bar,31432,gtm,24,1.7910122871398926
metropt,0.75,TP2,bar,34090,gtm,1,-0.26442211866378784
metropt,0.75,TP2,bar,34090,gtm,2,0.5110323429107666
metropt,0.75,TP2,bar,34090,gtm,3,0.5928053855895996
metropt,0.75,TP2,bar,34090,gtm,4,1.529051661491394
metropt,0.75,TP2,bar,34090,gtm,5,0.16726940870285034
metropt,0.75,TP2,bar,34090,gtm,6,0.2513366639614105
metropt,0.75,TP2,bar,34090,gtm,7,-0.5902848839759827
metropt,0.75,TP2,bar,34090,gtm,8,-0.1756579875946045
metropt,0.75,TP2,bar,34090,gtm,9,-0.5781382918357849
metropt,0.75,TP2,bar,34090,gtm,10,-1.3610811233520508
metropt,0.75,TP2,bar,34090,gtm,11,-0.5517804026603699
metropt,0.75,TP2,bar,34090,gtm,12,-1.0614597797393799
metropt,0.75,TP2,bar,34090,gtm,13,-0.38721323013305664
metropt,0.75,TP2,bar,34090,gtm,14,0.24935856461524963
metropt,0.75,TP2,bar,34090,gtm,15,0.3075857162475586
metropt,0.75,TP2,bar,34090,gtm,16,0.6246371269226074
metropt,0.75,TP2,bar,34090,gtm,17,1.0825365781784058
metropt,0.75,TP2,bar,34090,gtm,18,-0.162192702293396
metropt,0.75,TP2,bar,34090,gtm,19,0.5465315580368042
metropt,0.75,TP2,bar,34090,gtm,20,0.4919029772281647
metropt,0.75,TP2,bar,34090,gtm,21,-0.09954959154129028
metropt,0.75,TP2,bar,34090,gtm,22,-0.02261286973953247
metropt,0.75,TP2,bar,34090,gtm,23,-0.16102588176727295
metropt,0.75,TP2,bar,34090,gtm,24,0.5186553597450256
metropt,0.25,TP2,bar,31432,cpiri,1,-0.11482000350952148
metropt,0.25,TP2,bar,31432,cpiri,2,-0.10989600419998169
metropt,0.25,TP2,bar,31432,cpiri,3,-0.13713568449020386
metropt,0.25,TP2,bar,31432,cpiri,4,-0.15150868892669678
metropt,0.25,TP2,bar,31432,cpiri,5,-0.15728741884231567
metropt,0.25,TP2,bar,31432,cpiri,6,-0.14150351285934448
metropt,0.25,TP2,bar,31432,cpiri,7,-0.13785851001739502
metropt,0.25,TP2,bar,31432,cpiri,8,-0.11431986093521118
metropt,0.25,TP2,bar,31432,cpiri,9,-0.1168699860572815
metropt,0.25,TP2,bar,31432,cpiri,10,-0.1438816785812378
metropt,0.25,TP2,bar,31432,cpiri,11,-0.1544066071510315
metropt,0.25,TP2,bar,31432,cpiri,12,-0.16921883821487427
metropt,0.25,TP2,bar,31432,cpiri,13,-0.1559167504310608
metropt,0.25,TP2,bar,31432,cpiri,14,-0.17943990230560303
metropt,0.25,TP2,bar,31432,cpiri,15,-0.18675053119659424
metropt,0.25,TP2,bar,31432,cpiri,16,-0.20569676160812378
metropt,0.25,TP2,bar,31432,cpiri,17,-0.21963554620742798
metropt,0.25,TP2,bar,31432,cpiri,18,-0.22296571731567383
metropt,0.25,TP2,bar,31432,cpiri,19,-0.2135564684867859
metropt,0.25,TP2,bar,31432,cpiri,20,-0.2102145552635193
metropt,0.25,TP2,bar,31432,cpiri,21,-0.20907914638519287
metropt,0.25,TP2,bar,31432,cpiri,22,-0.13177311420440674
metropt,0.25,TP2,bar,31432,cpiri,23,-0.2290305495262146
metropt,0.25,TP2,bar,31432,cpiri,24,0.0006806850433349609
metropt,0.75,TP2,bar,34090,cpiri,1,-0.09734147787094116
metropt,0.75,TP2,bar,34090,cpiri,2,-0.07801848649978638
metropt,0.75,TP2,bar,34090,cpiri,3,-0.10130196809768677
metropt,0.75,TP2,bar,34090,cpiri,4,-0.13480740785598755
metropt,0.75,TP2,bar,34090,cpiri,5,-0.12362706661224365
metropt,0.75,TP2,bar,34090,cpiri,6,-0.11832547187805176
metropt,0.75,TP2,bar,34090,cpiri,7,-0.10934567451477051
metropt,0.75,TP2,bar,34090,cpiri,8,-0.09456658363342285
metropt,0.75,TP2,bar,34090,cpiri,9,-0.11082923412322998
metropt,0.75,TP2,bar,34090,cpiri,10,-0.13529103994369507
metropt,0.75,TP2,bar,34090,cpiri,11,-0.13386064767837524
metropt,0.75,TP2,bar,34090,cpiri,12,-0.15146756172180176
metropt,0.75,TP2,bar,34090,cpiri,13,-0.13886016607284546
metropt,0.75,TP2,bar,34090,cpiri,14,-0.1532720923423767
metropt,0.75,TP2,bar,34090,cpiri,15,-0.15669548511505127
metropt,0.75,TP2,bar,34090,cpiri,16,-0.17098039388656616
metropt,0.75,TP2,bar,34090,cpiri,17,-0.152149498462677
metropt,0.75,TP2,bar,34090,cpiri,18,-0.15783560276031494
metropt,0.75,TP2,bar,34090,cpiri,19,-0.11180490255355835
metropt,0.75,TP2,bar,34090,cpiri,20,-0.1152423620223999
metropt,0.75,TP2,bar,34090,cpiri,21,-0.08818936347961426
metropt,0.75,TP2,bar,34090,cpiri,22,-0.08049118518829346
metropt,0.75,TP2,bar,34090,cpiri,23,-0.1248776912689209
metropt,0.75,TP2,bar,34090,cpiri,24,-0.09769046306610107
pmsm,0.25,u_q,V,597,observed,-95,120.91889953613281
pmsm,0.25,u_q,V,597,observed,-94,120.92840576171875
pmsm,0.25,u_q,V,597,observed,-93,120.93994140625
pmsm,0.25,u_q,V,597,observed,-92,120.94831848144531
pmsm,0.25,u_q,V,597,observed,-91,120.96333312988281
pmsm,0.25,u_q,V,597,observed,-90,120.9277114868164
pmsm,0.25,u_q,V,597,observed,-89,120.94731140136719
pmsm,0.25,u_q,V,597,observed,-88,120.96478271484375
pmsm,0.25,u_q,V,597,observed,-87,120.98431396484375
pmsm,0.25,u_q,V,597,observed,-86,120.97999572753906
pmsm,0.25,u_q,V,597,observed,-85,120.9719009399414
pmsm,0.25,u_q,V,597,observed,-84,120.95952606201172
pmsm,0.25,u_q,V,597,observed,-83,120.97215270996094
pmsm,0.25,u_q,V,597,observed,-82,120.97303771972656
pmsm,0.25,u_q,V,597,observed,-81,120.98011779785156
pmsm,0.25,u_q,V,597,observed,-80,120.98918151855469
pmsm,0.25,u_q,V,597,observed,-79,120.92938995361328
pmsm,0.25,u_q,V,597,observed,-78,120.92547607421875
pmsm,0.25,u_q,V,597,observed,-77,120.927490234375
pmsm,0.25,u_q,V,597,observed,-76,120.94104766845703
pmsm,0.25,u_q,V,597,observed,-75,120.94200897216797
pmsm,0.25,u_q,V,597,observed,-74,120.95238494873047
pmsm,0.25,u_q,V,597,observed,-73,120.89910125732422
pmsm,0.25,u_q,V,597,observed,-72,120.933349609375
pmsm,0.25,u_q,V,597,observed,-71,120.94688415527344
pmsm,0.25,u_q,V,597,observed,-70,120.95723724365234
pmsm,0.25,u_q,V,597,observed,-69,120.97196960449219
pmsm,0.25,u_q,V,597,observed,-68,120.9800033569336
pmsm,0.25,u_q,V,597,observed,-67,120.93309020996094
pmsm,0.25,u_q,V,597,observed,-66,120.9542465209961
pmsm,0.25,u_q,V,597,observed,-65,120.96875
pmsm,0.25,u_q,V,597,observed,-64,120.97653198242188
pmsm,0.25,u_q,V,597,observed,-63,120.98883819580078
pmsm,0.25,u_q,V,597,observed,-62,120.99304962158203
pmsm,0.25,u_q,V,597,observed,-61,120.95157623291016
pmsm,0.25,u_q,V,597,observed,-60,120.9543685913086
pmsm,0.25,u_q,V,597,observed,-59,120.95890045166016
pmsm,0.25,u_q,V,597,observed,-58,120.94783020019531
pmsm,0.25,u_q,V,597,observed,-57,120.93802642822266
pmsm,0.25,u_q,V,597,observed,-56,120.91694641113281
pmsm,0.25,u_q,V,597,observed,-55,120.88335418701172
pmsm,0.25,u_q,V,597,observed,-54,120.90370178222656
pmsm,0.25,u_q,V,597,observed,-53,120.9270248413086
pmsm,0.25,u_q,V,597,observed,-52,120.94234466552734
pmsm,0.25,u_q,V,597,observed,-51,120.95480346679688
pmsm,0.25,u_q,V,597,observed,-50,120.91129302978516
pmsm,0.25,u_q,V,597,observed,-49,120.93450927734375
pmsm,0.25,u_q,V,597,observed,-48,120.95433807373047
pmsm,0.25,u_q,V,597,observed,-47,120.96788787841797
pmsm,0.25,u_q,V,597,observed,-46,120.98370361328125
pmsm,0.25,u_q,V,597,observed,-45,120.9911880493164
pmsm,0.25,u_q,V,597,observed,-44,120.92461395263672
pmsm,0.25,u_q,V,597,observed,-43,120.94805145263672
pmsm,0.25,u_q,V,597,observed,-42,120.96089172363281
pmsm,0.25,u_q,V,597,observed,-41,120.9816665649414
pmsm,0.25,u_q,V,597,observed,-40,120.99659729003906
pmsm,0.25,u_q,V,597,observed,-39,120.998291015625
pmsm,0.25,u_q,V,597,observed,-38,120.9444580078125
pmsm,0.25,u_q,V,597,observed,-37,120.96781158447266
pmsm,0.25,u_q,V,597,observed,-36,120.98023223876953
pmsm,0.25,u_q,V,597,observed,-35,120.98493194580078
pmsm,0.25,u_q,V,597,observed,-34,120.99346923828125
pmsm,0.25,u_q,V,597,observed,-33,121.01211547851562
pmsm,0.25,u_q,V,597,observed,-32,120.96424102783203
pmsm,0.25,u_q,V,597,observed,-31,120.97109985351562
pmsm,0.25,u_q,V,597,observed,-30,120.9862289428711
pmsm,0.25,u_q,V,597,observed,-29,120.99967193603516
pmsm,0.25,u_q,V,597,observed,-28,121.00714874267578
pmsm,0.25,u_q,V,597,observed,-27,120.9850845336914
pmsm,0.25,u_q,V,597,observed,-26,120.9429702758789
pmsm,0.25,u_q,V,597,observed,-25,120.94445037841797
pmsm,0.25,u_q,V,597,observed,-24,120.94554138183594
pmsm,0.25,u_q,V,597,observed,-23,120.94062805175781
pmsm,0.25,u_q,V,597,observed,-22,120.9478530883789
pmsm,0.25,u_q,V,597,observed,-21,120.88458251953125
pmsm,0.25,u_q,V,597,observed,-20,120.90547180175781
pmsm,0.25,u_q,V,597,observed,-19,120.91645812988281
pmsm,0.25,u_q,V,597,observed,-18,120.9112319946289
pmsm,0.25,u_q,V,597,observed,-17,120.90612030029297
pmsm,0.25,u_q,V,597,observed,-16,120.91264343261719
pmsm,0.25,u_q,V,597,observed,-15,120.84974670410156
pmsm,0.25,u_q,V,597,observed,-14,120.8756103515625
pmsm,0.25,u_q,V,597,observed,-13,120.89472961425781
pmsm,0.25,u_q,V,597,observed,-12,120.91361236572266
pmsm,0.25,u_q,V,597,observed,-11,120.93196105957031
pmsm,0.25,u_q,V,597,observed,-10,120.95814514160156
pmsm,0.25,u_q,V,597,observed,-9,120.92822265625
pmsm,0.25,u_q,V,597,observed,-8,120.95387268066406
pmsm,0.25,u_q,V,597,observed,-7,120.974853515625
pmsm,0.25,u_q,V,597,observed,-6,120.98247528076172
pmsm,0.25,u_q,V,597,observed,-5,120.9847412109375
pmsm,0.25,u_q,V,597,observed,-4,120.9884262084961
pmsm,0.25,u_q,V,597,observed,-3,120.95545959472656
pmsm,0.25,u_q,V,597,observed,-2,120.97042083740234
pmsm,0.25,u_q,V,597,observed,-1,120.98501586914062
pmsm,0.25,u_q,V,597,observed,0,120.98802947998047
pmsm,0.25,u_q,V,597,observed,1,121.00397491455078
pmsm,0.25,u_q,V,597,observed,2,120.9962158203125
pmsm,0.25,u_q,V,597,observed,3,120.95951843261719
pmsm,0.25,u_q,V,597,observed,4,120.97272491455078
pmsm,0.25,u_q,V,597,observed,5,120.98877716064453
pmsm,0.25,u_q,V,597,observed,6,121.00344848632812
pmsm,0.25,u_q,V,597,observed,7,120.99930572509766
pmsm,0.25,u_q,V,597,observed,8,120.94783782958984
pmsm,0.25,u_q,V,597,observed,9,120.96886444091797
pmsm,0.25,u_q,V,597,observed,10,120.98684692382812
pmsm,0.25,u_q,V,597,observed,11,121.00782775878906
pmsm,0.25,u_q,V,597,observed,12,121.01336669921875
pmsm,0.25,u_q,V,597,observed,13,121.00257873535156
pmsm,0.25,u_q,V,597,observed,14,120.95310974121094
pmsm,0.25,u_q,V,597,observed,15,120.97074127197266
pmsm,0.25,u_q,V,597,observed,16,120.97129821777344
pmsm,0.25,u_q,V,597,observed,17,120.96340942382812
pmsm,0.25,u_q,V,597,observed,18,120.95639038085938
pmsm,0.25,u_q,V,597,observed,19,120.94566345214844
pmsm,0.25,u_q,V,597,observed,20,120.89926147460938
pmsm,0.25,u_q,V,597,observed,21,120.91558837890625
pmsm,0.25,u_q,V,597,observed,22,120.92601776123047
pmsm,0.25,u_q,V,597,observed,23,120.9317855834961
pmsm,0.25,u_q,V,597,observed,24,120.93568420410156
pmsm,0.25,u_q,V,597,moirai,1,120.98827362060547
pmsm,0.25,u_q,V,597,moirai,2,120.97635650634766
pmsm,0.25,u_q,V,597,moirai,3,120.98081970214844
pmsm,0.25,u_q,V,597,moirai,4,120.97615051269531
pmsm,0.25,u_q,V,597,moirai,5,120.98922729492188
pmsm,0.25,u_q,V,597,moirai,6,120.9883804321289
pmsm,0.25,u_q,V,597,moirai,7,120.976806640625
pmsm,0.25,u_q,V,597,moirai,8,120.97515869140625
pmsm,0.25,u_q,V,597,moirai,9,120.97853088378906
pmsm,0.25,u_q,V,597,moirai,10,120.96553802490234
pmsm,0.25,u_q,V,597,moirai,11,120.97786712646484
pmsm,0.25,u_q,V,597,moirai,12,120.96484375
pmsm,0.25,u_q,V,597,moirai,13,120.97868347167969
pmsm,0.25,u_q,V,597,moirai,14,120.97920989990234
pmsm,0.25,u_q,V,597,moirai,15,120.97327423095703
pmsm,0.25,u_q,V,597,moirai,16,120.9599838256836
pmsm,0.25,u_q,V,597,moirai,17,120.94600677490234
pmsm,0.25,u_q,V,597,moirai,18,120.9480972290039
pmsm,0.25,u_q,V,597,moirai,19,120.94606018066406
pmsm,0.25,u_q,V,597,moirai,20,120.947265625
pmsm,0.25,u_q,V,597,moirai,21,120.95960998535156
pmsm,0.25,u_q,V,597,moirai,22,120.95472717285156
pmsm,0.25,u_q,V,597,moirai,23,120.94696807861328
pmsm,0.25,u_q,V,597,moirai,24,120.95721435546875
pmsm,0.25,u_q,V,597,gaugeformer_v13,1,120.98815155029297
pmsm,0.25,u_q,V,597,gaugeformer_v13,2,120.98219299316406
pmsm,0.25,u_q,V,597,gaugeformer_v13,3,120.98442077636719
pmsm,0.25,u_q,V,597,gaugeformer_v13,4,120.98208618164062
pmsm,0.25,u_q,V,597,gaugeformer_v13,5,120.98863220214844
pmsm,0.25,u_q,V,597,gaugeformer_v13,6,120.98820495605469
pmsm,0.25,u_q,V,597,gaugeformer_v13,7,120.982421875
pmsm,0.25,u_q,V,597,gaugeformer_v13,8,120.98159790039062
pmsm,0.25,u_q,V,597,gaugeformer_v13,9,120.9832763671875
pmsm,0.25,u_q,V,597,gaugeformer_v13,10,120.9767837524414
pmsm,0.25,u_q,V,597,gaugeformer_v13,11,120.98294830322266
pmsm,0.25,u_q,V,597,gaugeformer_v13,12,120.9764404296875
pmsm,0.25,u_q,V,597,gaugeformer_v13,13,120.98335266113281
pmsm,0.25,u_q,V,597,gaugeformer_v13,14,120.9836196899414
pmsm,0.25,u_q,V,597,gaugeformer_v13,15,120.98065185546875
pmsm,0.25,u_q,V,597,gaugeformer_v13,16,120.97400665283203
pmsm,0.25,u_q,V,597,gaugeformer_v13,17,120.9670181274414
pmsm,0.25,u_q,V,597,gaugeformer_v13,18,120.96806335449219
pmsm,0.25,u_q,V,597,gaugeformer_v13,19,120.967041015625
pmsm,0.25,u_q,V,597,gaugeformer_v13,20,120.9676513671875
pmsm,0.25,u_q,V,597,gaugeformer_v13,21,120.97381591796875
pmsm,0.25,u_q,V,597,gaugeformer_v13,22,120.97137451171875
pmsm,0.25,u_q,V,597,gaugeformer_v13,23,120.96749877929688
pmsm,0.25,u_q,V,597,gaugeformer_v13,24,120.97262573242188
pmsm,0.75,u_q,V,3070,observed,-95,86.42894744873047
pmsm,0.75,u_q,V,3070,observed,-94,85.72692108154297
pmsm,0.75,u_q,V,3070,observed,-93,84.90240478515625
pmsm,0.75,u_q,V,3070,observed,-92,83.97710418701172
pmsm,0.75,u_q,V,3070,observed,-91,83.28799438476562
pmsm,0.75,u_q,V,3070,observed,-90,82.99884033203125
pmsm,0.75,u_q,V,3070,observed,-89,82.88135528564453
pmsm,0.75,u_q,V,3070,observed,-88,82.77656555175781
pmsm,0.75,u_q,V,3070,observed,-87,82.8565444946289
pmsm,0.75,u_q,V,3070,observed,-86,83.13253021240234
pmsm,0.75,u_q,V,3070,observed,-85,83.56759643554688
pmsm,0.75,u_q,V,3070,observed,-84,84.21045684814453
pmsm,0.75,u_q,V,3070,observed,-83,84.90801239013672
pmsm,0.75,u_q,V,3070,observed,-82,85.47814178466797
pmsm,0.75,u_q,V,3070,observed,-81,85.75347900390625
pmsm,0.75,u_q,V,3070,observed,-80,85.70172882080078
pmsm,0.75,u_q,V,3070,observed,-79,85.50270080566406
pmsm,0.75,u_q,V,3070,observed,-78,85.18670654296875
pmsm,0.75,u_q,V,3070,observed,-77,84.97832489013672
pmsm,0.75,u_q,V,3070,observed,-76,85.12897491455078
pmsm,0.75,u_q,V,3070,observed,-75,85.43458557128906
pmsm,0.75,u_q,V,3070,observed,-74,85.69669342041016
pmsm,0.75,u_q,V,3070,observed,-73,86.00787353515625
pmsm,0.75,u_q,V,3070,observed,-72,86.3091812133789
pmsm,0.75,u_q,V,3070,observed,-71,86.41109466552734
pmsm,0.75,u_q,V,3070,observed,-70,86.36131286621094
pmsm,0.75,u_q,V,3070,observed,-69,86.10397338867188
pmsm,0.75,u_q,V,3070,observed,-68,85.39875793457031
pmsm,0.75,u_q,V,3070,observed,-67,84.58235931396484
pmsm,0.75,u_q,V,3070,observed,-66,84.04496002197266
pmsm,0.75,u_q,V,3070,observed,-65,83.73463439941406
pmsm,0.75,u_q,V,3070,observed,-64,83.46665954589844
pmsm,0.75,u_q,V,3070,observed,-63,83.25746154785156
pmsm,0.75,u_q,V,3070,observed,-62,83.16000366210938
pmsm,0.75,u_q,V,3070,observed,-61,83.34415435791016
pmsm,0.75,u_q,V,3070,observed,-60,83.9858169555664
pmsm,0.75,u_q,V,3070,observed,-59,84.8368148803711
pmsm,0.75,u_q,V,3070,observed,-58,85.71505737304688
pmsm,0.75,u_q,V,3070,observed,-57,86.43366241455078
pmsm,0.75,u_q,V,3070,observed,-56,86.86792755126953
pmsm,0.75,u_q,V,3070,observed,-55,86.8918228149414
pmsm,0.75,u_q,V,3070,observed,-54,86.63688659667969
pmsm,0.75,u_q,V,3070,observed,-53,86.36532592773438
pmsm,0.75,u_q,V,3070,observed,-52,86.04204559326172
pmsm,0.75,u_q,V,3070,observed,-51,85.58302307128906
pmsm,0.75,u_q,V,3070,observed,-50,84.98365783691406
pmsm,0.75,u_q,V,3070,observed,-49,84.65013885498047
pmsm,0.75,u_q,V,3070,observed,-48,84.75167083740234
pmsm,0.75,u_q,V,3070,observed,-47,84.90171813964844
pmsm,0.75,u_q,V,3070,observed,-46,84.90621948242188
pmsm,0.75,u_q,V,3070,observed,-45,84.97859191894531
pmsm,0.75,u_q,V,3070,observed,-44,85.32416534423828
pmsm,0.75,u_q,V,3070,observed,-43,85.94881439208984
pmsm,0.75,u_q,V,3070,observed,-42,86.47467803955078
pmsm,0.75,u_q,V,3070,observed,-41,86.4591293334961
pmsm,0.75,u_q,V,3070,observed,-40,85.99418640136719
pmsm,0.75,u_q,V,3070,observed,-39,85.3781509399414
pmsm,0.75,u_q,V,3070,observed,-38,84.7683334350586
pmsm,0.75,u_q,V,3070,observed,-37,84.25752258300781
pmsm,0.75,u_q,V,3070,observed,-36,83.78509521484375
pmsm,0.75,u_q,V,3070,observed,-35,83.4102554321289
pmsm,0.75,u_q,V,3070,observed,-34,82.98312377929688
pmsm,0.75,u_q,V,3070,observed,-33,82.5731201171875
pmsm,0.75,u_q,V,3070,observed,-32,82.52267456054688
pmsm,0.75,u_q,V,3070,observed,-31,82.65191650390625
pmsm,0.75,u_q,V,3070,observed,-30,82.83356475830078
pmsm,0.75,u_q,V,3070,observed,-29,82.8340835571289
pmsm,0.75,u_q,V,3070,observed,-28,82.58343505859375
pmsm,0.75,u_q,V,3070,observed,-27,82.22048950195312
pmsm,0.75,u_q,V,3070,observed,-26,81.72604370117188
pmsm,0.75,u_q,V,3070,observed,-25,81.48234558105469
pmsm,0.75,u_q,V,3070,observed,-24,81.5555648803711
pmsm,0.75,u_q,V,3070,observed,-23,81.90771484375
pmsm,0.75,u_q,V,3070,observed,-22,82.43920135498047
pmsm,0.75,u_q,V,3070,observed,-21,82.94239044189453
pmsm,0.75,u_q,V,3070,observed,-20,83.42852783203125
pmsm,0.75,u_q,V,3070,observed,-19,83.77713775634766
pmsm,0.75,u_q,V,3070,observed,-18,83.90128326416016
pmsm,0.75,u_q,V,3070,observed,-17,83.8864517211914
pmsm,0.75,u_q,V,3070,observed,-16,83.816162109375
pmsm,0.75,u_q,V,3070,observed,-15,83.49830627441406
pmsm,0.75,u_q,V,3070,observed,-14,82.86135864257812
pmsm,0.75,u_q,V,3070,observed,-13,82.0218276977539
pmsm,0.75,u_q,V,3070,observed,-12,81.24755859375
pmsm,0.75,u_q,V,3070,observed,-11,80.43488311767578
pmsm,0.75,u_q,V,3070,observed,-10,79.61481475830078
pmsm,0.75,u_q,V,3070,observed,-9,79.12554168701172
pmsm,0.75,u_q,V,3070,observed,-8,78.80819702148438
pmsm,0.75,u_q,V,3070,observed,-7,78.37398529052734
pmsm,0.75,u_q,V,3070,observed,-6,77.9185791015625
pmsm,0.75,u_q,V,3070,observed,-5,77.51126098632812
pmsm,0.75,u_q,V,3070,observed,-4,77.38191986083984
pmsm,0.75,u_q,V,3070,observed,-3,77.34501647949219
pmsm,0.75,u_q,V,3070,observed,-2,77.36370086669922
pmsm,0.75,u_q,V,3070,observed,-1,77.58566284179688
pmsm,0.75,u_q,V,3070,observed,0,77.56961822509766
pmsm,0.75,u_q,V,3070,observed,1,77.38617706298828
pmsm,0.75,u_q,V,3070,observed,2,77.2159194946289
pmsm,0.75,u_q,V,3070,observed,3,77.40876770019531
pmsm,0.75,u_q,V,3070,observed,4,77.88449096679688
pmsm,0.75,u_q,V,3070,observed,5,78.72562408447266
pmsm,0.75,u_q,V,3070,observed,6,79.79618072509766
pmsm,0.75,u_q,V,3070,observed,7,80.78315734863281
pmsm,0.75,u_q,V,3070,observed,8,81.54881286621094
pmsm,0.75,u_q,V,3070,observed,9,81.93146514892578
pmsm,0.75,u_q,V,3070,observed,10,82.22637176513672
pmsm,0.75,u_q,V,3070,observed,11,82.28783416748047
pmsm,0.75,u_q,V,3070,observed,12,82.2179946899414
pmsm,0.75,u_q,V,3070,observed,13,82.23418426513672
pmsm,0.75,u_q,V,3070,observed,14,82.16928100585938
pmsm,0.75,u_q,V,3070,observed,15,82.21770477294922
pmsm,0.75,u_q,V,3070,observed,16,82.67837524414062
pmsm,0.75,u_q,V,3070,observed,17,83.16548919677734
pmsm,0.75,u_q,V,3070,observed,18,83.36671447753906
pmsm,0.75,u_q,V,3070,observed,19,83.3377456665039
pmsm,0.75,u_q,V,3070,observed,20,83.22299194335938
pmsm,0.75,u_q,V,3070,observed,21,82.9543228149414
pmsm,0.75,u_q,V,3070,observed,22,82.48771667480469
pmsm,0.75,u_q,V,3070,observed,23,82.09837341308594
pmsm,0.75,u_q,V,3070,observed,24,82.06820678710938
pmsm,0.75,u_q,V,3070,moirai,1,77.73139953613281
pmsm,0.75,u_q,V,3070,moirai,2,77.53536987304688
pmsm,0.75,u_q,V,3070,moirai,3,77.61256408691406
pmsm,0.75,u_q,V,3070,moirai,4,77.9570083618164
pmsm,0.75,u_q,V,3070,moirai,5,78.14311218261719
pmsm,0.75,u_q,V,3070,moirai,6,78.06251525878906
pmsm,0.75,u_q,V,3070,moirai,7,78.24637603759766
pmsm,0.75,u_q,V,3070,moirai,8,78.49832153320312
pmsm,0.75,u_q,V,3070,moirai,9,78.41265869140625
pmsm,0.75,u_q,V,3070,moirai,10,78.87071990966797
pmsm,0.75,u_q,V,3070,moirai,11,78.7264175415039
pmsm,0.75,u_q,V,3070,moirai,12,79.2325668334961
pmsm,0.75,u_q,V,3070,moirai,13,78.79296112060547
pmsm,0.75,u_q,V,3070,moirai,14,78.63297271728516
pmsm,0.75,u_q,V,3070,moirai,15,78.89192962646484
pmsm,0.75,u_q,V,3070,moirai,16,79.82864379882812
pmsm,0.75,u_q,V,3070,moirai,17,78.76022338867188
pmsm,0.75,u_q,V,3070,moirai,18,79.8818588256836
pmsm,0.75,u_q,V,3070,moirai,19,77.9342269897461
pmsm,0.75,u_q,V,3070,moirai,20,78.24362182617188
pmsm,0.75,u_q,V,3070,moirai,21,78.8952865600586
pmsm,0.75,u_q,V,3070,moirai,22,79.93090057373047
pmsm,0.75,u_q,V,3070,moirai,23,79.90690612792969
pmsm,0.75,u_q,V,3070,moirai,24,78.83871459960938
pmsm,0.75,u_q,V,3070,gaugeformer_v13,1,77.73139953613281
pmsm,0.75,u_q,V,3070,gaugeformer_v13,2,77.53536987304688
pmsm,0.75,u_q,V,3070,gaugeformer_v13,3,77.61256408691406
pmsm,0.75,u_q,V,3070,gaugeformer_v13,4,77.9570083618164
pmsm,0.75,u_q,V,3070,gaugeformer_v13,5,78.14311218261719
pmsm,0.75,u_q,V,3070,gaugeformer_v13,6,78.06251525878906
pmsm,0.75,u_q,V,3070,gaugeformer_v13,7,78.24637603759766
pmsm,0.75,u_q,V,3070,gaugeformer_v13,8,78.49832153320312
pmsm,0.75,u_q,V,3070,gaugeformer_v13,9,78.41265869140625
pmsm,0.75,u_q,V,3070,gaugeformer_v13,10,78.87071990966797
pmsm,0.75,u_q,V,3070,gaugeformer_v13,11,78.7264175415039
pmsm,0.75,u_q,V,3070,gaugeformer_v13,12,79.2325668334961
pmsm,0.75,u_q,V,3070,gaugeformer_v13,13,78.79296112060547
pmsm,0.75,u_q,V,3070,gaugeformer_v13,14,78.63297271728516
pmsm,0.75,u_q,V,3070,gaugeformer_v13,15,78.89192962646484
pmsm,0.75,u_q,V,3070,gaugeformer_v13,16,79.82864379882812
pmsm,0.75,u_q,V,3070,gaugeformer_v13,17,78.76022338867188
pmsm,0.75,u_q,V,3070,gaugeformer_v13,18,79.8818588256836
pmsm,0.75,u_q,V,3070,gaugeformer_v13,19,77.9342269897461
pmsm,0.75,u_q,V,3070,gaugeformer_v13,20,78.24362182617188
pmsm,0.75,u_q,V,3070,gaugeformer_v13,21,78.8952865600586
pmsm,0.75,u_q,V,3070,gaugeformer_v13,22,79.93090057373047
pmsm,0.75,u_q,V,3070,gaugeformer_v13,23,79.90690612792969
pmsm,0.75,u_q,V,3070,gaugeformer_v13,24,78.83871459960938
pmsm,0.25,u_q,V,597,unitime,1,120.92715454101562
pmsm,0.25,u_q,V,597,unitime,2,120.94467163085938
pmsm,0.25,u_q,V,597,unitime,3,120.94464111328125
pmsm,0.25,u_q,V,597,unitime,4,120.93643188476562
pmsm,0.25,u_q,V,597,unitime,5,120.93840026855469
pmsm,0.25,u_q,V,597,unitime,6,120.9600830078125
pmsm,0.25,u_q,V,597,unitime,7,120.95072937011719
pmsm,0.25,u_q,V,597,unitime,8,120.94607543945312
pmsm,0.25,u_q,V,597,unitime,9,120.94291687011719
pmsm,0.25,u_q,V,597,unitime,10,120.96139526367188
pmsm,0.25,u_q,V,597,unitime,11,120.94839477539062
pmsm,0.25,u_q,V,597,unitime,12,120.95834350585938
pmsm,0.25,u_q,V,597,unitime,13,120.94454956054688
pmsm,0.25,u_q,V,597,unitime,14,120.9501953125
pmsm,0.25,u_q,V,597,unitime,15,120.9417724609375
pmsm,0.25,u_q,V,597,unitime,16,120.94992065429688
pmsm,0.25,u_q,V,597,unitime,17,120.94261169433594
pmsm,0.25,u_q,V,597,unitime,18,120.9501953125
pmsm,0.25,u_q,V,597,unitime,19,120.95692443847656
pmsm,0.25,u_q,V,597,unitime,20,120.95027160644531
pmsm,0.25,u_q,V,597,unitime,21,120.95320129394531
pmsm,0.25,u_q,V,597,unitime,22,120.9462890625
pmsm,0.25,u_q,V,597,unitime,23,120.94612121582031
pmsm,0.25,u_q,V,597,unitime,24,120.96078491210938
pmsm,0.75,u_q,V,3070,unitime,1,83.321044921875
pmsm,0.75,u_q,V,3070,unitime,2,83.46831512451172
pmsm,0.75,u_q,V,3070,unitime,3,83.21990966796875
pmsm,0.75,u_q,V,3070,unitime,4,83.1988525390625
pmsm,0.75,u_q,V,3070,unitime,5,83.67025756835938
pmsm,0.75,u_q,V,3070,unitime,6,83.57716369628906
pmsm,0.75,u_q,V,3070,unitime,7,83.74825286865234
pmsm,0.75,u_q,V,3070,unitime,8,83.47357940673828
pmsm,0.75,u_q,V,3070,unitime,9,83.86227416992188
pmsm,0.75,u_q,V,3070,unitime,10,83.67352294921875
pmsm,0.75,u_q,V,3070,unitime,11,83.62592315673828
pmsm,0.75,u_q,V,3070,unitime,12,83.69784545898438
pmsm,0.75,u_q,V,3070,unitime,13,83.6417465209961
pmsm,0.75,u_q,V,3070,unitime,14,83.81024169921875
pmsm,0.75,u_q,V,3070,unitime,15,83.54931640625
pmsm,0.75,u_q,V,3070,unitime,16,83.6259765625
pmsm,0.75,u_q,V,3070,unitime,17,83.40164947509766
pmsm,0.75,u_q,V,3070,unitime,18,83.19390869140625
pmsm,0.75,u_q,V,3070,unitime,19,82.9940414428711
pmsm,0.75,u_q,V,3070,unitime,20,82.9110336303711
pmsm,0.75,u_q,V,3070,unitime,21,83.34095001220703
pmsm,0.75,u_q,V,3070,unitime,22,84.0051498413086
pmsm,0.75,u_q,V,3070,unitime,23,84.03883361816406
pmsm,0.75,u_q,V,3070,unitime,24,84.25570678710938
pmsm,0.25,u_q,V,597,timer_xl,1,121.01727294921875
pmsm,0.25,u_q,V,597,timer_xl,2,121.01506042480469
pmsm,0.25,u_q,V,597,timer_xl,3,121.00682067871094
pmsm,0.25,u_q,V,597,timer_xl,4,121.00325012207031
pmsm,0.25,u_q,V,597,timer_xl,5,121.00497436523438
pmsm,0.25,u_q,V,597,timer_xl,6,120.99784851074219
pmsm,0.25,u_q,V,597,timer_xl,7,120.98526000976562
pmsm,0.25,u_q,V,597,timer_xl,8,120.9910888671875
pmsm,0.25,u_q,V,597,timer_xl,9,120.99061584472656
pmsm,0.25,u_q,V,597,timer_xl,10,120.97964477539062
pmsm,0.25,u_q,V,597,timer_xl,11,120.98065185546875
pmsm,0.25,u_q,V,597,timer_xl,12,120.99177551269531
pmsm,0.25,u_q,V,597,timer_xl,13,121.00001525878906
pmsm,0.25,u_q,V,597,timer_xl,14,121.00257873535156
pmsm,0.25,u_q,V,597,timer_xl,15,121.00148010253906
pmsm,0.25,u_q,V,597,timer_xl,16,121.01174926757812
pmsm,0.25,u_q,V,597,timer_xl,17,121.0076904296875
pmsm,0.25,u_q,V,597,timer_xl,18,121.00398254394531
pmsm,0.25,u_q,V,597,timer_xl,19,121.00387573242188
pmsm,0.25,u_q,V,597,timer_xl,20,121.00910949707031
pmsm,0.25,u_q,V,597,timer_xl,21,121.01708984375
pmsm,0.25,u_q,V,597,timer_xl,22,121.01029968261719
pmsm,0.25,u_q,V,597,timer_xl,23,121.006103515625
pmsm,0.25,u_q,V,597,timer_xl,24,121.01345825195312
pmsm,0.75,u_q,V,3070,timer_xl,1,77.89496612548828
pmsm,0.75,u_q,V,3070,timer_xl,2,78.253173828125
pmsm,0.75,u_q,V,3070,timer_xl,3,78.43682098388672
pmsm,0.75,u_q,V,3070,timer_xl,4,78.962158203125
pmsm,0.75,u_q,V,3070,timer_xl,5,79.14102172851562
pmsm,0.75,u_q,V,3070,timer_xl,6,79.43315124511719
pmsm,0.75,u_q,V,3070,timer_xl,7,79.62224578857422
pmsm,0.75,u_q,V,3070,timer_xl,8,80.14476013183594
pmsm,0.75,u_q,V,3070,timer_xl,9,80.1354751586914
pmsm,0.75,u_q,V,3070,timer_xl,10,80.21277618408203
pmsm,0.75,u_q,V,3070,timer_xl,11,80.55183410644531
pmsm,0.75,u_q,V,3070,timer_xl,12,80.64619445800781
pmsm,0.75,u_q,V,3070,timer_xl,13,80.71884155273438
pmsm,0.75,u_q,V,3070,timer_xl,14,80.95687866210938
pmsm,0.75,u_q,V,3070,timer_xl,15,81.0163803100586
pmsm,0.75,u_q,V,3070,timer_xl,16,81.22297668457031
pmsm,0.75,u_q,V,3070,timer_xl,17,81.20590209960938
pmsm,0.75,u_q,V,3070,timer_xl,18,81.46687316894531
pmsm,0.75,u_q,V,3070,timer_xl,19,81.42369079589844
pmsm,0.75,u_q,V,3070,timer_xl,20,81.3775863647461
pmsm,0.75,u_q,V,3070,timer_xl,21,81.58378601074219
pmsm,0.75,u_q,V,3070,timer_xl,22,81.74320983886719
pmsm,0.75,u_q,V,3070,timer_xl,23,81.68975067138672
pmsm,0.75,u_q,V,3070,timer_xl,24,81.78182983398438
pmsm,0.25,u_q,V,597,gtm,1,120.94021606445312
pmsm,0.25,u_q,V,597,gtm,2,120.9412841796875
pmsm,0.25,u_q,V,597,gtm,3,120.93594360351562
pmsm,0.25,u_q,V,597,gtm,4,120.91206359863281
pmsm,0.25,u_q,V,597,gtm,5,120.92071533203125
pmsm,0.25,u_q,V,597,gtm,6,120.91238403320312
pmsm,0.25,u_q,V,597,gtm,7,120.89825439453125
pmsm,0.25,u_q,V,597,gtm,8,120.90876770019531
pmsm,0.25,u_q,V,597,gtm,9,120.90861511230469
pmsm,0.25,u_q,V,597,gtm,10,120.90547180175781
pmsm,0.25,u_q,V,597,gtm,11,120.90156555175781
pmsm,0.25,u_q,V,597,gtm,12,120.90818786621094
pmsm,0.25,u_q,V,597,gtm,13,120.91976928710938
pmsm,0.25,u_q,V,597,gtm,14,120.92431640625
pmsm,0.25,u_q,V,597,gtm,15,120.93716430664062
pmsm,0.25,u_q,V,597,gtm,16,120.93490600585938
pmsm,0.25,u_q,V,597,gtm,17,120.93479919433594
pmsm,0.25,u_q,V,597,gtm,18,120.94645690917969
pmsm,0.25,u_q,V,597,gtm,19,120.94024658203125
pmsm,0.25,u_q,V,597,gtm,20,120.95210266113281
pmsm,0.25,u_q,V,597,gtm,21,120.92892456054688
pmsm,0.25,u_q,V,597,gtm,22,120.94468688964844
pmsm,0.25,u_q,V,597,gtm,23,120.92628479003906
pmsm,0.25,u_q,V,597,gtm,24,120.94245910644531
pmsm,0.75,u_q,V,3070,gtm,1,78.213134765625
pmsm,0.75,u_q,V,3070,gtm,2,79.22093200683594
pmsm,0.75,u_q,V,3070,gtm,3,79.43099975585938
pmsm,0.75,u_q,V,3070,gtm,4,79.97307586669922
pmsm,0.75,u_q,V,3070,gtm,5,80.06080627441406
pmsm,0.75,u_q,V,3070,gtm,6,79.9581298828125
pmsm,0.75,u_q,V,3070,gtm,7,79.48341369628906
pmsm,0.75,u_q,V,3070,gtm,8,79.56620025634766
pmsm,0.75,u_q,V,3070,gtm,9,79.85930633544922
pmsm,0.75,u_q,V,3070,gtm,10,79.77214813232422
pmsm,0.75,u_q,V,3070,gtm,11,79.74456787109375
pmsm,0.75,u_q,V,3070,gtm,12,79.81332397460938
pmsm,0.75,u_q,V,3070,gtm,13,79.68426513671875
pmsm,0.75,u_q,V,3070,gtm,14,79.74203491210938
pmsm,0.75,u_q,V,3070,gtm,15,79.72692108154297
pmsm,0.75,u_q,V,3070,gtm,16,79.601806640625
pmsm,0.75,u_q,V,3070,gtm,17,79.5536880493164
pmsm,0.75,u_q,V,3070,gtm,18,79.3290786743164
pmsm,0.75,u_q,V,3070,gtm,19,79.56678009033203
pmsm,0.75,u_q,V,3070,gtm,20,79.12931823730469
pmsm,0.75,u_q,V,3070,gtm,21,79.70819091796875
pmsm,0.75,u_q,V,3070,gtm,22,79.156005859375
pmsm,0.75,u_q,V,3070,gtm,23,79.92716217041016
pmsm,0.75,u_q,V,3070,gtm,24,78.47950744628906
pmsm,0.25,u_q,V,597,cpiri,1,120.77540588378906
pmsm,0.25,u_q,V,597,cpiri,2,120.340087890625
pmsm,0.25,u_q,V,597,cpiri,3,119.56929016113281
pmsm,0.25,u_q,V,597,cpiri,4,120.46173095703125
pmsm,0.25,u_q,V,597,cpiri,5,120.51934814453125
pmsm,0.25,u_q,V,597,cpiri,6,119.99388122558594
pmsm,0.25,u_q,V,597,cpiri,7,119.49754333496094
pmsm,0.25,u_q,V,597,cpiri,8,119.82967376708984
pmsm,0.25,u_q,V,597,cpiri,9,120.11799621582031
pmsm,0.25,u_q,V,597,cpiri,10,119.53607177734375
pmsm,0.25,u_q,V,597,cpiri,11,118.87057495117188
pmsm,0.25,u_q,V,597,cpiri,12,118.15209197998047
pmsm,0.25,u_q,V,597,cpiri,13,116.92108917236328
pmsm,0.25,u_q,V,597,cpiri,14,116.8305435180664
pmsm,0.25,u_q,V,597,cpiri,15,116.74630737304688
pmsm,0.25,u_q,V,597,cpiri,16,116.10946655273438
pmsm,0.25,u_q,V,597,cpiri,17,115.8497314453125
pmsm,0.25,u_q,V,597,cpiri,18,116.99046325683594
pmsm,0.25,u_q,V,597,cpiri,19,117.20999908447266
pmsm,0.25,u_q,V,597,cpiri,20,116.47938537597656
pmsm,0.25,u_q,V,597,cpiri,21,117.57516479492188
pmsm,0.25,u_q,V,597,cpiri,22,117.21559143066406
pmsm,0.25,u_q,V,597,cpiri,23,116.50369262695312
pmsm,0.25,u_q,V,597,cpiri,24,116.70893096923828
pmsm,0.75,u_q,V,3070,cpiri,1,78.6236801147461
pmsm,0.75,u_q,V,3070,cpiri,2,78.43806457519531
pmsm,0.75,u_q,V,3070,cpiri,3,77.850830078125
pmsm,0.75,u_q,V,3070,cpiri,4,77.760986328125
pmsm,0.75,u_q,V,3070,cpiri,5,77.90160369873047
pmsm,0.75,u_q,V,3070,cpiri,6,77.52978515625
pmsm,0.75,u_q,V,3070,cpiri,7,77.04188537597656
pmsm,0.75,u_q,V,3070,cpiri,8,77.0060043334961
pmsm,0.75,u_q,V,3070,cpiri,9,76.77696228027344
pmsm,0.75,u_q,V,3070,cpiri,10,76.549072265625
pmsm,0.75,u_q,V,3070,cpiri,11,76.50104522705078
pmsm,0.75,u_q,V,3070,cpiri,12,76.30310821533203
pmsm,0.75,u_q,V,3070,cpiri,13,76.40760803222656
pmsm,0.75,u_q,V,3070,cpiri,14,76.46621704101562
pmsm,0.75,u_q,V,3070,cpiri,15,77.0670166015625
pmsm,0.75,u_q,V,3070,cpiri,16,76.66462707519531
pmsm,0.75,u_q,V,3070,cpiri,17,76.85653686523438
pmsm,0.75,u_q,V,3070,cpiri,18,76.86837005615234
pmsm,0.75,u_q,V,3070,cpiri,19,77.17428588867188
pmsm,0.75,u_q,V,3070,cpiri,20,77.30235290527344
pmsm,0.75,u_q,V,3070,cpiri,21,77.17732238769531
pmsm,0.75,u_q,V,3070,cpiri,22,77.27165222167969
pmsm,0.75,u_q,V,3070,cpiri,23,77.15776824951172
pmsm,0.75,u_q,V,3070,cpiri,24,77.6270523071289
steel_industry,0.25,Usage_kWh,kWh,84,observed,-95,4.820000171661377
steel_industry,0.25,Usage_kWh,kWh,84,observed,-94,4.860000133514404
steel_industry,0.25,Usage_kWh,kWh,84,observed,-93,4.900000095367432
steel_industry,0.25,Usage_kWh,kWh,84,observed,-92,4.860000133514404
steel_industry,0.25,Usage_kWh,kWh,84,observed,-91,4.900000095367432
steel_industry,0.25,Usage_kWh,kWh,84,observed,-90,4.96999979019165
steel_industry,0.25,Usage_kWh,kWh,84,observed,-89,4.900000095367432
steel_industry,0.25,Usage_kWh,kWh,84,observed,-88,6.010000228881836
steel_industry,0.25,Usage_kWh,kWh,84,observed,-87,5.539999961853027
steel_industry,0.25,Usage_kWh,kWh,84,observed,-86,4.0
steel_industry,0.25,Usage_kWh,kWh,84,observed,-85,3.819999933242798
steel_industry,0.25,Usage_kWh,kWh,84,observed,-84,3.740000009536743
steel_industry,0.25,Usage_kWh,kWh,84,observed,-83,3.740000009536743
steel_industry,0.25,Usage_kWh,kWh,84,observed,-82,3.7799999713897705
steel_industry,0.25,Usage_kWh,kWh,84,observed,-81,3.740000009536743
steel_industry,0.25,Usage_kWh,kWh,84,observed,-80,3.7799999713897705
steel_industry,0.25,Usage_kWh,kWh,84,observed,-79,3.7799999713897705
steel_industry,0.25,Usage_kWh,kWh,84,observed,-78,3.7799999713897705
steel_industry,0.25,Usage_kWh,kWh,84,observed,-77,3.740000009536743
steel_industry,0.25,Usage_kWh,kWh,84,observed,-76,3.740000009536743
steel_industry,0.25,Usage_kWh,kWh,84,observed,-75,3.7799999713897705
steel_industry,0.25,Usage_kWh,kWh,84,observed,-74,3.7799999713897705
steel_industry,0.25,Usage_kWh,kWh,84,observed,-73,3.740000009536743
steel_industry,0.25,Usage_kWh,kWh,84,observed,-72,5.510000228881836
steel_industry,0.25,Usage_kWh,kWh,84,observed,-71,5.690000057220459
steel_industry,0.25,Usage_kWh,kWh,84,observed,-70,4.070000171661377
steel_industry,0.25,Usage_kWh,kWh,84,observed,-69,3.740000009536743
steel_industry,0.25,Usage_kWh,kWh,84,observed,-68,3.7100000381469727
steel_industry,0.25,Usage_kWh,kWh,84,observed,-67,3.7100000381469727
steel_industry,0.25,Usage_kWh,kWh,84,observed,-66,3.7799999713897705
steel_industry,0.25,Usage_kWh,kWh,84,observed,-65,3.819999933242798
steel_industry,0.25,Usage_kWh,kWh,84,observed,-64,4.139999866485596
steel_industry,0.25,Usage_kWh,kWh,84,observed,-63,26.170000076293945
steel_industry,0.25,Usage_kWh,kWh,84,observed,-62,42.15999984741211
steel_industry,0.25,Usage_kWh,kWh,84,observed,-61,55.5099983215332
steel_industry,0.25,Usage_kWh,kWh,84,observed,-60,57.779998779296875
steel_industry,0.25,Usage_kWh,kWh,84,observed,-59,45.13999938964844
steel_industry,0.25,Usage_kWh,kWh,84,observed,-58,56.09000015258789
steel_industry,0.25,Usage_kWh,kWh,84,observed,-57,50.720001220703125
steel_industry,0.25,Usage_kWh,kWh,84,observed,-56,50.58000183105469
steel_industry,0.25,Usage_kWh,kWh,84,observed,-55,58.61000061035156
steel_industry,0.25,Usage_kWh,kWh,84,observed,-54,44.86000061035156
steel_industry,0.25,Usage_kWh,kWh,84,observed,-53,58.540000915527344
steel_industry,0.25,Usage_kWh,kWh,84,observed,-52,44.5
steel_industry,0.25,Usage_kWh,kWh,84,observed,-51,56.52000045776367
steel_industry,0.25,Usage_kWh,kWh,84,observed,-50,53.13999938964844
steel_industry,0.25,Usage_kWh,kWh,84,observed,-49,62.209999084472656
steel_industry,0.25,Usage_kWh,kWh,84,observed,-48,30.100000381469727
steel_industry,0.25,Usage_kWh,kWh,84,observed,-47,4.070000171661377
steel_industry,0.25,Usage_kWh,kWh,84,observed,-46,4.570000171661377
steel_industry,0.25,Usage_kWh,kWh,84,observed,-45,5.079999923706055
steel_industry,0.25,Usage_kWh,kWh,84,observed,-44,5.079999923706055
steel_industry,0.25,Usage_kWh,kWh,84,observed,-43,28.65999984741211
steel_industry,0.25,Usage_kWh,kWh,84,observed,-42,49.970001220703125
steel_industry,0.25,Usage_kWh,kWh,84,observed,-41,60.77000045776367
steel_industry,0.25,Usage_kWh,kWh,84,observed,-40,63.43000030517578
steel_industry,0.25,Usage_kWh,kWh,84,observed,-39,61.27000045776367
steel_industry,0.25,Usage_kWh,kWh,84,observed,-38,52.52000045776367
steel_industry,0.25,Usage_kWh,kWh,84,observed,-37,50.36000061035156
steel_industry,0.25,Usage_kWh,kWh,84,observed,-36,47.84000015258789
steel_industry,0.25,Usage_kWh,kWh,84,observed,-35,67.68000030517578
steel_industry,0.25,Usage_kWh,kWh,84,observed,-34,46.369998931884766
steel_industry,0.25,Usage_kWh,kWh,84,observed,-33,55.150001525878906
steel_industry,0.25,Usage_kWh,kWh,84,observed,-32,51.2599983215332
steel_industry,0.25,Usage_kWh,kWh,84,observed,-31,37.150001525878906
steel_industry,0.25,Usage_kWh,kWh,84,observed,-30,48.81999969482422
steel_industry,0.25,Usage_kWh,kWh,84,observed,-29,30.600000381469727
steel_industry,0.25,Usage_kWh,kWh,84,observed,-28,5.869999885559082
steel_industry,0.25,Usage_kWh,kWh,84,observed,-27,5.0
steel_industry,0.25,Usage_kWh,kWh,84,observed,-26,3.6700000762939453
steel_industry,0.25,Usage_kWh,kWh,84,observed,-25,3.7100000381469727
steel_industry,0.25,Usage_kWh,kWh,84,observed,-24,4.5
steel_industry,0.25,Usage_kWh,kWh,84,observed,-23,4.610000133514404
steel_industry,0.25,Usage_kWh,kWh,84,observed,-22,3.640000104904175
steel_industry,0.25,Usage_kWh,kWh,84,observed,-21,3.6700000762939453
steel_industry,0.25,Usage_kWh,kWh,84,observed,-20,3.740000009536743
steel_industry,0.25,Usage_kWh,kWh,84,observed,-19,3.819999933242798
steel_industry,0.25,Usage_kWh,kWh,84,observed,-18,3.7100000381469727
steel_industry,0.25,Usage_kWh,kWh,84,observed,-17,3.6700000762939453
steel_industry,0.25,Usage_kWh,kWh,84,observed,-16,3.7100000381469727
steel_industry,0.25,Usage_kWh,kWh,84,observed,-15,3.740000009536743
steel_industry,0.25,Usage_kWh,kWh,84,observed,-14,3.7100000381469727
steel_industry,0.25,Usage_kWh,kWh,84,observed,-13,3.7100000381469727
steel_industry,0.25,Usage_kWh,kWh,84,observed,-12,3.6700000762939453
steel_industry,0.25,Usage_kWh,kWh,84,observed,-11,3.740000009536743
steel_industry,0.25,Usage_kWh,kWh,84,observed,-10,3.6700000762939453
steel_industry,0.25,Usage_kWh,kWh,84,observed,-9,3.7100000381469727
steel_industry,0.25,Usage_kWh,kWh,84,observed,-8,3.7799999713897705
steel_industry,0.25,Usage_kWh,kWh,84,observed,-7,4.210000038146973
steel_industry,0.25,Usage_kWh,kWh,84,observed,-6,4.429999828338623
steel_industry,0.25,Usage_kWh,kWh,84,observed,-5,3.4600000381469727
steel_industry,0.25,Usage_kWh,kWh,84,observed,-4,3.4200000762939453
steel_industry,0.25,Usage_kWh,kWh,84,observed,-3,3.490000009536743
steel_industry,0.25,Usage_kWh,kWh,84,observed,-2,3.3499999046325684
steel_industry,0.25,Usage_kWh,kWh,84,observed,-1,2.740000009536743
steel_industry,0.25,Usage_kWh,kWh,84,observed,0,2.700000047683716
steel_industry,0.25,Usage_kWh,kWh,84,observed,1,2.700000047683716
steel_industry,0.25,Usage_kWh,kWh,84,observed,2,2.809999942779541
steel_industry,0.25,Usage_kWh,kWh,84,observed,3,2.7699999809265137
steel_industry,0.25,Usage_kWh,kWh,84,observed,4,2.7699999809265137
steel_industry,0.25,Usage_kWh,kWh,84,observed,5,2.7699999809265137
steel_industry,0.25,Usage_kWh,kWh,84,observed,6,2.809999942779541
steel_industry,0.25,Usage_kWh,kWh,84,observed,7,2.7699999809265137
steel_industry,0.25,Usage_kWh,kWh,84,observed,8,2.8399999141693115
steel_industry,0.25,Usage_kWh,kWh,84,observed,9,2.809999942779541
steel_industry,0.25,Usage_kWh,kWh,84,observed,10,4.210000038146973
steel_industry,0.25,Usage_kWh,kWh,84,observed,11,4.28000020980835
steel_industry,0.25,Usage_kWh,kWh,84,observed,12,2.8399999141693115
steel_industry,0.25,Usage_kWh,kWh,84,observed,13,2.9200000762939453
steel_industry,0.25,Usage_kWh,kWh,84,observed,14,2.809999942779541
steel_industry,0.25,Usage_kWh,kWh,84,observed,15,2.880000114440918
steel_industry,0.25,Usage_kWh,kWh,84,observed,16,2.880000114440918
steel_industry,0.25,Usage_kWh,kWh,84,observed,17,2.8399999141693115
steel_industry,0.25,Usage_kWh,kWh,84,observed,18,2.8399999141693115
steel_industry,0.25,Usage_kWh,kWh,84,observed,19,2.8399999141693115
steel_industry,0.25,Usage_kWh,kWh,84,observed,20,2.809999942779541
steel_industry,0.25,Usage_kWh,kWh,84,observed,21,2.8399999141693115
steel_industry,0.25,Usage_kWh,kWh,84,observed,22,2.8399999141693115
steel_industry,0.25,Usage_kWh,kWh,84,observed,23,2.950000047683716
steel_industry,0.25,Usage_kWh,kWh,84,observed,24,3.490000009536743
steel_industry,0.25,Usage_kWh,kWh,84,moirai,1,2.9698095321655273
steel_industry,0.25,Usage_kWh,kWh,84,moirai,2,2.9936094284057617
steel_industry,0.25,Usage_kWh,kWh,84,moirai,3,3.0634517669677734
steel_industry,0.25,Usage_kWh,kWh,84,moirai,4,3.0836668014526367
steel_industry,0.25,Usage_kWh,kWh,84,moirai,5,3.022064208984375
steel_industry,0.25,Usage_kWh,kWh,84,moirai,6,3.1089324951171875
steel_industry,0.25,Usage_kWh,kWh,84,moirai,7,3.0022811889648438
steel_industry,0.25,Usage_kWh,kWh,84,moirai,8,3.0491323471069336
steel_industry,0.25,Usage_kWh,kWh,84,moirai,9,3.064517021179199
steel_industry,0.25,Usage_kWh,kWh,84,moirai,10,3.1589279174804688
steel_industry,0.25,Usage_kWh,kWh,84,moirai,11,3.1619882583618164
steel_industry,0.25,Usage_kWh,kWh,84,moirai,12,3.0855655670166016
steel_industry,0.25,Usage_kWh,kWh,84,moirai,13,3.3130292892456055
steel_industry,0.25,Usage_kWh,kWh,84,moirai,14,3.3343143463134766
steel_industry,0.25,Usage_kWh,kWh,84,moirai,15,3.1794519424438477
steel_industry,0.25,Usage_kWh,kWh,84,moirai,16,3.2680139541625977
steel_industry,0.25,Usage_kWh,kWh,84,moirai,17,3.308286666870117
steel_industry,0.25,Usage_kWh,kWh,84,moirai,18,3.5077037811279297
steel_industry,0.25,Usage_kWh,kWh,84,moirai,19,3.5305843353271484
steel_industry,0.25,Usage_kWh,kWh,84,moirai,20,3.453065872192383
steel_industry,0.25,Usage_kWh,kWh,84,moirai,21,3.274749755859375
steel_industry,0.25,Usage_kWh,kWh,84,moirai,22,3.3972253799438477
steel_industry,0.25,Usage_kWh,kWh,84,moirai,23,3.4275379180908203
steel_industry,0.25,Usage_kWh,kWh,84,moirai,24,3.4257192611694336
steel_industry,0.25,Usage_kWh,kWh,84,gaugeformer_v13,1,2.834904670715332
steel_industry,0.25,Usage_kWh,kWh,84,gaugeformer_v13,2,2.846804618835449
steel_industry,0.25,Usage_kWh,kWh,84,gaugeformer_v13,3,2.881725788116455
steel_industry,0.25,Usage_kWh,kWh,84,gaugeformer_v13,4,2.8918333053588867
steel_industry,0.25,Usage_kWh,kWh,84,gaugeformer_v13,5,2.861032009124756
steel_industry,0.25,Usage_kWh,kWh,84,gaugeformer_v13,6,2.904466152191162
steel_industry,0.25,Usage_kWh,kWh,84,gaugeformer_v13,7,2.8511404991149902
steel_industry,0.25,Usage_kWh,kWh,84,gaugeformer_v13,8,2.874566078186035
steel_industry,0.25,Usage_kWh,kWh,84,gaugeformer_v13,9,2.882258415222168
steel_industry,0.25,Usage_kWh,kWh,84,gaugeformer_v13,10,2.9294638633728027
steel_industry,0.25,Usage_kWh,kWh,84,gaugeformer_v13,11,2.9309940338134766
steel_industry,0.25,Usage_kWh,kWh,84,gaugeformer_v13,12,2.892782688140869
steel_industry,0.25,Usage_kWh,kWh,84,gaugeformer_v13,13,3.006514549255371
steel_industry,0.25,Usage_kWh,kWh,84,gaugeformer_v13,14,3.0171570777893066
steel_industry,0.25,Usage_kWh,kWh,84,gaugeformer_v13,15,2.939725875854492
steel_industry,0.25,Usage_kWh,kWh,84,gaugeformer_v13,16,2.984006881713867
steel_industry,0.25,Usage_kWh,kWh,84,gaugeformer_v13,17,3.004143238067627
steel_industry,0.25,Usage_kWh,kWh,84,gaugeformer_v13,18,3.103851795196533
steel_industry,0.25,Usage_kWh,kWh,84,gaugeformer_v13,19,3.1152920722961426
steel_industry,0.25,Usage_kWh,kWh,84,gaugeformer_v13,20,3.0765328407287598
steel_industry,0.25,Usage_kWh,kWh,84,gaugeformer_v13,21,2.987374782562256
steel_industry,0.25,Usage_kWh,kWh,84,gaugeformer_v13,22,3.048612594604492
steel_industry,0.25,Usage_kWh,kWh,84,gaugeformer_v13,23,3.0637688636779785
steel_industry,0.25,Usage_kWh,kWh,84,gaugeformer_v13,24,3.062859535217285
steel_industry,0.75,Usage_kWh,kWh,229,observed,-95,3.309999942779541
steel_industry,0.75,Usage_kWh,kWh,229,observed,-94,3.3499999046325684
steel_industry,0.75,Usage_kWh,kWh,229,observed,-93,3.640000104904175
steel_industry,0.75,Usage_kWh,kWh,229,observed,-92,4.070000171661377
steel_industry,0.75,Usage_kWh,kWh,229,observed,-91,3.380000114440918
steel_industry,0.75,Usage_kWh,kWh,229,observed,-90,3.2799999713897705
steel_industry,0.75,Usage_kWh,kWh,229,observed,-89,3.890000104904175
steel_industry,0.75,Usage_kWh,kWh,229,observed,-88,3.9600000381469727
steel_industry,0.75,Usage_kWh,kWh,229,observed,-87,39.349998474121094
steel_industry,0.75,Usage_kWh,kWh,229,observed,-86,63.540000915527344
steel_industry,0.75,Usage_kWh,kWh,229,observed,-85,65.0199966430664
steel_industry,0.75,Usage_kWh,kWh,229,observed,-84,63.790000915527344
steel_industry,0.75,Usage_kWh,kWh,229,observed,-83,61.70000076293945
steel_industry,0.75,Usage_kWh,kWh,229,observed,-82,64.80000305175781
steel_industry,0.75,Usage_kWh,kWh,229,observed,-81,51.15999984741211
steel_industry,0.75,Usage_kWh,kWh,229,observed,-80,55.0099983215332
steel_industry,0.75,Usage_kWh,kWh,229,observed,-79,61.810001373291016
steel_industry,0.75,Usage_kWh,kWh,229,observed,-78,72.18000030517578
steel_industry,0.75,Usage_kWh,kWh,229,observed,-77,54.86000061035156
steel_industry,0.75,Usage_kWh,kWh,229,observed,-76,66.77999877929688
steel_industry,0.75,Usage_kWh,kWh,229,observed,-75,69.94999694824219
steel_industry,0.75,Usage_kWh,kWh,229,observed,-74,53.349998474121094
steel_industry,0.75,Usage_kWh,kWh,229,observed,-73,55.5099983215332
steel_industry,0.75,Usage_kWh,kWh,229,observed,-72,11.8100004196167
steel_industry,0.75,Usage_kWh,kWh,229,observed,-71,5.650000095367432
steel_industry,0.75,Usage_kWh,kWh,229,observed,-70,5.539999961853027
steel_industry,0.75,Usage_kWh,kWh,229,observed,-69,5.440000057220459
steel_industry,0.75,Usage_kWh,kWh,229,observed,-68,5.329999923706055
steel_industry,0.75,Usage_kWh,kWh,229,observed,-67,36.470001220703125
steel_industry,0.75,Usage_kWh,kWh,229,observed,-66,63.720001220703125
steel_industry,0.75,Usage_kWh,kWh,229,observed,-65,64.80000305175781
steel_industry,0.75,Usage_kWh,kWh,229,observed,-64,61.849998474121094
steel_industry,0.75,Usage_kWh,kWh,229,observed,-63,57.88999938964844
steel_industry,0.75,Usage_kWh,kWh,229,observed,-62,54.36000061035156
steel_industry,0.75,Usage_kWh,kWh,229,observed,-61,47.380001068115234
steel_industry,0.75,Usage_kWh,kWh,229,observed,-60,43.4900016784668
steel_industry,0.75,Usage_kWh,kWh,229,observed,-59,45.400001525878906
steel_industry,0.75,Usage_kWh,kWh,229,observed,-58,60.54999923706055
steel_industry,0.75,Usage_kWh,kWh,229,observed,-57,48.41999816894531
steel_industry,0.75,Usage_kWh,kWh,229,observed,-56,63.220001220703125
steel_industry,0.75,Usage_kWh,kWh,229,observed,-55,62.63999938964844
steel_industry,0.75,Usage_kWh,kWh,229,observed,-54,66.0199966430664
steel_industry,0.75,Usage_kWh,kWh,229,observed,-53,35.41999816894531
steel_industry,0.75,Usage_kWh,kWh,229,observed,-52,9.109999656677246
steel_industry,0.75,Usage_kWh,kWh,229,observed,-51,8.0600004196167
steel_industry,0.75,Usage_kWh,kWh,229,observed,-50,7.739999771118164
steel_industry,0.75,Usage_kWh,kWh,229,observed,-49,7.849999904632568
steel_industry,0.75,Usage_kWh,kWh,229,observed,-48,6.730000019073486
steel_industry,0.75,Usage_kWh,kWh,229,observed,-47,5.21999979019165
steel_industry,0.75,Usage_kWh,kWh,229,observed,-46,5.690000057220459
steel_industry,0.75,Usage_kWh,kWh,229,observed,-45,5.71999979019165
steel_industry,0.75,Usage_kWh,kWh,229,observed,-44,5.690000057220459
steel_industry,0.75,Usage_kWh,kWh,229,observed,-43,5.71999979019165
steel_industry,0.75,Usage_kWh,kWh,229,observed,-42,5.440000057220459
steel_industry,0.75,Usage_kWh,kWh,229,observed,-41,4.460000038146973
steel_industry,0.75,Usage_kWh,kWh,229,observed,-40,4.5
steel_industry,0.75,Usage_kWh,kWh,229,observed,-39,4.460000038146973
steel_industry,0.75,Usage_kWh,kWh,229,observed,-38,4.5
steel_industry,0.75,Usage_kWh,kWh,229,observed,-37,4.539999961853027
steel_industry,0.75,Usage_kWh,kWh,229,observed,-36,4.460000038146973
steel_industry,0.75,Usage_kWh,kWh,229,observed,-35,4.5
steel_industry,0.75,Usage_kWh,kWh,229,observed,-34,4.5
steel_industry,0.75,Usage_kWh,kWh,229,observed,-33,4.570000171661377
steel_industry,0.75,Usage_kWh,kWh,229,observed,-32,4.570000171661377
steel_industry,0.75,Usage_kWh,kWh,229,observed,-31,4.25
steel_industry,0.75,Usage_kWh,kWh,229,observed,-30,4.25
steel_industry,0.75,Usage_kWh,kWh,229,observed,-29,4.179999828338623
steel_industry,0.75,Usage_kWh,kWh,229,observed,-28,5.440000057220459
steel_industry,0.75,Usage_kWh,kWh,229,observed,-27,4.820000171661377
steel_industry,0.75,Usage_kWh,kWh,229,observed,-26,4.139999866485596
steel_industry,0.75,Usage_kWh,kWh,229,observed,-25,4.179999828338623
steel_industry,0.75,Usage_kWh,kWh,229,observed,-24,4.210000038146973
steel_industry,0.75,Usage_kWh,kWh,229,observed,-23,4.25
steel_industry,0.75,Usage_kWh,kWh,229,observed,-22,4.179999828338623
steel_industry,0.75,Usage_kWh,kWh,229,observed,-21,4.210000038146973
steel_industry,0.75,Usage_kWh,kWh,229,observed,-20,4.210000038146973
steel_industry,0.75,Usage_kWh,kWh,229,observed,-19,4.210000038146973
steel_industry,0.75,Usage_kWh,kWh,229,observed,-18,4.360000133514404
steel_industry,0.75,Usage_kWh,kWh,229,observed,-17,4.28000020980835
steel_industry,0.75,Usage_kWh,kWh,229,observed,-16,4.28000020980835
steel_industry,0.75,Usage_kWh,kWh,229,observed,-15,4.28000020980835
steel_industry,0.75,Usage_kWh,kWh,229,observed,-14,3.7100000381469727
steel_industry,0.75,Usage_kWh,kWh,229,observed,-13,4.320000171661377
steel_industry,0.75,Usage_kWh,kWh,229,observed,-12,3.819999933242798
steel_industry,0.75,Usage_kWh,kWh,229,observed,-11,3.5299999713897705
steel_industry,0.75,Usage_kWh,kWh,229,observed,-10,3.5299999713897705
steel_industry,0.75,Usage_kWh,kWh,229,observed,-9,3.5299999713897705
steel_industry,0.75,Usage_kWh,kWh,229,observed,-8,3.5999999046325684
steel_industry,0.75,Usage_kWh,kWh,229,observed,-7,3.5299999713897705
steel_industry,0.75,Usage_kWh,kWh,229,observed,-6,3.5299999713897705
steel_industry,0.75,Usage_kWh,kWh,229,observed,-5,4.099999904632568
steel_industry,0.75,Usage_kWh,kWh,229,observed,-4,4.25
steel_industry,0.75,Usage_kWh,kWh,229,observed,-3,4.28000020980835
steel_industry,0.75,Usage_kWh,kWh,229,observed,-2,4.25
steel_industry,0.75,Usage_kWh,kWh,229,observed,-1,3.640000104904175
steel_industry,0.75,Usage_kWh,kWh,229,observed,0,3.490000009536743
steel_industry,0.75,Usage_kWh,kWh,229,observed,1,3.4600000381469727
steel_industry,0.75,Usage_kWh,kWh,229,observed,2,4.320000171661377
steel_industry,0.75,Usage_kWh,kWh,229,observed,3,3.5999999046325684
steel_industry,0.75,Usage_kWh,kWh,229,observed,4,3.4200000762939453
steel_industry,0.75,Usage_kWh,kWh,229,observed,5,3.490000009536743
steel_industry,0.75,Usage_kWh,kWh,229,observed,6,4.360000133514404
steel_industry,0.75,Usage_kWh,kWh,229,observed,7,6.190000057220459
steel_industry,0.75,Usage_kWh,kWh,229,observed,8,6.300000190734863
steel_industry,0.75,Usage_kWh,kWh,229,observed,9,6.480000019073486
steel_industry,0.75,Usage_kWh,kWh,229,observed,10,53.349998474121094
steel_industry,0.75,Usage_kWh,kWh,229,observed,11,46.939998626708984
steel_industry,0.75,Usage_kWh,kWh,229,observed,12,52.060001373291016
steel_industry,0.75,Usage_kWh,kWh,229,observed,13,54.83000183105469
steel_industry,0.75,Usage_kWh,kWh,229,observed,14,56.119998931884766
steel_industry,0.75,Usage_kWh,kWh,229,observed,15,58.0
steel_industry,0.75,Usage_kWh,kWh,229,observed,16,50.08000183105469
steel_industry,0.75,Usage_kWh,kWh,229,observed,17,46.040000915527344
steel_industry,0.75,Usage_kWh,kWh,229,observed,18,49.540000915527344
steel_industry,0.75,Usage_kWh,kWh,229,observed,19,54.13999938964844
steel_industry,0.75,Usage_kWh,kWh,229,observed,20,53.779998779296875
steel_industry,0.75,Usage_kWh,kWh,229,observed,21,52.66999816894531
steel_industry,0.75,Usage_kWh,kWh,229,observed,22,55.84000015258789
steel_industry,0.75,Usage_kWh,kWh,229,observed,23,49.63999938964844
steel_industry,0.75,Usage_kWh,kWh,229,observed,24,54.5
steel_industry,0.75,Usage_kWh,kWh,229,moirai,1,3.742950439453125
steel_industry,0.75,Usage_kWh,kWh,229,moirai,2,3.7199039459228516
steel_industry,0.75,Usage_kWh,kWh,229,moirai,3,3.7334556579589844
steel_industry,0.75,Usage_kWh,kWh,229,moirai,4,3.7359066009521484
steel_industry,0.75,Usage_kWh,kWh,229,moirai,5,3.7339725494384766
steel_industry,0.75,Usage_kWh,kWh,229,moirai,6,3.6895923614501953
steel_industry,0.75,Usage_kWh,kWh,229,moirai,7,3.643136978149414
steel_industry,0.75,Usage_kWh,kWh,229,moirai,8,3.7357559204101562
steel_industry,0.75,Usage_kWh,kWh,229,moirai,9,3.7109603881835938
steel_industry,0.75,Usage_kWh,kWh,229,moirai,10,3.7758617401123047
steel_industry,0.75,Usage_kWh,kWh,229,moirai,11,3.722970962524414
steel_industry,0.75,Usage_kWh,kWh,229,moirai,12,3.816457748413086
steel_industry,0.75,Usage_kWh,kWh,229,moirai,13,3.7778167724609375
steel_industry,0.75,Usage_kWh,kWh,229,moirai,14,3.771848678588867
steel_industry,0.75,Usage_kWh,kWh,229,moirai,15,3.8416481018066406
steel_industry,0.75,Usage_kWh,kWh,229,moirai,16,3.88568115234375
steel_industry,0.75,Usage_kWh,kWh,229,moirai,17,3.8499107360839844
steel_industry,0.75,Usage_kWh,kWh,229,moirai,18,3.863422393798828
steel_industry,0.75,Usage_kWh,kWh,229,moirai,19,3.8230533599853516
steel_industry,0.75,Usage_kWh,kWh,229,moirai,20,3.8024463653564453
steel_industry,0.75,Usage_kWh,kWh,229,moirai,21,3.7534027099609375
steel_industry,0.75,Usage_kWh,kWh,229,moirai,22,3.857555389404297
steel_industry,0.75,Usage_kWh,kWh,229,moirai,23,3.7935619354248047
steel_industry,0.75,Usage_kWh,kWh,229,moirai,24,3.742877960205078
steel_industry,0.75,Usage_kWh,kWh,229,gaugeformer_v13,1,3.6164751052856445
steel_industry,0.75,Usage_kWh,kWh,229,gaugeformer_v13,2,3.604951858520508
steel_industry,0.75,Usage_kWh,kWh,229,gaugeformer_v13,3,3.611727714538574
steel_industry,0.75,Usage_kWh,kWh,229,gaugeformer_v13,4,3.6129531860351562
steel_industry,0.75,Usage_kWh,kWh,229,gaugeformer_v13,5,3.6119861602783203
steel_industry,0.75,Usage_kWh,kWh,229,gaugeformer_v13,6,3.5897960662841797
steel_industry,0.75,Usage_kWh,kWh,229,gaugeformer_v13,7,3.566568374633789
steel_industry,0.75,Usage_kWh,kWh,229,gaugeformer_v13,8,3.61287784576416
steel_industry,0.75,Usage_kWh,kWh,229,gaugeformer_v13,9,3.600480079650879
steel_industry,0.75,Usage_kWh,kWh,229,gaugeformer_v13,10,3.6329307556152344
steel_industry,0.75,Usage_kWh,kWh,229,gaugeformer_v13,11,3.606485366821289
steel_industry,0.75,Usage_kWh,kWh,229,gaugeformer_v13,12,3.653228759765625
steel_industry,0.75,Usage_kWh,kWh,229,gaugeformer_v13,13,3.633908271789551
steel_industry,0.75,Usage_kWh,kWh,229,gaugeformer_v13,14,3.6309242248535156
steel_industry,0.75,Usage_kWh,kWh,229,gaugeformer_v13,15,3.6658239364624023
steel_industry,0.75,Usage_kWh,kWh,229,gaugeformer_v13,16,3.687840461730957
steel_industry,0.75,Usage_kWh,kWh,229,gaugeformer_v13,17,3.669955253601074
steel_industry,0.75,Usage_kWh,kWh,229,gaugeformer_v13,18,3.676711082458496
steel_industry,0.75,Usage_kWh,kWh,229,gaugeformer_v13,19,3.656526565551758
steel_industry,0.75,Usage_kWh,kWh,229,gaugeformer_v13,20,3.6462230682373047
steel_industry,0.75,Usage_kWh,kWh,229,gaugeformer_v13,21,3.621701240539551
steel_industry,0.75,Usage_kWh,kWh,229,gaugeformer_v13,22,3.6737775802612305
steel_industry,0.75,Usage_kWh,kWh,229,gaugeformer_v13,23,3.6417808532714844
steel_industry,0.75,Usage_kWh,kWh,229,gaugeformer_v13,24,3.616438865661621
steel_industry,0.25,Usage_kWh,kWh,84,unitime,1,42.90833282470703
steel_industry,0.25,Usage_kWh,kWh,84,unitime,2,44.59217071533203
steel_industry,0.25,Usage_kWh,kWh,84,unitime,3,39.57902145385742
steel_industry,0.25,Usage_kWh,kWh,84,unitime,4,27.96154022216797
steel_industry,0.25,Usage_kWh,kWh,84,unitime,5,38.23655700683594
steel_industry,0.25,Usage_kWh,kWh,84,unitime,6,34.091346740722656
steel_industry,0.25,Usage_kWh,kWh,84,unitime,7,34.24137878417969
steel_industry,0.25,Usage_kWh,kWh,84,unitime,8,38.61854934692383
steel_industry,0.25,Usage_kWh,kWh,84,unitime,9,34.345726013183594
steel_industry,0.25,Usage_kWh,kWh,84,unitime,10,29.345510482788086
steel_industry,0.25,Usage_kWh,kWh,84,unitime,11,30.957439422607422
steel_industry,0.25,Usage_kWh,kWh,84,unitime,12,32.29023361206055
steel_industry,0.25,Usage_kWh,kWh,84,unitime,13,26.151512145996094
steel_industry,0.25,Usage_kWh,kWh,84,unitime,14,30.23253631591797
steel_industry,0.25,Usage_kWh,kWh,84,unitime,15,34.720664978027344
steel_industry,0.25,Usage_kWh,kWh,84,unitime,16,32.48408126831055
steel_industry,0.25,Usage_kWh,kWh,84,unitime,17,31.96833610534668
steel_industry,0.25,Usage_kWh,kWh,84,unitime,18,29.686094284057617
steel_industry,0.25,Usage_kWh,kWh,84,unitime,19,27.64248275756836
steel_industry,0.25,Usage_kWh,kWh,84,unitime,20,32.21842956542969
steel_industry,0.25,Usage_kWh,kWh,84,unitime,21,33.38411331176758
steel_industry,0.25,Usage_kWh,kWh,84,unitime,22,35.062191009521484
steel_industry,0.25,Usage_kWh,kWh,84,unitime,23,32.26454162597656
steel_industry,0.25,Usage_kWh,kWh,84,unitime,24,36.720088958740234
steel_industry,0.75,Usage_kWh,kWh,229,unitime,1,14.438066482543945
steel_industry,0.75,Usage_kWh,kWh,229,unitime,2,21.577924728393555
steel_industry,0.75,Usage_kWh,kWh,229,unitime,3,18.128902435302734
steel_industry,0.75,Usage_kWh,kWh,229,unitime,4,-0.6244277954101562
steel_industry,0.75,Usage_kWh,kWh,229,unitime,5,-2.432464599609375
steel_industry,0.75,Usage_kWh,kWh,229,unitime,6,-1.9262828826904297
steel_industry,0.75,Usage_kWh,kWh,229,unitime,7,-2.5515403747558594
steel_industry,0.75,Usage_kWh,kWh,229,unitime,8,-5.809587478637695
steel_industry,0.75,Usage_kWh,kWh,229,unitime,9,1.7709617614746094
steel_industry,0.75,Usage_kWh,kWh,229,unitime,10,2.710886001586914
steel_industry,0.75,Usage_kWh,kWh,229,unitime,11,4.369838714599609
steel_industry,0.75,Usage_kWh,kWh,229,unitime,12,0.649017333984375
steel_industry,0.75,Usage_kWh,kWh,229,unitime,13,-2.3209056854248047
steel_industry,0.75,Usage_kWh,kWh,229,unitime,14,-5.923585891723633
steel_industry,0.75,Usage_kWh,kWh,229,unitime,15,-7.392114639282227
steel_industry,0.75,Usage_kWh,kWh,229,unitime,16,-7.89030647277832
steel_industry,0.75,Usage_kWh,kWh,229,unitime,17,-9.328813552856445
steel_industry,0.75,Usage_kWh,kWh,229,unitime,18,-16.80107307434082
steel_industry,0.75,Usage_kWh,kWh,229,unitime,19,-11.630044937133789
steel_industry,0.75,Usage_kWh,kWh,229,unitime,20,-15.345422744750977
steel_industry,0.75,Usage_kWh,kWh,229,unitime,21,-14.295465469360352
steel_industry,0.75,Usage_kWh,kWh,229,unitime,22,-16.423559188842773
steel_industry,0.75,Usage_kWh,kWh,229,unitime,23,-21.766950607299805
steel_industry,0.75,Usage_kWh,kWh,229,unitime,24,-12.379293441772461
steel_industry,0.25,Usage_kWh,kWh,84,timer_xl,1,4.187124252319336
steel_industry,0.25,Usage_kWh,kWh,84,timer_xl,2,5.7800140380859375
steel_industry,0.25,Usage_kWh,kWh,84,timer_xl,3,6.861076354980469
steel_industry,0.25,Usage_kWh,kWh,84,timer_xl,4,7.831613540649414
steel_industry,0.25,Usage_kWh,kWh,84,timer_xl,5,8.788639068603516
steel_industry,0.25,Usage_kWh,kWh,84,timer_xl,6,8.808574676513672
steel_industry,0.25,Usage_kWh,kWh,84,timer_xl,7,9.541421890258789
steel_industry,0.25,Usage_kWh,kWh,84,timer_xl,8,9.23641586303711
steel_industry,0.25,Usage_kWh,kWh,84,timer_xl,9,11.089641571044922
steel_industry,0.25,Usage_kWh,kWh,84,timer_xl,10,11.749710083007812
steel_industry,0.25,Usage_kWh,kWh,84,timer_xl,11,12.840925216674805
steel_industry,0.25,Usage_kWh,kWh,84,timer_xl,12,11.829835891723633
steel_industry,0.25,Usage_kWh,kWh,84,timer_xl,13,12.494697570800781
steel_industry,0.25,Usage_kWh,kWh,84,timer_xl,14,11.35020637512207
steel_industry,0.25,Usage_kWh,kWh,84,timer_xl,15,12.245746612548828
steel_industry,0.25,Usage_kWh,kWh,84,timer_xl,16,11.116924285888672
steel_industry,0.25,Usage_kWh,kWh,84,timer_xl,17,10.658895492553711
steel_industry,0.25,Usage_kWh,kWh,84,timer_xl,18,10.367061614990234
steel_industry,0.25,Usage_kWh,kWh,84,timer_xl,19,10.821931838989258
steel_industry,0.25,Usage_kWh,kWh,84,timer_xl,20,10.304258346557617
steel_industry,0.25,Usage_kWh,kWh,84,timer_xl,21,11.936906814575195
steel_industry,0.25,Usage_kWh,kWh,84,timer_xl,22,12.576412200927734
steel_industry,0.25,Usage_kWh,kWh,84,timer_xl,23,14.20792007446289
steel_industry,0.25,Usage_kWh,kWh,84,timer_xl,24,10.815845489501953
steel_industry,0.75,Usage_kWh,kWh,229,timer_xl,1,4.019174575805664
steel_industry,0.75,Usage_kWh,kWh,229,timer_xl,2,5.739934921264648
steel_industry,0.75,Usage_kWh,kWh,229,timer_xl,3,4.946474075317383
steel_industry,0.75,Usage_kWh,kWh,229,timer_xl,4,6.102779388427734
steel_industry,0.75,Usage_kWh,kWh,229,timer_xl,5,8.235342025756836
steel_industry,0.75,Usage_kWh,kWh,229,timer_xl,6,8.876991271972656
steel_industry,0.75,Usage_kWh,kWh,229,timer_xl,7,7.881624221801758
steel_industry,0.75,Usage_kWh,kWh,229,timer_xl,8,9.102407455444336
steel_industry,0.75,Usage_kWh,kWh,229,timer_xl,9,9.849544525146484
steel_industry,0.75,Usage_kWh,kWh,229,timer_xl,10,12.210700988769531
steel_industry,0.75,Usage_kWh,kWh,229,timer_xl,11,11.92532730102539
steel_industry,0.75,Usage_kWh,kWh,229,timer_xl,12,10.564268112182617
steel_industry,0.75,Usage_kWh,kWh,229,timer_xl,13,10.765617370605469
steel_industry,0.75,Usage_kWh,kWh,229,timer_xl,14,11.823371887207031
steel_industry,0.75,Usage_kWh,kWh,229,timer_xl,15,10.202478408813477
steel_industry,0.75,Usage_kWh,kWh,229,timer_xl,16,9.549295425415039
steel_industry,0.75,Usage_kWh,kWh,229,timer_xl,17,10.799224853515625
steel_industry,0.75,Usage_kWh,kWh,229,timer_xl,18,12.097797393798828
steel_industry,0.75,Usage_kWh,kWh,229,timer_xl,19,10.12942123413086
steel_industry,0.75,Usage_kWh,kWh,229,timer_xl,20,11.414499282836914
steel_industry,0.75,Usage_kWh,kWh,229,timer_xl,21,13.27357292175293
steel_industry,0.75,Usage_kWh,kWh,229,timer_xl,22,14.186478614807129
steel_industry,0.75,Usage_kWh,kWh,229,timer_xl,23,17.359817504882812
steel_industry,0.75,Usage_kWh,kWh,229,timer_xl,24,14.309054374694824
steel_industry,0.25,Usage_kWh,kWh,84,gtm,1,3.4206180572509766
steel_industry,0.25,Usage_kWh,kWh,84,gtm,2,2.4502506256103516
steel_industry,0.25,Usage_kWh,kWh,84,gtm,3,4.514980316162109
steel_industry,0.25,Usage_kWh,kWh,84,gtm,4,2.8380584716796875
steel_industry,0.25,Usage_kWh,kWh,84,gtm,5,3.139575958251953
steel_industry,0.25,Usage_kWh,kWh,84,gtm,6,6.716915130615234
steel_industry,0.25,Usage_kWh,kWh,84,gtm,7,6.301002502441406
steel_industry,0.25,Usage_kWh,kWh,84,gtm,8,5.856327056884766
steel_industry,0.25,Usage_kWh,kWh,84,gtm,9,6.200187683105469
steel_industry,0.25,Usage_kWh,kWh,84,gtm,10,5.438695907592773
steel_industry,0.25,Usage_kWh,kWh,84,gtm,11,5.183576583862305
steel_industry,0.25,Usage_kWh,kWh,84,gtm,12,3.1621131896972656
steel_industry,0.25,Usage_kWh,kWh,84,gtm,13,4.81610107421875
steel_industry,0.25,Usage_kWh,kWh,84,gtm,14,7.606302261352539
steel_industry,0.25,Usage_kWh,kWh,84,gtm,15,3.4049835205078125
steel_industry,0.25,Usage_kWh,kWh,84,gtm,16,4.45454216003418
steel_industry,0.25,Usage_kWh,kWh,84,gtm,17,8.680135726928711
steel_industry,0.25,Usage_kWh,kWh,84,gtm,18,8.460535049438477
steel_industry,0.25,Usage_kWh,kWh,84,gtm,19,4.848171234130859
steel_industry,0.25,Usage_kWh,kWh,84,gtm,20,4.137056350708008
steel_industry,0.25,Usage_kWh,kWh,84,gtm,21,4.346906661987305
steel_industry,0.25,Usage_kWh,kWh,84,gtm,22,6.530860900878906
steel_industry,0.25,Usage_kWh,kWh,84,gtm,23,4.983592987060547
steel_industry,0.25,Usage_kWh,kWh,84,gtm,24,8.631692886352539
steel_industry,0.75,Usage_kWh,kWh,229,gtm,1,6.2219390869140625
steel_industry,0.75,Usage_kWh,kWh,229,gtm,2,5.472902297973633
steel_industry,0.75,Usage_kWh,kWh,229,gtm,3,7.794260025024414
steel_industry,0.75,Usage_kWh,kWh,229,gtm,4,5.769870758056641
steel_industry,0.75,Usage_kWh,kWh,229,gtm,5,3.9506683349609375
steel_industry,0.75,Usage_kWh,kWh,229,gtm,6,10.465782165527344
steel_industry,0.75,Usage_kWh,kWh,229,gtm,7,8.760936737060547
steel_industry,0.75,Usage_kWh,kWh,229,gtm,8,6.587785720825195
steel_industry,0.75,Usage_kWh,kWh,229,gtm,9,5.584590911865234
steel_industry,0.75,Usage_kWh,kWh,229,gtm,10,5.638233184814453
steel_industry,0.75,Usage_kWh,kWh,229,gtm,11,7.703348159790039
steel_industry,0.75,Usage_kWh,kWh,229,gtm,12,5.887811660766602
steel_industry,0.75,Usage_kWh,kWh,229,gtm,13,6.701826095581055
steel_industry,0.75,Usage_kWh,kWh,229,gtm,14,13.681960105895996
steel_industry,0.75,Usage_kWh,kWh,229,gtm,15,6.982959747314453
steel_industry,0.75,Usage_kWh,kWh,229,gtm,16,7.924860000610352
steel_industry,0.75,Usage_kWh,kWh,229,gtm,17,13.462958335876465
steel_industry,0.75,Usage_kWh,kWh,229,gtm,18,14.397523880004883
steel_industry,0.75,Usage_kWh,kWh,229,gtm,19,7.589557647705078
steel_industry,0.75,Usage_kWh,kWh,229,gtm,20,7.255702972412109
steel_industry,0.75,Usage_kWh,kWh,229,gtm,21,9.78849983215332
steel_industry,0.75,Usage_kWh,kWh,229,gtm,22,9.768619537353516
steel_industry,0.75,Usage_kWh,kWh,229,gtm,23,9.858121871948242
steel_industry,0.75,Usage_kWh,kWh,229,gtm,24,14.798357009887695
steel_industry,0.25,Usage_kWh,kWh,84,cpiri,1,5.814342498779297
steel_industry,0.25,Usage_kWh,kWh,84,cpiri,2,3.0622177124023438
steel_industry,0.25,Usage_kWh,kWh,84,cpiri,3,4.044336318969727
steel_industry,0.25,Usage_kWh,kWh,84,cpiri,4,4.635730743408203
steel_industry,0.25,Usage_kWh,kWh,84,cpiri,5,7.881887435913086
steel_industry,0.25,Usage_kWh,kWh,84,cpiri,6,11.999216079711914
steel_industry,0.25,Usage_kWh,kWh,84,cpiri,7,15.89806079864502
steel_industry,0.25,Usage_kWh,kWh,84,cpiri,8,19.539209365844727
steel_industry,0.25,Usage_kWh,kWh,84,cpiri,9,22.096851348876953
steel_industry,0.25,Usage_kWh,kWh,84,cpiri,10,29.178936004638672
steel_industry,0.25,Usage_kWh,kWh,84,cpiri,11,32.86063766479492
steel_industry,0.25,Usage_kWh,kWh,84,cpiri,12,40.44344711303711
steel_industry,0.25,Usage_kWh,kWh,84,cpiri,13,45.23527526855469
steel_industry,0.25,Usage_kWh,kWh,84,cpiri,14,48.93638610839844
steel_industry,0.25,Usage_kWh,kWh,84,cpiri,15,44.7163200378418
steel_industry,0.25,Usage_kWh,kWh,84,cpiri,16,48.53443908691406
steel_industry,0.25,Usage_kWh,kWh,84,cpiri,17,49.05851745605469
steel_industry,0.25,Usage_kWh,kWh,84,cpiri,18,43.10159683227539
steel_industry,0.25,Usage_kWh,kWh,84,cpiri,19,37.23694610595703
steel_industry,0.25,Usage_kWh,kWh,84,cpiri,20,35.06722640991211
steel_industry,0.25,Usage_kWh,kWh,84,cpiri,21,29.984338760375977
steel_industry,0.25,Usage_kWh,kWh,84,cpiri,22,26.14850616455078
steel_industry,0.25,Usage_kWh,kWh,84,cpiri,23,24.427419662475586
steel_industry,0.25,Usage_kWh,kWh,84,cpiri,24,23.264503479003906
steel_industry,0.75,Usage_kWh,kWh,229,cpiri,1,6.246133804321289
steel_industry,0.75,Usage_kWh,kWh,229,cpiri,2,6.662900924682617
steel_industry,0.75,Usage_kWh,kWh,229,cpiri,3,7.167242050170898
steel_industry,0.75,Usage_kWh,kWh,229,cpiri,4,7.23063850402832
steel_industry,0.75,Usage_kWh,kWh,229,cpiri,5,7.61384391784668
steel_industry,0.75,Usage_kWh,kWh,229,cpiri,6,8.026922225952148
steel_industry,0.75,Usage_kWh,kWh,229,cpiri,7,8.087934494018555
steel_industry,0.75,Usage_kWh,kWh,229,cpiri,8,7.863132476806641
steel_industry,0.75,Usage_kWh,kWh,229,cpiri,9,7.932229995727539
steel_industry,0.75,Usage_kWh,kWh,229,cpiri,10,8.135805130004883
steel_industry,0.75,Usage_kWh,kWh,229,cpiri,11,8.267961502075195
steel_industry,0.75,Usage_kWh,kWh,229,cpiri,12,9.153526306152344
steel_industry,0.75,Usage_kWh,kWh,229,cpiri,13,9.49870491027832
steel_industry,0.75,Usage_kWh,kWh,229,cpiri,14,9.507596969604492
steel_industry,0.75,Usage_kWh,kWh,229,cpiri,15,9.802446365356445
steel_industry,0.75,Usage_kWh,kWh,229,cpiri,16,10.448400497436523
steel_industry,0.75,Usage_kWh,kWh,229,cpiri,17,10.747152328491211
steel_industry,0.75,Usage_kWh,kWh,229,cpiri,18,10.583442687988281
steel_industry,0.75,Usage_kWh,kWh,229,cpiri,19,10.21927261352539
steel_industry,0.75,Usage_kWh,kWh,229,cpiri,20,10.708799362182617
steel_industry,0.75,Usage_kWh,kWh,229,cpiri,21,10.179502487182617
steel_industry,0.75,Usage_kWh,kWh,229,cpiri,22,10.36614990234375
steel_industry,0.75,Usage_kWh,kWh,229,cpiri,23,9.808622360229492
steel_industry,0.75,Usage_kWh,kWh,229,cpiri,24,10.103933334350586
