backbone,method,family,seed,system,sd_nmae,sd_nrmse
gtm,gtm,joint,101,building_energy,0.26636759825353656,0.4118055026950516
gtm,gtm,joint,101,hydraulic,0.05944467565120841,0.12609936007828612
gtm,gtm,joint,101,metropt,0.478865445059384,1.0517668854761149
gtm,gtm,joint,101,pmsm,0.06784513261678793,0.16412989153425192
gtm,gtm,joint,101,steel_industry,0.3605191272510465,0.5804249360914623
gtm,gtm_gaugeformer,joint,101,building_energy,0.25622907863636646,0.41229018993935274
gtm,gtm_gaugeformer,joint,101,hydraulic,0.0755726445141109,0.15057248258279873
gtm,gtm_gaugeformer,joint,101,metropt,0.463295372798929,1.0460979611233319
gtm,gtm_gaugeformer,joint,101,pmsm,0.05955658047601218,0.1529360927485334
gtm,gtm_gaugeformer,joint,101,steel_industry,0.34784746355192403,0.5936268274004926
gtm,gtm_no_level_experts,joint,101,building_energy,0.25917655672148565,0.41554830667213793
gtm,gtm_no_level_experts,joint,101,hydraulic,0.07638583001550024,0.15129363357402092
gtm,gtm_no_level_experts,joint,101,metropt,0.46921881078263544,1.0640243477913613
gtm,gtm_no_level_experts,joint,101,pmsm,0.059490173918139204,0.15252084580336212
gtm,gtm_no_level_experts,joint,101,steel_industry,0.3507085831182627,0.5898307395245199
gtm,gtm_no_trend_experts,joint,101,building_energy,0.2595376478267681,0.41190478825214494
gtm,gtm_no_trend_experts,joint,101,hydraulic,0.07547519219824414,0.1505784794560885
gtm,gtm_no_trend_experts,joint,101,metropt,0.46510449528820186,1.0425045899064256
gtm,gtm_no_trend_experts,joint,101,pmsm,0.060281595060952486,0.15428042905020004
gtm,gtm_no_trend_experts,joint,101,steel_industry,0.34784746355192403,0.5936268274004926
gtm,gtm_no_origin_win_guard,joint,101,building_energy,0.2558137836141979,0.41235373699126615
gtm,gtm_no_origin_win_guard,joint,101,hydraulic,0.07555759110885495,0.15055522812961752
gtm,gtm_no_origin_win_guard,joint,101,metropt,0.46377162657094356,1.0494962426919563
gtm,gtm_no_origin_win_guard,joint,101,pmsm,0.05955334871727502,0.1529351396100825
gtm,gtm_no_origin_win_guard,joint,101,steel_industry,0.34784746355192403,0.5936268274004926
gtm,gtm_no_shrinkage,joint,101,building_energy,0.2634439087348295,0.43879482112782403
gtm,gtm_no_shrinkage,joint,101,hydraulic,0.1091717330142297,0.20800465957203512
gtm,gtm_no_shrinkage,joint,101,metropt,0.4693590608608998,1.074438902633173
gtm,gtm_no_shrinkage,joint,101,pmsm,0.05492191202552154,0.15041073420085846
gtm,gtm_no_shrinkage,joint,101,steel_industry,0.34049264023809594,0.651577177553412
gtm,gtm_no_warmup,joint,101,building_energy,0.2548593183595122,0.4113735319229491
gtm,gtm_no_warmup,joint,101,hydraulic,0.07617193002418778,0.1513976078494308
gtm,gtm_no_warmup,joint,101,metropt,0.46325055189078324,1.0464832061453362
gtm,gtm_no_warmup,joint,101,pmsm,0.05954173043601749,0.15293253884465494
gtm,gtm_no_warmup,joint,101,steel_industry,0.348450029396416,0.5955241017470726
gtm,gtm_no_memory,joint,101,building_energy,0.26731120500526306,0.42313737963910086
gtm,gtm_no_memory,joint,101,hydraulic,0.07775585021754901,0.1562147325910948
gtm,gtm_no_memory,joint,101,metropt,0.48607404612448063,1.1077009473630148
gtm,gtm_no_memory,joint,101,pmsm,0.06275449716810362,0.15890879410032047
gtm,gtm_no_memory,joint,101,steel_industry,0.35812221326663635,0.6071763885044527
gtm,gtm,joint,17,building_energy,0.268242113483808,0.41114496683770374
gtm,gtm,joint,17,hydraulic,0.061035205736685805,0.12651565429316644
gtm,gtm,joint,17,metropt,0.4853097846044161,1.0556422804987613
gtm,gtm,joint,17,pmsm,0.06768297691541067,0.16379303635563006
gtm,gtm,joint,17,steel_industry,0.35534451665129296,0.5806956123132937
gtm,gtm_gaugeformer,joint,17,building_energy,0.2569050392681626,0.41063112985071965
gtm,gtm_gaugeformer,joint,17,hydraulic,0.07663302177163278,0.15071747244049138
gtm,gtm_gaugeformer,joint,17,metropt,0.46876392538461664,1.0501031416121325
gtm,gtm_gaugeformer,joint,17,pmsm,0.05949206390852841,0.15266446043654217
gtm,gtm_gaugeformer,joint,17,steel_industry,0.34578879456846334,0.5959965916225405
gtm,gtm_no_level_experts,joint,17,building_energy,0.2602513559281111,0.4139568287399802
gtm,gtm_no_level_experts,joint,17,hydraulic,0.07739696544529838,0.1514385006053445
gtm,gtm_no_level_experts,joint,17,metropt,0.4754827415473545,1.0735926719198527
gtm,gtm_no_level_experts,joint,17,pmsm,0.05941853355325197,0.15224471610509366
gtm,gtm_no_level_experts,joint,17,steel_industry,0.3488577088049841,0.5919427922074849
gtm,gtm_no_trend_experts,joint,17,building_energy,0.2633964504782153,0.41476528805718693
gtm,gtm_no_trend_experts,joint,17,hydraulic,0.07657286262627291,0.15077291003047724
gtm,gtm_no_trend_experts,joint,17,metropt,0.4711737099696543,1.0475519932600217
gtm,gtm_no_trend_experts,joint,17,pmsm,0.060228354339622266,0.15403705819794913
gtm,gtm_no_trend_experts,joint,17,steel_industry,0.34578879456846334,0.5959965916225405
gtm,gtm_no_origin_win_guard,joint,17,building_energy,0.2557277744707487,0.41008348752986296
gtm,gtm_no_origin_win_guard,joint,17,hydraulic,0.07663302177163278,0.15071747244049138
gtm,gtm_no_origin_win_guard,joint,17,metropt,0.4695157342838169,1.0534240638156158
gtm,gtm_no_origin_win_guard,joint,17,pmsm,0.059485287373193314,0.15266073405187516
gtm,gtm_no_origin_win_guard,joint,17,steel_industry,0.34578879456846334,0.5959965916225405
gtm,gtm_no_shrinkage,joint,17,building_energy,0.26462921715809967,0.4389865114458051
gtm,gtm_no_shrinkage,joint,17,hydraulic,0.10914029615249839,0.2080072560679884
gtm,gtm_no_shrinkage,joint,17,metropt,0.4746225101439814,1.085997599888948
gtm,gtm_no_shrinkage,joint,17,pmsm,0.054920375500836,0.1504094914448458
gtm,gtm_no_shrinkage,joint,17,steel_industry,0.3417034101973579,0.6551387975134377
gtm,gtm_no_warmup,joint,17,building_energy,0.2559710335326841,0.41014494211467967
gtm,gtm_no_warmup,joint,17,hydraulic,0.07726625204635532,0.15152661591769204
gtm,gtm_no_warmup,joint,17,metropt,0.46862967456222593,1.050331817030058
gtm,gtm_no_warmup,joint,17,pmsm,0.0594777546867386,0.1526597118690139
gtm,gtm_no_warmup,joint,17,steel_industry,0.3465093463121044,0.5980103537375631
gtm,gtm_no_memory,joint,17,building_energy,0.26860456393000404,0.4225363615440823
gtm,gtm_no_memory,joint,17,hydraulic,0.08007620628228745,0.16496002806752377
gtm,gtm_no_memory,joint,17,metropt,0.48981776437963637,1.111999465099555
gtm,gtm_no_memory,joint,17,pmsm,0.06255942510449548,0.15856649654599875
gtm,gtm_no_memory,joint,17,steel_industry,0.35447656304628394,0.6066744633680601
gtm,gtm,joint,29,building_energy,0.26557315762595496,0.41065242387136713
gtm,gtm,joint,29,hydraulic,0.058091943505034466,0.12401449971785972
gtm,gtm,joint,29,metropt,0.48754275736904434,1.0609608122239371
gtm,gtm,joint,29,pmsm,0.0682120156251597,0.16413807165959107
gtm,gtm,joint,29,steel_industry,0.35926524934190324,0.5801428001815325
gtm,gtm_gaugeformer,joint,29,building_energy,0.2558046082493365,0.41120146143714426
gtm,gtm_gaugeformer,joint,29,hydraulic,0.0752306476295736,0.149790427051856
gtm,gtm_gaugeformer,joint,29,metropt,0.47328830419551454,1.0630551591285566
gtm,gtm_gaugeformer,joint,29,pmsm,0.05972672232211735,0.15290293039322742
gtm,gtm_gaugeformer,joint,29,steel_industry,0.3463608849853112,0.5912541952790967
gtm,gtm_no_level_experts,joint,29,building_energy,0.258882060594857,0.4145036974298418
gtm,gtm_no_level_experts,joint,29,hydraulic,0.0759818771977026,0.1504758149028993
gtm,gtm_no_level_experts,joint,29,metropt,0.4799575453419945,1.0867977877224573
gtm,gtm_no_level_experts,joint,29,pmsm,0.059670062548493184,0.15250592385628495
gtm,gtm_no_level_experts,joint,29,steel_industry,0.3489855346586568,0.5879300677164248
gtm,gtm_no_trend_experts,joint,29,building_energy,0.2626219211510811,0.41533230841758767
gtm,gtm_no_trend_experts,joint,29,hydraulic,0.07513582397691089,0.14980580798671472
gtm,gtm_no_trend_experts,joint,29,metropt,0.4757781935753244,1.0599286173252573
gtm,gtm_no_trend_experts,joint,29,pmsm,0.06046149682353313,0.1542617609980821
gtm,gtm_no_trend_experts,joint,29,steel_industry,0.3463608849853112,0.5912541952790967
gtm,gtm_no_origin_win_guard,joint,29,building_energy,0.255006833223594,0.41075623440623565
gtm,gtm_no_origin_win_guard,joint,29,hydraulic,0.0752306476295736,0.149790427051856
gtm,gtm_no_origin_win_guard,joint,29,metropt,0.4732221065043663,1.064220886791633
gtm,gtm_no_origin_win_guard,joint,29,pmsm,0.059722451820461486,0.15290298694468094
gtm,gtm_no_origin_win_guard,joint,29,steel_industry,0.3463608849853112,0.5912541952790967
gtm,gtm_no_shrinkage,joint,29,building_energy,0.2634251312486977,0.4380696256744455
gtm,gtm_no_shrinkage,joint,29,hydraulic,0.10907511669181104,0.20796024544219188
gtm,gtm_no_shrinkage,joint,29,metropt,0.48325766993863584,1.1104708422532783
gtm,gtm_no_shrinkage,joint,29,pmsm,0.054917247686065464,0.15039966000795893
gtm,gtm_no_shrinkage,joint,29,steel_industry,0.3396628163257635,0.652113189120608
gtm,gtm_no_warmup,joint,29,building_energy,0.2548429631069762,0.41082643960352977
gtm,gtm_no_warmup,joint,29,hydraulic,0.07589175974307985,0.15063853762987542
gtm,gtm_no_warmup,joint,29,metropt,0.47310751032654613,1.0631804138092356
gtm,gtm_no_warmup,joint,29,pmsm,0.05971453429778443,0.152901379339735
gtm,gtm_no_warmup,joint,29,steel_industry,0.34703906914892463,0.5931498110231398
gtm,gtm_no_memory,joint,29,building_energy,0.2673283418801865,0.4226777744481981
gtm,gtm_no_memory,joint,29,hydraulic,0.07865836592384315,0.16491405160826245
gtm,gtm_no_memory,joint,29,metropt,0.490869137745472,1.1161524166155699
gtm,gtm_no_memory,joint,29,pmsm,0.06277725877012723,0.15853430016444817
gtm,gtm_no_memory,joint,29,steel_industry,0.35730170353541846,0.6053892675140983
gtm,gtm,joint,43,building_energy,0.26834910458232203,0.4131427628727894
gtm,gtm,joint,43,hydraulic,0.060776442992768354,0.12937692503041193
gtm,gtm,joint,43,metropt,0.5014578406482848,1.064486813544989
gtm,gtm,joint,43,pmsm,0.067169737535754,0.1628279131657869
gtm,gtm,joint,43,steel_industry,0.3548611484103368,0.5740337073428153
gtm,gtm_gaugeformer,joint,43,building_energy,0.25736204652023037,0.4123857637230535
gtm,gtm_gaugeformer,joint,43,hydraulic,0.07720971510382511,0.15311406101281227
gtm,gtm_gaugeformer,joint,43,metropt,0.47927267430367587,1.0707072698921842
gtm,gtm_gaugeformer,joint,43,pmsm,0.05924793016998215,0.15218919814337448
gtm,gtm_gaugeformer,joint,43,steel_industry,0.3426214744444373,0.5878514790837686
gtm,gtm_no_level_experts,joint,43,building_energy,0.2608041861385102,0.4160902600554971
gtm,gtm_no_level_experts,joint,43,hydraulic,0.07803582083730298,0.1538525770716268
gtm,gtm_no_level_experts,joint,43,metropt,0.48716436764378973,1.1109209854681812
gtm,gtm_no_level_experts,joint,43,pmsm,0.05918848630076403,0.1517995079912474
gtm,gtm_no_level_experts,joint,43,steel_industry,0.34547663783438,0.584826034022207
gtm,gtm_no_trend_experts,joint,43,building_energy,0.2644004396599732,0.4169532233350548
gtm,gtm_no_trend_experts,joint,43,hydraulic,0.07716043662417775,0.15318931121236595
gtm,gtm_no_trend_experts,joint,43,metropt,0.4829653039104679,1.0640344519606004
gtm,gtm_no_trend_experts,joint,43,pmsm,0.059988969556931344,0.15357692445563828
gtm,gtm_no_trend_experts,joint,43,steel_industry,0.3426214744444373,0.5878514790837686
gtm,gtm_no_origin_win_guard,joint,43,building_energy,0.25609408650222704,0.4114148404103513
gtm,gtm_no_origin_win_guard,joint,43,hydraulic,0.07739921509994754,0.15332371474057985
gtm,gtm_no_origin_win_guard,joint,43,metropt,0.4792733249424944,1.072731848130816
gtm,gtm_no_origin_win_guard,joint,43,pmsm,0.059242023979328214,0.15219001872997093
gtm,gtm_no_origin_win_guard,joint,43,steel_industry,0.3426214744444373,0.5878514790837686
gtm,gtm_no_shrinkage,joint,43,building_energy,0.26405636443862074,0.43912440854239565
gtm,gtm_no_shrinkage,joint,43,hydraulic,0.10582048258077201,0.20471996530179418
gtm,gtm_no_shrinkage,joint,43,metropt,0.4863141761439165,1.1426690218210098
gtm,gtm_no_shrinkage,joint,43,pmsm,0.0549137535483857,0.15039741841199272
gtm,gtm_no_shrinkage,joint,43,steel_industry,0.33616980814516245,0.6479255077338788
gtm,gtm_no_warmup,joint,43,building_energy,0.2564995462079686,0.41207025139919795
gtm,gtm_no_warmup,joint,43,hydraulic,0.07786702274699164,0.15393927948575944
gtm,gtm_no_warmup,joint,43,metropt,0.4790385724588318,1.0708369925238872
gtm,gtm_no_warmup,joint,43,pmsm,0.05923730426891077,0.15218462181227307
gtm,gtm_no_warmup,joint,43,steel_industry,0.34327382669631124,0.5899142161129746
gtm,gtm_no_memory,joint,43,building_energy,0.2688948923920684,0.4234014717833298
gtm,gtm_no_memory,joint,43,hydraulic,0.08097370559956174,0.16856322607260918
gtm,gtm_no_memory,joint,43,metropt,0.5021701546902552,1.1203147524678643
gtm,gtm_no_memory,joint,43,pmsm,0.06236468359399625,0.15790392543320406
gtm,gtm_no_memory,joint,43,steel_industry,0.356028942113224,0.6044024698861487
gtm,gtm,joint,71,building_energy,0.2669782849698227,0.40986470412703857
gtm,gtm,joint,71,hydraulic,0.06256886380338925,0.1325270085871248
gtm,gtm,joint,71,metropt,0.5026182019975795,1.0640034939769638
gtm,gtm,joint,71,pmsm,0.0678380302831686,0.16359858223941948
gtm,gtm,joint,71,steel_industry,0.3599095918392729,0.5797215817028031
gtm,gtm_gaugeformer,joint,71,building_energy,0.25599878400034887,0.41118210413405226
gtm,gtm_gaugeformer,joint,71,hydraulic,0.0769387307663153,0.1525114597888106
gtm,gtm_gaugeformer,joint,71,metropt,0.4816971811057874,1.0681611823667774
gtm,gtm_gaugeformer,joint,71,pmsm,0.05955425150927888,0.15262312934759545
gtm,gtm_gaugeformer,joint,71,steel_industry,0.34819792389115517,0.5939007379531516
gtm,gtm_no_level_experts,joint,71,building_energy,0.2593356603255725,0.4146690496757628
gtm,gtm_no_level_experts,joint,71,hydraulic,0.07766398195628789,0.15316715251386842
gtm,gtm_no_level_experts,joint,71,metropt,0.4884098557877626,1.093173780498829
gtm,gtm_no_level_experts,joint,71,pmsm,0.059482608737215004,0.1522022989834861
gtm,gtm_no_level_experts,joint,71,steel_industry,0.351444199770492,0.5906843672606533
gtm,gtm_no_trend_experts,joint,71,building_energy,0.2634704710308336,0.4156539545426265
gtm,gtm_no_trend_experts,joint,71,hydraulic,0.07693210384673498,0.15261875455649523
gtm,gtm_no_trend_experts,joint,71,metropt,0.487632460732245,1.063703912751898
gtm,gtm_no_trend_experts,joint,71,pmsm,0.060298122873175646,0.15401278751304584
gtm,gtm_no_trend_experts,joint,71,steel_industry,0.34819792389115517,0.5939007379531516
gtm,gtm_no_origin_win_guard,joint,71,building_energy,0.2553191806810969,0.4106240704641715
gtm,gtm_no_origin_win_guard,joint,71,hydraulic,0.07689497233563257,0.15244692163761556
gtm,gtm_no_origin_win_guard,joint,71,metropt,0.4804091404076578,1.0700043730160107
gtm,gtm_no_origin_win_guard,joint,71,pmsm,0.05955425150927888,0.15262312934759545
gtm,gtm_no_origin_win_guard,joint,71,steel_industry,0.34819792389115517,0.5939007379531516
gtm,gtm_no_shrinkage,joint,71,building_energy,0.2650648579970865,0.442856499156738
gtm,gtm_no_shrinkage,joint,71,hydraulic,0.1054981497218959,0.20445301980166947
gtm,gtm_no_shrinkage,joint,71,metropt,0.48579528430960667,1.1271499578555684
gtm,gtm_no_shrinkage,joint,71,pmsm,0.05491442667575194,0.1504080873163759
gtm,gtm_no_shrinkage,joint,71,steel_industry,0.34208204436494405,0.6535323396834454
gtm,gtm_no_warmup,joint,71,building_energy,0.2550388029153352,0.4105663357866679
gtm,gtm_no_warmup,joint,71,hydraulic,0.07752007998343775,0.15332963750524112
gtm,gtm_no_warmup,joint,71,metropt,0.48156799821048946,1.068357822199779
gtm,gtm_no_warmup,joint,71,pmsm,0.05954252669216172,0.15261965056433227
gtm,gtm_no_warmup,joint,71,steel_industry,0.3487804059282456,0.5958951915886173
gtm,gtm_no_memory,joint,71,building_energy,0.26769157701646595,0.4217084026798833
gtm,gtm_no_memory,joint,71,hydraulic,0.07959403912721207,0.15460641223890192
gtm,gtm_no_memory,joint,71,metropt,0.5019047618862992,1.1193055266033964
gtm,gtm_no_memory,joint,71,pmsm,0.06288298618133488,0.15894095718563514
gtm,gtm_no_memory,joint,71,steel_industry,0.3598477701794515,0.608251594136652
gtm,gtm,loso,101,building_energy,0.43939076841675345,0.6027430469444286
gtm,gtm_gaugeformer,loso,101,building_energy,0.3201802727974836,0.4685741383569315
gtm,gtm_no_level_experts,loso,101,building_energy,0.32407483082777616,0.47446125465151207
gtm,gtm_no_trend_experts,loso,101,building_energy,0.3317702699109151,0.48113395044961477
gtm,gtm_no_origin_win_guard,loso,101,building_energy,0.3198844131410134,0.46818779852602777
gtm,gtm_no_shrinkage,loso,101,building_energy,0.27983142412562667,0.4626053304272153
gtm,gtm_no_warmup,loso,101,building_energy,0.31006169284326346,0.45440781986382794
gtm,gtm_no_memory,loso,101,building_energy,0.3617903315825541,0.5230217529735849
gtm,gtm,loso,101,hydraulic,0.18084918236751055,0.28352586312608813
gtm,gtm_gaugeformer,loso,101,hydraulic,0.14804890218558206,0.24441401465298654
gtm,gtm_no_level_experts,loso,101,hydraulic,0.14865073446258284,0.24504468685284433
gtm,gtm_no_trend_experts,loso,101,hydraulic,0.14805936966426736,0.24441404139650658
gtm,gtm_no_origin_win_guard,loso,101,hydraulic,0.1426295294086601,0.23708018814256107
gtm,gtm_no_shrinkage,loso,101,hydraulic,0.1234166007112413,0.2242696726232102
gtm,gtm_no_warmup,loso,101,hydraulic,0.14714610893521646,0.24325406515729864
gtm,gtm_no_memory,loso,101,hydraulic,0.14997285604924193,0.24648582814279743
gtm,gtm,loso,101,metropt,0.7189916972493046,1.2027674747314954
gtm,gtm_gaugeformer,loso,101,metropt,0.5911014001746019,1.1443553828317092
gtm,gtm_no_level_experts,loso,101,metropt,0.5977958608516075,1.192693367704972
gtm,gtm_no_trend_experts,loso,101,metropt,0.6004142286130374,1.1479177392907103
gtm,gtm_no_origin_win_guard,loso,101,metropt,0.5900280549407456,1.1433800296655874
gtm,gtm_no_shrinkage,loso,101,metropt,0.5076074164126968,1.198958525412076
gtm,gtm_no_warmup,loso,101,metropt,0.5908520796248731,1.1449152093353414
gtm,gtm_no_memory,loso,101,metropt,0.638517510499616,1.2067224615740408
gtm,gtm,loso,101,pmsm,0.0948473913721833,0.21572392635627594
gtm,gtm_gaugeformer,loso,101,pmsm,0.06967138920559987,0.16740925245752705
gtm,gtm_no_level_experts,loso,101,pmsm,0.06958624347292916,0.16709301479748495
gtm,gtm_no_trend_experts,loso,101,pmsm,0.07045808620908149,0.16891604994224432
gtm,gtm_no_origin_win_guard,loso,101,pmsm,0.06946253070923612,0.16614199819183287
gtm,gtm_no_shrinkage,loso,101,pmsm,0.055354412821381184,0.15275036042220705
gtm,gtm_no_warmup,loso,101,pmsm,0.06964382656492644,0.16739044133326567
gtm,gtm_no_memory,loso,101,pmsm,0.07671156664250163,0.18241632958294995
gtm,gtm,loso,101,steel_industry,0.5403003789040055,0.8846451665975655
gtm,gtm_gaugeformer,loso,101,steel_industry,0.5196418742688753,0.8891832266087473
gtm,gtm_no_level_experts,loso,101,steel_industry,0.5244912346503737,0.8887662607552393
gtm,gtm_no_trend_experts,loso,101,steel_industry,0.5196418742688753,0.8891832266087473
gtm,gtm_no_origin_win_guard,loso,101,steel_industry,0.517438223725447,0.8926377578320366
gtm,gtm_no_shrinkage,loso,101,steel_industry,0.5037541046448011,0.9112528889724665
gtm,gtm_no_warmup,loso,101,steel_industry,0.5190131127665776,0.8894711369275431
gtm,gtm_no_memory,loso,101,steel_industry,0.5306180535042688,0.8964603574913974
gtm,gtm,loso,17,building_energy,0.42834355650179734,0.5941848498305548
gtm,gtm_gaugeformer,loso,17,building_energy,0.3173167239151508,0.4676870841844123
gtm,gtm_no_level_experts,loso,17,building_energy,0.32130731452352596,0.4737197379083687
gtm,gtm_no_trend_experts,loso,17,building_energy,0.3291878763355721,0.48027615822253095
gtm,gtm_no_origin_win_guard,loso,17,building_energy,0.3173167239151508,0.4676870841844123
gtm,gtm_no_shrinkage,loso,17,building_energy,0.27858032949027867,0.4612848059699679
gtm,gtm_no_warmup,loso,17,building_energy,0.3079434628211015,0.4545601949255603
gtm,gtm_no_memory,loso,17,building_energy,0.3577696638902861,0.520864809317642
gtm,gtm,loso,17,hydraulic,0.24063324400340277,0.309799828862059
gtm,gtm_gaugeformer,loso,17,hydraulic,0.19103188116936304,0.2655390536203426
gtm,gtm_no_level_experts,loso,17,hydraulic,0.19125752804092752,0.2660226469738822
gtm,gtm_no_trend_experts,loso,17,hydraulic,0.19078981783083923,0.2653145308659257
gtm,gtm_no_origin_win_guard,loso,17,hydraulic,0.17330768609826722,0.24749894034048156
gtm,gtm_no_shrinkage,loso,17,hydraulic,0.15014147981108014,0.24753174009089182
gtm,gtm_no_warmup,loso,17,hydraulic,0.18953162612969846,0.2640718022530306
gtm,gtm_no_memory,loso,17,hydraulic,0.19274877409263594,0.2680645818910116
gtm,gtm,loso,17,metropt,0.7353363860674964,1.2194906273360784
gtm,gtm_gaugeformer,loso,17,metropt,0.5986531265811624,1.145792070600543
gtm,gtm_no_level_experts,loso,17,metropt,0.6053737987573599,1.1942829600805547
gtm,gtm_no_trend_experts,loso,17,metropt,0.6078735849409458,1.1507491858871273
gtm,gtm_no_origin_win_guard,loso,17,metropt,0.5962920560812096,1.1432011167220792
gtm,gtm_no_shrinkage,loso,17,metropt,0.5094814001508791,1.2006812369986766
gtm,gtm_no_warmup,loso,17,metropt,0.5983880499974351,1.1462023115995412
gtm,gtm_no_memory,loso,17,metropt,0.648673365912059,1.2123111801984234
gtm,gtm,loso,17,pmsm,0.08927202960862045,0.20485033665198368
gtm,gtm_gaugeformer,loso,17,pmsm,0.06749589699811151,0.16408678729909917
gtm,gtm_no_level_experts,loso,17,pmsm,0.06740894874057572,0.1637645565355904
gtm,gtm_no_trend_experts,loso,17,pmsm,0.06828367775698785,0.1655988684770738
gtm,gtm_no_origin_win_guard,loso,17,pmsm,0.06732334783038983,0.16306459729890876
gtm,gtm_no_shrinkage,loso,17,pmsm,0.05528059436794741,0.15226557687107062
gtm,gtm_no_warmup,loso,17,pmsm,0.06745350946081,0.1640341727116659
gtm,gtm_no_memory,loso,17,pmsm,0.07369010062223118,0.17687306394008914
gtm,gtm,loso,17,steel_industry,0.5490661508991804,0.89771249288709
gtm,gtm_gaugeformer,loso,17,steel_industry,0.5223796380050836,0.9034144495197698
gtm,gtm_no_level_experts,loso,17,steel_industry,0.532299239675021,0.9011393255359748
gtm,gtm_no_trend_experts,loso,17,steel_industry,0.52239523024334,0.9036873290147682
gtm,gtm_no_origin_win_guard,loso,17,steel_industry,0.5225968541091811,0.9041797669800168
gtm,gtm_no_shrinkage,loso,17,steel_industry,0.5040709320081149,0.9289139538037862
gtm,gtm_no_warmup,loso,17,steel_industry,0.5215624351501424,0.9036707959277613
gtm,gtm_no_memory,loso,17,steel_industry,0.5384248286626324,0.9089543883644096
gtm,gtm,loso,29,building_energy,0.400647931705787,0.5590912198901852
gtm,gtm_gaugeformer,loso,29,building_energy,0.30990767627948884,0.4593440232938996
gtm,gtm_no_level_experts,loso,29,building_energy,0.31393070196902834,0.4651499078736855
gtm,gtm_no_trend_experts,loso,29,building_energy,0.3219780206308543,0.4721939043039124
gtm,gtm_no_origin_win_guard,loso,29,building_energy,0.30990767627948884,0.4593440232938996
gtm,gtm_no_shrinkage,loso,29,building_energy,0.2756698647934741,0.4563698834276631
gtm,gtm_no_warmup,loso,29,building_energy,0.3024362507537774,0.45008151074406844
gtm,gtm_no_memory,loso,29,building_energy,0.34782723219562156,0.5074933100278861
gtm,gtm,loso,29,hydraulic,0.2397261205972684,0.3107345184442341
gtm,gtm_gaugeformer,loso,29,hydraulic,0.19782481769572713,0.27587952024025997
gtm,gtm_no_level_experts,loso,29,hydraulic,0.19847094315238265,0.2765668487764725
gtm,gtm_no_trend_experts,loso,29,hydraulic,0.1978190421527666,0.2759117992916216
gtm,gtm_no_origin_win_guard,loso,29,hydraulic,0.1749505012355841,0.25281805953992115
gtm,gtm_no_shrinkage,loso,29,hydraulic,0.16420197886143323,0.26093533038508376
gtm,gtm_no_warmup,loso,29,hydraulic,0.19651794138278036,0.2747155033781982
gtm,gtm_no_memory,loso,29,hydraulic,0.19883493203839925,0.2772894694717494
gtm,gtm,loso,29,metropt,0.7051246010765234,1.1888821017927194
gtm,gtm_gaugeformer,loso,29,metropt,0.5793193407678974,1.1335200265950667
gtm,gtm_no_level_experts,loso,29,metropt,0.5860261098762409,1.1815350757785406
gtm,gtm_no_trend_experts,loso,29,metropt,0.5907120672942122,1.1406568278685623
gtm,gtm_no_origin_win_guard,loso,29,metropt,0.5739212220923929,1.1295662022141812
gtm,gtm_no_shrinkage,loso,29,metropt,0.5098201453015951,1.195486540754769
gtm,gtm_no_warmup,loso,29,metropt,0.5789801874076151,1.1338957475414466
gtm,gtm_no_memory,loso,29,metropt,0.6197379751566027,1.190639149775911
gtm,gtm,loso,29,pmsm,0.09100649185907855,0.21056045543604554
gtm,gtm_gaugeformer,loso,29,pmsm,0.06808935296412227,0.16604771345822109
gtm,gtm_no_level_experts,loso,29,pmsm,0.06801658820615014,0.16570039863483566
gtm,gtm_no_trend_experts,loso,29,pmsm,0.0688486664018934,0.16746800255597885
gtm,gtm_no_origin_win_guard,loso,29,pmsm,0.06793205801299275,0.16481642495547205
gtm,gtm_no_shrinkage,loso,29,pmsm,0.055261669206532436,0.15272765411106562
gtm,gtm_no_warmup,loso,29,pmsm,0.06804560024511716,0.16599263178636767
gtm,gtm_no_memory,loso,29,pmsm,0.0746315067647796,0.1797006668594667
gtm,gtm,loso,29,steel_industry,0.5460725477914892,0.8949098866134781
gtm,gtm_gaugeformer,loso,29,steel_industry,0.5215765764172292,0.9024832585819847
gtm,gtm_no_level_experts,loso,29,steel_industry,0.5293343177624075,0.8991822896358105
gtm,gtm_no_trend_experts,loso,29,steel_industry,0.5214983089581209,0.902431485730782
gtm,gtm_no_origin_win_guard,loso,29,steel_industry,0.5217855713199919,0.9027739099202124
gtm,gtm_no_shrinkage,loso,29,steel_industry,0.5054118178248552,0.929294152447128
gtm,gtm_no_warmup,loso,29,steel_industry,0.520920971097461,0.9031162432223881
gtm,gtm_no_memory,loso,29,steel_industry,0.5359169825833457,0.9059353637973825
gtm,gtm,loso,43,building_energy,0.4387613375957781,0.6012342254594238
gtm,gtm_gaugeformer,loso,43,building_energy,0.320379138456975,0.46803302900363725
gtm,gtm_no_level_experts,loso,43,building_energy,0.3243270456760628,0.47409776278590043
gtm,gtm_no_trend_experts,loso,43,building_energy,0.33216003530579835,0.4808836465726275
gtm,gtm_no_origin_win_guard,loso,43,building_energy,0.32004036463355534,0.4675165195718502
gtm,gtm_no_shrinkage,loso,43,building_energy,0.2796288739112741,0.46208499701936223
gtm,gtm_no_warmup,loso,43,building_energy,0.31042176921148656,0.4545299101510203
gtm,gtm_no_memory,loso,43,building_energy,0.3637608748765554,0.5253516955092744
gtm,gtm,loso,43,hydraulic,0.1646880805498805,0.2598799890138949
gtm,gtm_gaugeformer,loso,43,hydraulic,0.1450219932925126,0.23878638537977578
gtm,gtm_no_level_experts,loso,43,hydraulic,0.1454882830311318,0.23927269470486348
gtm,gtm_no_trend_experts,loso,43,hydraulic,0.14499981972490186,0.23879996248977775
gtm,gtm_no_origin_win_guard,loso,43,hydraulic,0.1357870894088073,0.22936547795984033
gtm,gtm_no_shrinkage,loso,43,hydraulic,0.1315959625855273,0.2292785714115432
gtm,gtm_no_warmup,loso,43,hydraulic,0.14444410736466956,0.23818610437962806
gtm,gtm_no_memory,loso,43,hydraulic,0.14663137242883795,0.24122389752799994
gtm,gtm,loso,43,metropt,0.7205573280893605,1.1958296666331574
gtm,gtm_gaugeformer,loso,43,metropt,0.5935302301601945,1.1377189457097705
gtm,gtm_no_level_experts,loso,43,metropt,0.6002139391491098,1.1871640907501106
gtm,gtm_no_trend_experts,loso,43,metropt,0.6027683427490196,1.14202105654924
gtm,gtm_no_origin_win_guard,loso,43,metropt,0.5892904899309859,1.1340674529709238
gtm,gtm_no_shrinkage,loso,43,metropt,0.5113312394617373,1.199304663918078
gtm,gtm_no_warmup,loso,43,metropt,0.5933773617941467,1.1384022053599387
gtm,gtm_no_memory,loso,43,metropt,0.6346959989074372,1.193542127134986
gtm,gtm,loso,43,pmsm,0.09152140367197148,0.2093524819813136
gtm,gtm_gaugeformer,loso,43,pmsm,0.0683383499076397,0.16561468605062568
gtm,gtm_no_level_experts,loso,43,pmsm,0.06827143848346946,0.16527168733410827
gtm,gtm_no_trend_experts,loso,43,pmsm,0.06911641823386701,0.1670913252463697
gtm,gtm_no_origin_win_guard,loso,43,pmsm,0.06817352855964275,0.16435873882762034
gtm,gtm_no_shrinkage,loso,43,pmsm,0.05527710055591437,0.15278531670469483
gtm,gtm_no_warmup,loso,43,pmsm,0.06829140492190146,0.16555785406749832
gtm,gtm_no_memory,loso,43,pmsm,0.07491823276769302,0.17939127614818695
gtm,gtm,loso,43,steel_industry,0.5536025211928911,0.9049700352408993
gtm,gtm_gaugeformer,loso,43,steel_industry,0.5281185370993418,0.9071990832605827
gtm,gtm_no_level_experts,loso,43,steel_industry,0.5360617944808193,0.907216020905895
gtm,gtm_no_trend_experts,loso,43,steel_industry,0.5282433945245453,0.9073052226086773
gtm,gtm_no_origin_win_guard,loso,43,steel_industry,0.5264873682771023,0.9074709429199761
gtm,gtm_no_shrinkage,loso,43,steel_industry,0.5094572925502883,0.9282662293341428
gtm,gtm_no_warmup,loso,43,steel_industry,0.5274131087789361,0.9075940680756334
gtm,gtm_no_memory,loso,43,steel_industry,0.5431794532655301,0.9163134183453334
gtm,gtm,loso,71,building_energy,0.41473521454277024,0.5753813300989103
gtm,gtm_gaugeformer,loso,71,building_energy,0.3127452646278677,0.46170633181759074
gtm,gtm_no_level_experts,loso,71,building_energy,0.31657733081689315,0.46760322509622737
gtm,gtm_no_trend_experts,loso,71,building_energy,0.3245764372071893,0.4744101962318392
gtm,gtm_no_origin_win_guard,loso,71,building_energy,0.3126528258015543,0.46162310043787974
gtm,gtm_no_shrinkage,loso,71,building_energy,0.2773092666779448,0.45888346417790543
gtm,gtm_no_warmup,loso,71,building_energy,0.3043452290790713,0.45054289296104333
gtm,gtm_no_memory,loso,71,building_energy,0.35108824850710296,0.511501329664561
gtm,gtm,loso,71,hydraulic,0.2120294142107472,0.29018339414968497
gtm,gtm_gaugeformer,loso,71,hydraulic,0.17932024314887568,0.2626618989811097
gtm,gtm_no_level_experts,loso,71,hydraulic,0.17977615610611894,0.2632660337644612
gtm,gtm_no_trend_experts,loso,71,hydraulic,0.1790680548275867,0.2624367385782649
gtm,gtm_no_origin_win_guard,loso,71,hydraulic,0.17932024314887568,0.2626618989811097
gtm,gtm_no_shrinkage,loso,71,hydraulic,0.1549008886104958,0.25237016314649213
gtm,gtm_no_warmup,loso,71,hydraulic,0.1783243445474229,0.2617962823441475
gtm,gtm_no_memory,loso,71,hydraulic,0.18054769102176288,0.26446963371190874
gtm,gtm,loso,71,metropt,0.695084196483006,1.181096871007848
gtm,gtm_gaugeformer,loso,71,metropt,0.5765570750337989,1.1313607818508635
gtm,gtm_no_level_experts,loso,71,metropt,0.5832576452710593,1.1780362462078737
gtm,gtm_no_trend_experts,loso,71,metropt,0.5885698456733456,1.1387556395278686
gtm,gtm_no_origin_win_guard,loso,71,metropt,0.5706486559045933,1.1269813566263682
gtm,gtm_no_shrinkage,loso,71,metropt,0.5110271465331873,1.1954292544617453
gtm,gtm_no_warmup,loso,71,metropt,0.5760931925523941,1.13150385959153
gtm,gtm_no_memory,loso,71,metropt,0.6162463507428717,1.1882176951437362
gtm,gtm,loso,71,pmsm,0.09109112536612528,0.21018801401985213
gtm,gtm_gaugeformer,loso,71,pmsm,0.06817845174804626,0.16606947023451
gtm,gtm_no_level_experts,loso,71,pmsm,0.06809393526713274,0.16574865795589444
gtm,gtm_no_trend_experts,loso,71,pmsm,0.06895836365393686,0.16755441230833257
gtm,gtm_no_origin_win_guard,loso,71,pmsm,0.06797933032022659,0.16473088662214191
gtm,gtm_no_shrinkage,loso,71,pmsm,0.055330943393713104,0.15287702884683876
gtm,gtm_no_warmup,loso,71,pmsm,0.06813419189941791,0.16601532702808777
gtm,gtm_no_memory,loso,71,pmsm,0.07486592896671387,0.18038309135825595
gtm,gtm,loso,71,steel_industry,0.5427717403815528,0.8971154038861524
gtm,gtm_gaugeformer,loso,71,steel_industry,0.5226451136436034,0.9013130781363754
gtm,gtm_no_level_experts,loso,71,steel_industry,0.527560109475284,0.9017583013204398
gtm,gtm_no_trend_experts,loso,71,steel_industry,0.5226451136436034,0.9013130781363754
gtm,gtm_no_origin_win_guard,loso,71,steel_industry,0.522625844024347,0.9013074399841983
gtm,gtm_no_shrinkage,loso,71,steel_industry,0.5073428111789768,0.9243998920611688
gtm,gtm_no_warmup,loso,71,steel_industry,0.5220061740464834,0.9014250599718837
gtm,gtm_no_memory,loso,71,steel_industry,0.5342403121292154,0.9079559565752469
moirai,moirai,joint,101,building_energy,0.24187255150444262,0.4129259479697592
moirai,moirai,joint,101,hydraulic,0.11132444768253388,0.20841482912753784
moirai,moirai,joint,101,metropt,0.43177060033803416,1.1183048899153039
moirai,moirai,joint,101,pmsm,0.05623788338829951,0.15147158115067494
moirai,moirai,joint,101,steel_industry,0.49187462956255407,0.9310845094346221
moirai,gaugeformer_v13,joint,101,building_energy,0.24105983531348174,0.41214101060919117
moirai,gaugeformer_v13,joint,101,hydraulic,0.10903072178117261,0.20608801650818193
moirai,gaugeformer_v13,joint,101,metropt,0.42421869505576676,1.1078138071272587
moirai,gaugeformer_v13,joint,101,pmsm,0.05615120080000401,0.15135694866133861
moirai,gaugeformer_v13,joint,101,steel_industry,0.4877942555195382,0.9198469354309609
moirai,moirai_no_level_experts,joint,101,building_energy,0.24016461401152428,0.41124948377443415
moirai,moirai_no_level_experts,joint,101,hydraulic,0.10986933086028618,0.20681133921042139
moirai,moirai_no_level_experts,joint,101,metropt,0.4249906021573061,1.1092170241869836
moirai,moirai_no_level_experts,joint,101,pmsm,0.05610116653972113,0.15114501012761386
moirai,moirai_no_level_experts,joint,101,steel_industry,0.48825195049713555,0.9216042408089209
moirai,moirai_no_trend_experts,joint,101,building_energy,0.2423025311606809,0.41319752670791854
moirai,moirai_no_trend_experts,joint,101,hydraulic,0.10906583011404483,0.20609444924937323
moirai,moirai_no_trend_experts,joint,101,metropt,0.42421767637819524,1.1078137640689183
moirai,moirai_no_trend_experts,joint,101,pmsm,0.05616614466953895,0.15138868814131404
moirai,moirai_no_trend_experts,joint,101,steel_industry,0.48780600840048854,0.9198378755484338
moirai,moirai_no_origin_win_guard,joint,101,building_energy,0.2418603729983382,0.41307475992961545
moirai,moirai_no_origin_win_guard,joint,101,hydraulic,0.10893515573431885,0.20611015704190708
moirai,moirai_no_origin_win_guard,joint,101,metropt,0.42416700751171815,1.1080548741881604
moirai,moirai_no_origin_win_guard,joint,101,pmsm,0.05380095381721522,0.14578757637913803
moirai,moirai_no_origin_win_guard,joint,101,steel_industry,0.48948472913249275,0.9219242608040996
moirai,moirai_no_shrinkage,joint,101,building_energy,0.24659894008298236,0.4223379435079387
moirai,moirai_no_shrinkage,joint,101,hydraulic,0.11015264720878315,0.2072979564617556
moirai,moirai_no_shrinkage,joint,101,metropt,0.425157163569806,1.1103804926160872
moirai,moirai_no_shrinkage,joint,101,pmsm,0.05647638381151513,0.1520846360075256
moirai,moirai_no_shrinkage,joint,101,steel_industry,0.5027907510287941,0.9578256228105795
moirai,moirai_no_warmup,joint,101,building_energy,0.2410588447430346,0.4121898336763683
moirai,moirai_no_warmup,joint,101,hydraulic,0.10892498411684731,0.20597558880725608
moirai,moirai_no_warmup,joint,101,metropt,0.4244605751888902,1.1078990359000473
moirai,moirai_no_warmup,joint,101,pmsm,0.05614866730836029,0.15135632525395085
moirai,moirai_no_warmup,joint,101,steel_industry,0.48835673929955226,0.9196366728984626
moirai,moirai_no_memory,joint,101,building_energy,0.25003739740584663,0.4207376783699119
moirai,moirai_no_memory,joint,101,hydraulic,0.10929823733118134,0.207667532263984
moirai,moirai_no_memory,joint,101,metropt,0.45034188116035134,1.1502163658190856
moirai,moirai_no_memory,joint,101,pmsm,0.05588862812281744,0.15084845893752238
moirai,moirai_no_memory,joint,101,steel_industry,0.5000354518606481,0.919854959219659
moirai,moirai,joint,17,building_energy,0.24237017237518807,0.41262265449302304
moirai,moirai,joint,17,hydraulic,0.11128763367170451,0.20825903724706885
moirai,moirai,joint,17,metropt,0.4325109230744405,1.1175436625400146
moirai,moirai,joint,17,pmsm,0.0562790150084718,0.15155322264370535
moirai,moirai,joint,17,steel_industry,0.48775901580270603,0.9250899805866555
moirai,gaugeformer_v13,joint,17,building_energy,0.24227491651834315,0.41257245838139095
moirai,gaugeformer_v13,joint,17,hydraulic,0.10919140955143689,0.20700448846096564
moirai,gaugeformer_v13,joint,17,metropt,0.4246974912487579,1.1068555913406641
moirai,gaugeformer_v13,joint,17,pmsm,0.056245828846506196,0.15157458116094444
moirai,gaugeformer_v13,joint,17,steel_industry,0.4850254545651782,0.9148123790910787
moirai,moirai_no_level_experts,joint,17,building_energy,0.2413749079920541,0.4115858783099906
moirai,moirai_no_level_experts,joint,17,hydraulic,0.1100184824705251,0.20771777999953656
moirai,moirai_no_level_experts,joint,17,metropt,0.4254510416631712,1.1081122287269103
moirai,moirai_no_level_experts,joint,17,pmsm,0.05619889412657939,0.15136826316375487
moirai,moirai_no_level_experts,joint,17,steel_industry,0.48279374437401623,0.9141181152461255
moirai,moirai_no_trend_experts,joint,17,building_energy,0.24300831956561916,0.41272577645613434
moirai,moirai_no_trend_experts,joint,17,hydraulic,0.10922063159379242,0.20701246797597916
moirai,moirai_no_trend_experts,joint,17,metropt,0.4246974912487579,1.1068555913406641
moirai,moirai_no_trend_experts,joint,17,pmsm,0.05626473074398911,0.15161367488145222
moirai,moirai_no_trend_experts,joint,17,steel_industry,0.4855501371118966,0.9151406478723845
moirai,moirai_no_origin_win_guard,joint,17,building_energy,0.24259190067065045,0.4131476161798393
moirai,moirai_no_origin_win_guard,joint,17,hydraulic,0.10904645208113169,0.20698310224752267
moirai,moirai_no_origin_win_guard,joint,17,metropt,0.42459804235450926,1.1071234184474241
moirai,moirai_no_origin_win_guard,joint,17,pmsm,0.05382259930291059,0.14570895653722257
moirai,moirai_no_origin_win_guard,joint,17,steel_industry,0.4868994833164909,0.9170314789292322
moirai,moirai_no_shrinkage,joint,17,building_energy,0.24951992939127607,0.42510209965160245
moirai,moirai_no_shrinkage,joint,17,hydraulic,0.11062295010023508,0.20966532648448627
moirai,moirai_no_shrinkage,joint,17,metropt,0.4256296202013114,1.109442550760923
moirai,moirai_no_shrinkage,joint,17,pmsm,0.05656672065680984,0.15229162728019638
moirai,moirai_no_shrinkage,joint,17,steel_industry,0.5023520178882909,0.9570898264563009
moirai,moirai_no_warmup,joint,17,building_energy,0.24221618727267485,0.41228450404701916
moirai,moirai_no_warmup,joint,17,hydraulic,0.109090098001886,0.20689840117125122
moirai,moirai_no_warmup,joint,17,metropt,0.42493777731367743,1.1069584651349036
moirai,moirai_no_warmup,joint,17,pmsm,0.056242863370265184,0.1515734705485625
moirai,moirai_no_warmup,joint,17,steel_industry,0.4864280094069538,0.9154962020184818
moirai,moirai_no_memory,joint,17,building_energy,0.2497645097950546,0.42033441972235036
moirai,moirai_no_memory,joint,17,hydraulic,0.10929245297839087,0.20710306634480177
moirai,moirai_no_memory,joint,17,metropt,0.4513754558072812,1.1503261035921526
moirai,moirai_no_memory,joint,17,pmsm,0.055923213372328064,0.15074478021533433
moirai,moirai_no_memory,joint,17,steel_industry,0.49753950156307025,0.9142426129825072
moirai,moirai,joint,29,building_energy,0.24023103074351024,0.41111035385934136
moirai,moirai,joint,29,hydraulic,0.11047268228350668,0.20747275054156167
moirai,moirai,joint,29,metropt,0.433506823327861,1.1196117782129762
moirai,moirai,joint,29,pmsm,0.0562539251060074,0.1516206989745312
moirai,moirai,joint,29,steel_industry,0.49258878407038614,0.9315418915473701
moirai,gaugeformer_v13,joint,29,building_energy,0.24025470906728771,0.4114118601842283
moirai,gaugeformer_v13,joint,29,hydraulic,0.10868204328973229,0.20638211582989563
moirai,gaugeformer_v13,joint,29,metropt,0.42530876543812296,1.1084199514828443
moirai,gaugeformer_v13,joint,29,pmsm,0.05620337025571103,0.15158188216522359
moirai,gaugeformer_v13,joint,29,steel_industry,0.48866053726254666,0.9211952194472811
moirai,moirai_no_level_experts,joint,29,building_energy,0.23931205731043784,0.4105783957129463
moirai,moirai_no_level_experts,joint,29,hydraulic,0.1094698085328019,0.20707559121997668
moirai,moirai_no_level_experts,joint,29,metropt,0.42593964281470215,1.1094339312107027
moirai,moirai_no_level_experts,joint,29,pmsm,0.056154866041426575,0.1513795263010104
moirai,moirai_no_level_experts,joint,29,steel_industry,0.4886696431170499,0.9224261211740634
moirai,moirai_no_trend_experts,joint,29,building_energy,0.24067692290284828,0.4115068068569809
moirai,moirai_no_trend_experts,joint,29,hydraulic,0.108697331213689,0.2063644125977277
moirai,moirai_no_trend_experts,joint,29,metropt,0.4253077102366542,1.1084199081229416
moirai,moirai_no_trend_experts,joint,29,pmsm,0.05621753728015134,0.15161502768826907
moirai,moirai_no_trend_experts,joint,29,steel_industry,0.48859758133796316,0.9209429537966619
moirai,moirai_no_origin_win_guard,joint,29,building_energy,0.24072170355629202,0.4120580479833057
moirai,moirai_no_origin_win_guard,joint,29,hydraulic,0.10854751141282322,0.20635487109535663
moirai,moirai_no_origin_win_guard,joint,29,metropt,0.42499724210015766,1.108651116087275
moirai,moirai_no_origin_win_guard,joint,29,pmsm,0.053801659714275966,0.14581975890408538
moirai,moirai_no_origin_win_guard,joint,29,steel_industry,0.4905443696331121,0.9236245854490173
moirai,moirai_no_shrinkage,joint,29,building_energy,0.2461346107786037,0.42143237813053214
moirai,moirai_no_shrinkage,joint,29,hydraulic,0.11022424523849932,0.20877877677232815
moirai,moirai_no_shrinkage,joint,29,metropt,0.4261859454983882,1.110818521000643
moirai,moirai_no_shrinkage,joint,29,pmsm,0.056549452574839836,0.15233468322452662
moirai,moirai_no_shrinkage,joint,29,steel_industry,0.5040117650382957,0.9585671184093542
moirai,moirai_no_warmup,joint,29,building_energy,0.24034456942622945,0.41135219285945435
moirai,moirai_no_warmup,joint,29,hydraulic,0.10859513270936284,0.2062917558596765
moirai,moirai_no_warmup,joint,29,metropt,0.4253651377091935,1.1084372088945327
moirai,moirai_no_warmup,joint,29,pmsm,0.056201885197995904,0.15158255730708675
moirai,moirai_no_warmup,joint,29,steel_industry,0.49003455107250654,0.9217905725379207
moirai,moirai_no_memory,joint,29,building_energy,0.24803641421213588,0.41805637469906165
moirai,moirai_no_memory,joint,29,hydraulic,0.10877790501166046,0.20663747442426791
moirai,moirai_no_memory,joint,29,metropt,0.45173773473865214,1.1492318801227606
moirai,moirai_no_memory,joint,29,pmsm,0.055835689602058335,0.15078289258081032
moirai,moirai_no_memory,joint,29,steel_industry,0.5022206304066172,0.9224879538272344
moirai,moirai,joint,43,building_energy,0.24093409917642225,0.4113809604941175
moirai,moirai,joint,43,hydraulic,0.1110776734710269,0.20838525747936543
moirai,moirai,joint,43,metropt,0.4344517208607789,1.1202110985488176
moirai,moirai,joint,43,pmsm,0.056256095458077506,0.15167614600618223
moirai,moirai,joint,43,steel_industry,0.48824935375634865,0.9259086365271234
moirai,gaugeformer_v13,joint,43,building_energy,0.2403514093123348,0.41056738551690153
moirai,gaugeformer_v13,joint,43,hydraulic,0.10897127844842229,0.20624347245582156
moirai,gaugeformer_v13,joint,43,metropt,0.42677231139272315,1.110723555783759
moirai,gaugeformer_v13,joint,43,pmsm,0.056173561027980594,0.15156944611843978
moirai,gaugeformer_v13,joint,43,steel_industry,0.48475881376540136,0.9149541378725233
moirai,moirai_no_level_experts,joint,43,building_energy,0.23958261306511566,0.40993807199636295
moirai,moirai_no_level_experts,joint,43,hydraulic,0.10979549934278932,0.20695783064529832
moirai,moirai_no_level_experts,joint,43,metropt,0.4274902602587519,1.1120790000136123
moirai,moirai_no_level_experts,joint,43,pmsm,0.05612237655404345,0.15135537055658096
moirai,moirai_no_level_experts,joint,43,steel_industry,0.48425471296536476,0.9161707921335619
moirai,moirai_no_trend_experts,joint,43,building_energy,0.240869451357069,0.4110100919504396
moirai,moirai_no_trend_experts,joint,43,hydraulic,0.10901199744798884,0.20628478109414194
moirai,moirai_no_trend_experts,joint,43,metropt,0.4264597987840869,1.109058680221164
moirai,moirai_no_trend_experts,joint,43,pmsm,0.05618750245893306,0.15160143429292644
moirai,moirai_no_trend_experts,joint,43,steel_industry,0.48471829233209585,0.9148403146634092
moirai,moirai_no_origin_win_guard,joint,43,building_energy,0.24086337288896806,0.4115272943637254
moirai,moirai_no_origin_win_guard,joint,43,hydraulic,0.1088689596798221,0.2062580198486064
moirai,moirai_no_origin_win_guard,joint,43,metropt,0.427152826084778,1.1145598875435643
moirai,moirai_no_origin_win_guard,joint,43,pmsm,0.05380850482021343,0.14586205461899845
moirai,moirai_no_origin_win_guard,joint,43,steel_industry,0.4871886956019419,0.9181105027448566
moirai,moirai_no_shrinkage,joint,43,building_energy,0.24592325224914802,0.4198811467444721
moirai,moirai_no_shrinkage,joint,43,hydraulic,0.11020507354325021,0.20748675684292867
moirai,moirai_no_shrinkage,joint,43,metropt,0.4284270091876235,1.1169997682059598
moirai,moirai_no_shrinkage,joint,43,pmsm,0.05659887689619974,0.15248705012880917
moirai,moirai_no_shrinkage,joint,43,steel_industry,0.5010818464205364,0.9548867561862867
moirai,moirai_no_warmup,joint,43,building_energy,0.2404468765588472,0.410621858560667
moirai,moirai_no_warmup,joint,43,hydraulic,0.10887522604704047,0.20614683368079537
moirai,moirai_no_warmup,joint,43,metropt,0.42699846979795525,1.110811626223518
moirai,moirai_no_warmup,joint,43,pmsm,0.05617180917501258,0.15156998050703296
moirai,moirai_no_warmup,joint,43,steel_industry,0.48594406276244884,0.9157108057620714
moirai,moirai_no_memory,joint,43,building_energy,0.24829629087610308,0.41875540615324847
moirai,moirai_no_memory,joint,43,hydraulic,0.10942136044050647,0.20815251266849857
moirai,moirai_no_memory,joint,43,metropt,0.45324254034590544,1.15197532450299
moirai,moirai_no_memory,joint,43,pmsm,0.055992187128817934,0.15131130687558936
moirai,moirai_no_memory,joint,43,steel_industry,0.499159098642294,0.917377322742406
moirai,moirai,joint,71,building_energy,0.2412067206408108,0.4116633663631734
moirai,moirai,joint,71,hydraulic,0.11099706031005867,0.20820955421649912
moirai,moirai,joint,71,metropt,0.43329406829652417,1.119167312993423
moirai,moirai,joint,71,pmsm,0.056267269222590344,0.15164223359502607
moirai,moirai,joint,71,steel_industry,0.4940980756069034,0.9339505780961034
moirai,gaugeformer_v13,joint,71,building_energy,0.24106499362750683,0.4118236291257485
moirai,gaugeformer_v13,joint,71,hydraulic,0.10900944236658452,0.20689328699764456
moirai,gaugeformer_v13,joint,71,metropt,0.4252587087332879,1.108130300469241
moirai,gaugeformer_v13,joint,71,pmsm,0.056090866755966924,0.151319936366996
moirai,gaugeformer_v13,joint,71,steel_industry,0.4885140041021945,0.9212051714640379
moirai,moirai_no_level_experts,joint,71,building_energy,0.24007117884552903,0.4109099193923297
moirai,moirai_no_level_experts,joint,71,hydraulic,0.10984188725673093,0.20760946188745458
moirai,moirai_no_level_experts,joint,71,metropt,0.42594314732655464,1.1092852084192808
moirai,moirai_no_level_experts,joint,71,pmsm,0.05604580837316356,0.15111549232184546
moirai,moirai_no_level_experts,joint,71,steel_industry,0.489846068256945,0.9242420074259824
moirai,moirai_no_trend_experts,joint,71,building_energy,0.242134397682759,0.4124373492345351
moirai,moirai_no_trend_experts,joint,71,hydraulic,0.10902439425724794,0.20687112614005176
moirai,moirai_no_trend_experts,joint,71,metropt,0.42525478433574687,1.1081301258372276
moirai,moirai_no_trend_experts,joint,71,pmsm,0.05610968276152634,0.15135789441058092
moirai,moirai_no_trend_experts,joint,71,steel_industry,0.4884479720751086,0.9209467823285664
moirai,moirai_no_origin_win_guard,joint,71,building_energy,0.24144370857635847,0.4122142214753875
moirai,moirai_no_origin_win_guard,joint,71,hydraulic,0.10887904176065549,0.20686120754362614
moirai,moirai_no_origin_win_guard,joint,71,metropt,0.4249366814286688,1.1083291872376322
moirai,moirai_no_origin_win_guard,joint,71,pmsm,0.05379687425640355,0.14577566967398245
moirai,moirai_no_origin_win_guard,joint,71,steel_industry,0.4906622181449013,0.9240935875607
moirai,moirai_no_shrinkage,joint,71,building_energy,0.24697382372848378,0.4217525528697107
moirai,moirai_no_shrinkage,joint,71,hydraulic,0.11051847131348018,0.20937413232318197
moirai,moirai_no_shrinkage,joint,71,metropt,0.4262030869733873,1.1106203654920985
moirai,moirai_no_shrinkage,joint,71,pmsm,0.05637164306144366,0.15195988837402577
moirai,moirai_no_shrinkage,joint,71,steel_industry,0.5021484125732594,0.9565535731745687
moirai,moirai_no_warmup,joint,71,building_energy,0.24112252829106812,0.41168941502828726
moirai,moirai_no_warmup,joint,71,hydraulic,0.10891189799186411,0.206794157027947
moirai,moirai_no_warmup,joint,71,metropt,0.42531436108938275,1.108146624224426
moirai,moirai_no_warmup,joint,71,pmsm,0.05608805795911887,0.15131901503747622
moirai,moirai_no_warmup,joint,71,steel_industry,0.48906527626467267,0.9209149553972681
moirai,moirai_no_memory,joint,71,building_energy,0.2492516913252077,0.4195572182746708
moirai,moirai_no_memory,joint,71,hydraulic,0.109247952219845,0.2077267011574209
moirai,moirai_no_memory,joint,71,metropt,0.4531996897337864,1.151739271281036
moirai,moirai_no_memory,joint,71,pmsm,0.05586661773099157,0.1510425144888602
moirai,moirai_no_memory,joint,71,steel_industry,0.5031416334134733,0.9240347841281645
moirai,moirai,loso,101,building_energy,0.2645067751252958,0.43906404471827015
moirai,gaugeformer_v13,loso,101,building_energy,0.2550638364134189,0.4258108495094921
moirai,moirai_no_level_experts,loso,101,building_energy,0.2562103024329177,0.42901817087400135
moirai,moirai_no_trend_experts,loso,101,building_energy,0.26161616681334227,0.43303055136342467
moirai,moirai_no_origin_win_guard,loso,101,building_energy,0.2541009733227569,0.42419869705663277
moirai,moirai_no_shrinkage,loso,101,building_energy,0.2623374268120386,0.44028659197523484
moirai,moirai_no_warmup,loso,101,building_energy,0.2544414554378134,0.42519241825145193
moirai,moirai_no_memory,loso,101,building_energy,0.2654568828147236,0.43762596353657884
moirai,moirai,loso,101,hydraulic,0.11700467101986323,0.21419048468641813
moirai,gaugeformer_v13,loso,101,hydraulic,0.11216634517859483,0.21030550333007095
moirai,moirai_no_level_experts,loso,101,hydraulic,0.11308411953931663,0.2110912676214788
moirai,moirai_no_trend_experts,loso,101,hydraulic,0.11222632334530684,0.21035150958661775
moirai,moirai_no_origin_win_guard,loso,101,hydraulic,0.11190051523611032,0.2101357538375607
moirai,moirai_no_shrinkage,loso,101,hydraulic,0.11110728496274729,0.21056753368823303
moirai,moirai_no_warmup,loso,101,hydraulic,0.1119414764431807,0.21006571641731758
moirai,moirai_no_memory,loso,101,hydraulic,0.1125272061889434,0.21127623379880175
moirai,moirai,loso,101,metropt,0.4753920961477148,1.1422234751482239
moirai,gaugeformer_v13,loso,101,metropt,0.4644330179244273,1.138322926814403
moirai,moirai_no_level_experts,loso,101,metropt,0.4650112700970929,1.139765533046512
moirai,moirai_no_trend_experts,loso,101,metropt,0.4658519308246537,1.1285463084155878
moirai,moirai_no_origin_win_guard,loso,101,metropt,0.4644330179244273,1.138322926814403
moirai,moirai_no_shrinkage,loso,101,metropt,0.4668427801037164,1.1592673884285674
moirai,moirai_no_warmup,loso,101,metropt,0.4645565840805247,1.138437437814415
moirai,moirai_no_memory,loso,101,metropt,0.492718946319385,1.1762225661426782
moirai,moirai,loso,101,pmsm,0.056775902860904705,0.15257610876536498
moirai,gaugeformer_v13,loso,101,pmsm,0.056543793369267646,0.1525007827229686
moirai,moirai_no_level_experts,loso,101,pmsm,0.0564950633857873,0.15217114517133848
moirai,moirai_no_trend_experts,loso,101,pmsm,0.0566094217283157,0.15264710953689486
moirai,moirai_no_origin_win_guard,loso,101,pmsm,0.05400111341805591,0.14632507063263958
moirai,moirai_no_shrinkage,loso,101,pmsm,0.05703190886385196,0.15417313157598525
moirai,moirai_no_warmup,loso,101,pmsm,0.05653825602342954,0.15249738835604307
moirai,moirai_no_memory,loso,101,pmsm,0.056130459240150726,0.15121178482263742
moirai,moirai,loso,101,steel_industry,0.5240079762855951,0.9578153705582804
moirai,gaugeformer_v13,loso,101,steel_industry,0.5095900439106439,0.9476211488777151
moirai,moirai_no_level_experts,loso,101,steel_industry,0.5214907695898054,0.96103360060804
moirai,moirai_no_trend_experts,loso,101,steel_industry,0.5095981339577527,0.9473253064661364
moirai,moirai_no_origin_win_guard,loso,101,steel_industry,0.5095900439106439,0.9476211488777151
moirai,moirai_no_shrinkage,loso,101,steel_industry,0.5083044854618939,0.9647810577603023
moirai,moirai_no_warmup,loso,101,steel_industry,0.5101247804670583,0.94790927404663
moirai,moirai_no_memory,loso,101,steel_industry,0.5265672598188931,0.9551978731618977
moirai,moirai,loso,17,building_energy,0.2644747495108894,0.4391832980060248
moirai,gaugeformer_v13,loso,17,building_energy,0.2539494933580986,0.4238159418530011
moirai,moirai_no_level_experts,loso,17,building_energy,0.25572275932126526,0.4280176868046413
moirai,moirai_no_trend_experts,loso,17,building_energy,0.2609826461019609,0.43175666645988076
moirai,moirai_no_origin_win_guard,loso,17,building_energy,0.2533485522343612,0.42295491653267064
moirai,moirai_no_shrinkage,loso,17,building_energy,0.2607117282419381,0.43798130751004083
moirai,moirai_no_warmup,loso,17,building_energy,0.25339862175929306,0.4231085718093472
moirai,moirai_no_memory,loso,17,building_energy,0.26601181675353397,0.4386216372265366
moirai,moirai,loso,17,hydraulic,0.11694699414937731,0.21407812933032327
moirai,gaugeformer_v13,loso,17,hydraulic,0.11217308319010637,0.21031857131961387
moirai,moirai_no_level_experts,loso,17,hydraulic,0.11308573917314531,0.21110635193758603
moirai,moirai_no_trend_experts,loso,17,hydraulic,0.11219817890993415,0.21032533006002957
moirai,moirai_no_origin_win_guard,loso,17,hydraulic,0.1118463900255977,0.21009196090182025
moirai,moirai_no_shrinkage,loso,17,hydraulic,0.11118847516597595,0.21066219121575602
moirai,moirai_no_warmup,loso,17,hydraulic,0.11195058927586929,0.21008067919034654
moirai,moirai_no_memory,loso,17,hydraulic,0.11250986084731561,0.2110386632687642
moirai,moirai,loso,17,metropt,0.4765716218885826,1.1429908558691448
moirai,gaugeformer_v13,loso,17,metropt,0.46533377975452384,1.138876132674324
moirai,moirai_no_level_experts,loso,17,metropt,0.465933885786768,1.140343582775229
moirai,moirai_no_trend_experts,loso,17,metropt,0.4666385361819927,1.128804305462998
moirai,moirai_no_origin_win_guard,loso,17,metropt,0.46533377975452384,1.138876132674324
moirai,moirai_no_shrinkage,loso,17,metropt,0.46765657267658034,1.160303891171597
moirai,moirai_no_warmup,loso,17,metropt,0.4654865287105984,1.1390111074841094
moirai,moirai_no_memory,loso,17,metropt,0.492721007635279,1.174336605567776
moirai,moirai,loso,17,pmsm,0.05691281736048214,0.1529531761334625
moirai,gaugeformer_v13,loso,17,pmsm,0.0565979859884923,0.15265782730521602
moirai,moirai_no_level_experts,loso,17,pmsm,0.05654927313053169,0.15232298053571566
moirai,moirai_no_trend_experts,loso,17,pmsm,0.05665866036995454,0.15279671870975758
moirai,moirai_no_origin_win_guard,loso,17,pmsm,0.054070669229769115,0.14655586780515115
moirai,moirai_no_shrinkage,loso,17,pmsm,0.056930034820667046,0.154012618386227
moirai,moirai_no_warmup,loso,17,pmsm,0.05659327061971325,0.15265520516340014
moirai,moirai_no_memory,loso,17,pmsm,0.056221817053028304,0.1513529264561835
moirai,moirai,loso,17,steel_industry,0.5240238806260186,0.9578748776796034
moirai,gaugeformer_v13,loso,17,steel_industry,0.5094519866629064,0.9475037882215513
moirai,moirai_no_level_experts,loso,17,steel_industry,0.521611598649672,0.9610976197536119
moirai,moirai_no_trend_experts,loso,17,steel_industry,0.509446058894172,0.9472062089767992
moirai,moirai_no_origin_win_guard,loso,17,steel_industry,0.5094519866629064,0.9475037882215513
moirai,moirai_no_shrinkage,loso,17,steel_industry,0.5082268262889423,0.9646048290014099
moirai,moirai_no_warmup,loso,17,steel_industry,0.5100283560951935,0.9479519665120609
moirai,moirai_no_memory,loso,17,steel_industry,0.5254688322157529,0.9546691083638044
moirai,moirai,loso,29,building_energy,0.26456167357909616,0.43895816147661704
moirai,gaugeformer_v13,loso,29,building_energy,0.254501264043687,0.42456815240780166
moirai,moirai_no_level_experts,loso,29,building_energy,0.2562129636860958,0.42899744790143496
moirai,moirai_no_trend_experts,loso,29,building_energy,0.26089260534730674,0.4316052240987541
moirai,moirai_no_origin_win_guard,loso,29,building_energy,0.2533311570152489,0.4228981718179407
moirai,moirai_no_shrinkage,loso,29,building_energy,0.261771212587196,0.43967963053995684
moirai,moirai_no_warmup,loso,29,building_energy,0.2539043101006215,0.4238575041398801
moirai,moirai_no_memory,loso,29,building_energy,0.2654040245163686,0.43763308149813757
moirai,moirai,loso,29,hydraulic,0.11693331414328387,0.21375851764942622
moirai,gaugeformer_v13,loso,29,hydraulic,0.11205885218869506,0.2099671359370418
moirai,moirai_no_level_experts,loso,29,hydraulic,0.11296920810699998,0.21074364497575673
moirai,moirai_no_trend_experts,loso,29,hydraulic,0.11212398768064176,0.2100115205497229
moirai,moirai_no_origin_win_guard,loso,29,hydraulic,0.11176478078373339,0.20977962864600344
moirai,moirai_no_shrinkage,loso,29,hydraulic,0.11108783696605584,0.21044847904435524
moirai,moirai_no_warmup,loso,29,hydraulic,0.11183214332600047,0.20973049576675293
moirai,moirai_no_memory,loso,29,hydraulic,0.11234892196646168,0.20997627656019624
moirai,moirai,loso,29,metropt,0.4763889060408504,1.142451719099909
moirai,gaugeformer_v13,loso,29,metropt,0.4657911206483619,1.1389210504079659
moirai,moirai_no_level_experts,loso,29,metropt,0.4663682999490377,1.1403233407723883
moirai,moirai_no_trend_experts,loso,29,metropt,0.466946011373151,1.1289015393850388
moirai,moirai_no_origin_win_guard,loso,29,metropt,0.4657911206483619,1.1389210504079659
moirai,moirai_no_shrinkage,loso,29,metropt,0.46827841085258387,1.1603055130630815
moirai,moirai_no_warmup,loso,29,metropt,0.4659134197501379,1.1390353826695554
moirai,moirai_no_memory,loso,29,metropt,0.4926544509352458,1.1748309259813812
moirai,moirai,loso,29,pmsm,0.05677691442723267,0.15265600917002906
moirai,gaugeformer_v13,loso,29,pmsm,0.0565669494737158,0.15261373340864362
moirai,moirai_no_level_experts,loso,29,pmsm,0.05651907911847153,0.15228971294413776
moirai,moirai_no_trend_experts,loso,29,pmsm,0.056630599995298514,0.1527562902776661
moirai,moirai_no_origin_win_guard,loso,29,pmsm,0.05400467672207607,0.1464527332800525
moirai,moirai_no_shrinkage,loso,29,pmsm,0.05694524934108954,0.15405931193929956
moirai,moirai_no_warmup,loso,29,pmsm,0.05656281578834518,0.15261228812025784
moirai,moirai_no_memory,loso,29,pmsm,0.05625444095461754,0.1515741341821118
moirai,moirai,loso,29,steel_industry,0.523950769652953,0.9584860729986542
moirai,gaugeformer_v13,loso,29,steel_industry,0.509386827958329,0.9477101162144704
moirai,moirai_no_level_experts,loso,29,steel_industry,0.5210040415645459,0.9605387401327071
moirai,moirai_no_trend_experts,loso,29,steel_industry,0.5092615963728543,0.94729149451792
moirai,moirai_no_origin_win_guard,loso,29,steel_industry,0.5095197909962866,0.9478962422393368
moirai,moirai_no_shrinkage,loso,29,steel_industry,0.5078719231979444,0.9642022247952173
moirai,moirai_no_warmup,loso,29,steel_industry,0.509960539029377,0.9482201237576664
moirai,moirai_no_memory,loso,29,steel_industry,0.5265678253358608,0.955500031225229
moirai,moirai,loso,43,building_energy,0.2640749738714858,0.43827896156248164
moirai,gaugeformer_v13,loso,43,building_energy,0.253711227342751,0.4234861003048473
moirai,moirai_no_level_experts,loso,43,building_energy,0.2554640465397929,0.4273194434320408
moirai,moirai_no_trend_experts,loso,43,building_energy,0.2606403021287567,0.4312045533155167
moirai,moirai_no_origin_win_guard,loso,43,building_energy,0.2531834411483994,0.42271872066770655
moirai,moirai_no_shrinkage,loso,43,building_energy,0.26087964685700366,0.43838818456748474
moirai,moirai_no_warmup,loso,43,building_energy,0.2531273761109313,0.4228282076629071
moirai,moirai_no_memory,loso,43,building_energy,0.2656579649988812,0.4381860424809536
moirai,moirai,loso,43,hydraulic,0.1167172648413737,0.21331582863078816
moirai,gaugeformer_v13,loso,43,hydraulic,0.11210359886164797,0.20982118040977166
moirai,moirai_no_level_experts,loso,43,hydraulic,0.1130097057242914,0.2105926886460532
moirai,moirai_no_trend_experts,loso,43,hydraulic,0.11215215985387167,0.20985224477088146
moirai,moirai_no_origin_win_guard,loso,43,hydraulic,0.1117481264013818,0.20957972223496096
moirai,moirai_no_shrinkage,loso,43,hydraulic,0.11116190366970216,0.21029411912978246
moirai,moirai_no_warmup,loso,43,hydraulic,0.11188559906269756,0.20959139248542838
moirai,moirai_no_memory,loso,43,hydraulic,0.11256519395868694,0.21069408532780556
moirai,moirai,loso,43,metropt,0.47602510455363545,1.1416032629467465
moirai,gaugeformer_v13,loso,43,metropt,0.4647669555405586,1.1375924021819068
moirai,moirai_no_level_experts,loso,43,metropt,0.4653652952645625,1.139061938276673
moirai,moirai_no_trend_experts,loso,43,metropt,0.46626254045661725,1.1276412039869192
moirai,moirai_no_origin_win_guard,loso,43,metropt,0.4647669555405586,1.1375924021819068
moirai,moirai_no_shrinkage,loso,43,metropt,0.46709716998754425,1.1590225429352543
moirai,moirai_no_warmup,loso,43,metropt,0.4648662534056703,1.137689917864655
moirai,moirai_no_memory,loso,43,metropt,0.4931752921115883,1.1746944626860631
moirai,moirai,loso,43,pmsm,0.05683539010811183,0.15292412018319276
moirai,gaugeformer_v13,loso,43,pmsm,0.05650411044837708,0.15257773140811137
moirai,moirai_no_level_experts,loso,43,pmsm,0.056455190091412095,0.1522456973763892
moirai,moirai_no_trend_experts,loso,43,pmsm,0.056566155479905726,0.1527206066991381
moirai,moirai_no_origin_win_guard,loso,43,pmsm,0.054033756025318076,0.1466396870179046
moirai,moirai_no_shrinkage,loso,43,pmsm,0.05689586427327645,0.15405142882397016
moirai,moirai_no_warmup,loso,43,pmsm,0.056501025690152494,0.1525777494728358
moirai,moirai_no_memory,loso,43,pmsm,0.05623140322159322,0.1518776114035354
moirai,moirai,loso,43,steel_industry,0.5230479036128531,0.9571531222516653
moirai,gaugeformer_v13,loso,43,steel_industry,0.5089773411313125,0.9471767595061721
moirai,moirai_no_level_experts,loso,43,steel_industry,0.520921284210479,0.9606070607646773
moirai,moirai_no_trend_experts,loso,43,steel_industry,0.5089368933097187,0.9468644613047958
moirai,moirai_no_origin_win_guard,loso,43,steel_industry,0.5089773411313125,0.9471767595061721
moirai,moirai_no_shrinkage,loso,43,steel_industry,0.508197533742259,0.9646036380564077
moirai,moirai_no_warmup,loso,43,steel_industry,0.5094942832772164,0.9476969531714273
moirai,moirai_no_memory,loso,43,steel_industry,0.5247646854781328,0.9545882090115905
moirai,moirai,loso,71,building_energy,0.26458260544108103,0.4388052180327326
moirai,gaugeformer_v13,loso,71,building_energy,0.25458420719820973,0.42438230282872247
moirai,moirai_no_level_experts,loso,71,building_energy,0.2561819472419608,0.42852277107853065
moirai,moirai_no_trend_experts,loso,71,building_energy,0.2611388276644288,0.4317547241500356
moirai,moirai_no_origin_win_guard,loso,71,building_energy,0.25352493511586965,0.4228025671818111
moirai,moirai_no_shrinkage,loso,71,building_energy,0.2614354460465646,0.43848624655474383
moirai,moirai_no_warmup,loso,71,building_energy,0.2538755306849262,0.4236110334870873
moirai,moirai_no_memory,loso,71,building_energy,0.266079881377412,0.4384964178183509
moirai,moirai,loso,71,hydraulic,0.11677055910109971,0.2139493876025044
moirai,gaugeformer_v13,loso,71,hydraulic,0.11202486714028662,0.2094949629109475
moirai,moirai_no_level_experts,loso,71,hydraulic,0.1129384903533937,0.21027902783150001
moirai,moirai_no_trend_experts,loso,71,hydraulic,0.11202557158332661,0.20943537462944117
moirai,moirai_no_origin_win_guard,loso,71,hydraulic,0.11165326222508531,0.20917077521367275
moirai,moirai_no_shrinkage,loso,71,hydraulic,0.11111285571007293,0.2089738852135905
moirai,moirai_no_warmup,loso,71,hydraulic,0.11180515525457832,0.20925967427324313
moirai,moirai_no_memory,loso,71,hydraulic,0.11244913994144062,0.21071514247429124
moirai,moirai,loso,71,metropt,0.4779537540189788,1.1418234345458116
moirai,gaugeformer_v13,loso,71,metropt,0.46741642225949304,1.1385825876795197
moirai,moirai_no_level_experts,loso,71,metropt,0.46796732569240806,1.139875773436827
moirai,moirai_no_trend_experts,loso,71,metropt,0.4686719724708545,1.128502976436002
moirai,moirai_no_origin_win_guard,loso,71,metropt,0.46741642225949304,1.1385825876795197
moirai,moirai_no_shrinkage,loso,71,metropt,0.4698317290892219,1.1601939518911082
moirai,moirai_no_warmup,loso,71,metropt,0.46754119892678375,1.1387018068760757
moirai,moirai_no_memory,loso,71,metropt,0.49484189564529185,1.1761605155511228
moirai,moirai,loso,71,pmsm,0.056892549773686886,0.15292061266125664
moirai,gaugeformer_v13,loso,71,pmsm,0.05659579561833203,0.15270768037430307
moirai,moirai_no_level_experts,loso,71,pmsm,0.056545656362615986,0.15237427787588695
moirai,moirai_no_trend_experts,loso,71,pmsm,0.05666541416385785,0.15286100763099295
moirai,moirai_no_origin_win_guard,loso,71,pmsm,0.054081664041868316,0.14660465588558783
moirai,moirai_no_shrinkage,loso,71,pmsm,0.05703551058546671,0.15428455571183505
moirai,moirai_no_warmup,loso,71,pmsm,0.05659176856230692,0.15270635588965883
moirai,moirai_no_memory,loso,71,pmsm,0.056392151090330696,0.15214689483447766
moirai,moirai,loso,71,steel_industry,0.5237703197649738,0.9585413829862357
moirai,gaugeformer_v13,loso,71,steel_industry,0.5094867209513405,0.9480770464627282
moirai,moirai_no_level_experts,loso,71,steel_industry,0.5212499966462244,0.9612612614121752
moirai,moirai_no_trend_experts,loso,71,steel_industry,0.5094023673683313,0.9476753893250782
moirai,moirai_no_origin_win_guard,loso,71,steel_industry,0.5094867209513405,0.9480770464627282
moirai,moirai_no_shrinkage,loso,71,steel_industry,0.5082036300310336,0.9645572580457238
moirai,moirai_no_warmup,loso,71,steel_industry,0.5100450203538758,0.9486092160869768
moirai,moirai_no_memory,loso,71,steel_industry,0.526989199419292,0.9568074800944675
timer_xl,timer_xl,joint,101,building_energy,0.23913432158560496,0.383763334681234
timer_xl,timer_xl,joint,101,hydraulic,0.06413452062566571,0.12077140776102929
timer_xl,timer_xl,joint,101,metropt,0.3813974200610151,0.9582613067348029
timer_xl,timer_xl,joint,101,pmsm,0.056506540220203856,0.14578917447142795
timer_xl,timer_xl,joint,101,steel_industry,0.28877070798183024,0.5043332425392391
timer_xl,timer_xl_gaugeformer,joint,101,building_energy,0.2375025113964947,0.38847291215643065
timer_xl,timer_xl_gaugeformer,joint,101,hydraulic,0.07403783202568555,0.13860828837650596
timer_xl,timer_xl_gaugeformer,joint,101,metropt,0.38197645562028665,0.9613206078845004
timer_xl,timer_xl_gaugeformer,joint,101,pmsm,0.054763945732249235,0.14444459013570374
timer_xl,timer_xl_gaugeformer,joint,101,steel_industry,0.29567676989741887,0.540619621241065
timer_xl,timer_xl_no_level_experts,joint,101,building_energy,0.2389321280469652,0.38952994733187496
timer_xl,timer_xl_no_level_experts,joint,101,hydraulic,0.07420266260832253,0.13898525603469208
timer_xl,timer_xl_no_level_experts,joint,101,metropt,0.38650762344937817,0.971668350016761
timer_xl,timer_xl_no_level_experts,joint,101,pmsm,0.054705850045974426,0.14424432874781426
timer_xl,timer_xl_no_level_experts,joint,101,steel_industry,0.29653732889785916,0.5336907165825363
timer_xl,timer_xl_no_trend_experts,joint,101,building_energy,0.23719343537434504,0.38580794649828104
timer_xl,timer_xl_no_trend_experts,joint,101,hydraulic,0.07450478942226277,0.13912539197994137
timer_xl,timer_xl_no_trend_experts,joint,101,metropt,0.3807381018551264,0.958254278513813
timer_xl,timer_xl_no_trend_experts,joint,101,pmsm,0.05518067713717948,0.14506802076732037
timer_xl,timer_xl_no_trend_experts,joint,101,steel_industry,0.29567676989741887,0.540619621241065
timer_xl,timer_xl_no_origin_win_guard,joint,101,building_energy,0.23847705485243403,0.3907382837790519
timer_xl,timer_xl_no_origin_win_guard,joint,101,hydraulic,0.07403783202568555,0.13860828837650596
timer_xl,timer_xl_no_origin_win_guard,joint,101,metropt,0.3917838103853459,0.975406847521396
timer_xl,timer_xl_no_origin_win_guard,joint,101,pmsm,0.05473870757447354,0.14439762574360437
timer_xl,timer_xl_no_origin_win_guard,joint,101,steel_industry,0.29567676989741887,0.540619621241065
timer_xl,timer_xl_no_shrinkage,joint,101,building_energy,0.24559925357229673,0.408033295314332
timer_xl,timer_xl_no_shrinkage,joint,101,hydraulic,0.10563352856018236,0.20380077552696532
timer_xl,timer_xl_no_shrinkage,joint,101,metropt,0.38976769388212834,0.985948504038146
timer_xl,timer_xl_no_shrinkage,joint,101,pmsm,0.0547645742429048,0.14722402290439154
timer_xl,timer_xl_no_shrinkage,joint,101,steel_industry,0.3120706709536508,0.6271177991830603
timer_xl,timer_xl_no_warmup,joint,101,building_energy,0.23739787061798795,0.3890440491469417
timer_xl,timer_xl_no_warmup,joint,101,hydraulic,0.07467653114667111,0.13943608682501246
timer_xl,timer_xl_no_warmup,joint,101,metropt,0.381854235032244,0.9611566485123108
timer_xl,timer_xl_no_warmup,joint,101,pmsm,0.05475729894956378,0.14444164583369568
timer_xl,timer_xl_no_warmup,joint,101,steel_industry,0.2973660984475039,0.5437607383609391
timer_xl,timer_xl_no_memory,joint,101,building_energy,0.24491270108658592,0.39848977592657453
timer_xl,timer_xl_no_memory,joint,101,hydraulic,0.07629084823701772,0.1458785878374694
timer_xl,timer_xl_no_memory,joint,101,metropt,0.41507973603741277,1.0194930828769506
timer_xl,timer_xl_no_memory,joint,101,pmsm,0.05596968842416777,0.14687059912087905
timer_xl,timer_xl_no_memory,joint,101,steel_industry,0.30050565491289827,0.5392053593603638
timer_xl,timer_xl,joint,17,building_energy,0.23838462026066287,0.3836241711330552
timer_xl,timer_xl,joint,17,hydraulic,0.060825065748081344,0.11592343590285226
timer_xl,timer_xl,joint,17,metropt,0.38149701389673346,0.9603720951789839
timer_xl,timer_xl,joint,17,pmsm,0.05680463086665849,0.14673386897506738
timer_xl,timer_xl,joint,17,steel_industry,0.28829306685942946,0.5035188045590075
timer_xl,timer_xl_gaugeformer,joint,17,building_energy,0.2373291973232608,0.38832467634361423
timer_xl,timer_xl_gaugeformer,joint,17,hydraulic,0.07322665346230046,0.1384041443589169
timer_xl,timer_xl_gaugeformer,joint,17,metropt,0.38210819023629294,0.9610482234659069
timer_xl,timer_xl_gaugeformer,joint,17,pmsm,0.05485056061931607,0.14492468341762366
timer_xl,timer_xl_gaugeformer,joint,17,steel_industry,0.29569031315775346,0.5398919055827378
timer_xl,timer_xl_no_level_experts,joint,17,building_energy,0.2389569238569392,0.38945644665603246
timer_xl,timer_xl_no_level_experts,joint,17,hydraulic,0.0734725716136206,0.13883314420964277
timer_xl,timer_xl_no_level_experts,joint,17,metropt,0.3863566932943772,0.9711513490356294
timer_xl,timer_xl_no_level_experts,joint,17,pmsm,0.05479400523743394,0.14473311206086067
timer_xl,timer_xl_no_level_experts,joint,17,steel_industry,0.2966068260473217,0.5330470985074485
timer_xl,timer_xl_no_trend_experts,joint,17,building_energy,0.23681918062261384,0.3857140389006327
timer_xl,timer_xl_no_trend_experts,joint,17,hydraulic,0.07363814944642343,0.13886087863332275
timer_xl,timer_xl_no_trend_experts,joint,17,metropt,0.3818677778369959,0.9601960185504111
timer_xl,timer_xl_no_trend_experts,joint,17,pmsm,0.055362847471579525,0.14564396590497627
timer_xl,timer_xl_no_trend_experts,joint,17,steel_industry,0.29569031315775346,0.5398919055827378
timer_xl,timer_xl_no_origin_win_guard,joint,17,building_energy,0.23726661735485227,0.38969593168712385
timer_xl,timer_xl_no_origin_win_guard,joint,17,hydraulic,0.07322665346230046,0.1384041443589169
timer_xl,timer_xl_no_origin_win_guard,joint,17,metropt,0.3886692323121307,0.9726821532780405
timer_xl,timer_xl_no_origin_win_guard,joint,17,pmsm,0.054806511582550406,0.14483673254801085
timer_xl,timer_xl_no_origin_win_guard,joint,17,steel_industry,0.29569031315775346,0.5398919055827378
timer_xl,timer_xl_no_shrinkage,joint,17,building_energy,0.24532246512459865,0.40721193689916657
timer_xl,timer_xl_no_shrinkage,joint,17,hydraulic,0.10560078820054884,0.20392114634953157
timer_xl,timer_xl_no_shrinkage,joint,17,metropt,0.38755119300193924,0.9798645451622713
timer_xl,timer_xl_no_shrinkage,joint,17,pmsm,0.05482013514235288,0.14759885020006178
timer_xl,timer_xl_no_shrinkage,joint,17,steel_industry,0.31246192240908255,0.6278461698004922
timer_xl,timer_xl_no_warmup,joint,17,building_energy,0.2371591271853392,0.3887182792791544
timer_xl,timer_xl_no_warmup,joint,17,hydraulic,0.07391969170372346,0.13928306218152905
timer_xl,timer_xl_no_warmup,joint,17,metropt,0.3820493626464218,0.9608241185846044
timer_xl,timer_xl_no_warmup,joint,17,pmsm,0.05484641457627487,0.14492277919219212
timer_xl,timer_xl_no_warmup,joint,17,steel_industry,0.2975565498647935,0.543241717116842
timer_xl,timer_xl_no_memory,joint,17,building_energy,0.2448174539822978,0.39974030880044176
timer_xl,timer_xl_no_memory,joint,17,hydraulic,0.07534591634318433,0.14508583078608533
timer_xl,timer_xl_no_memory,joint,17,metropt,0.4150015190454653,1.0216779264860303
timer_xl,timer_xl_no_memory,joint,17,pmsm,0.05620790225443151,0.147574608482353
timer_xl,timer_xl_no_memory,joint,17,steel_industry,0.3008315421793936,0.5381896613777782
timer_xl,timer_xl,joint,29,building_energy,0.23912556122925008,0.3841563076483423
timer_xl,timer_xl,joint,29,hydraulic,0.06094248314312611,0.1155613327723597
timer_xl,timer_xl,joint,29,metropt,0.37604710882977843,0.9605142154248681
timer_xl,timer_xl,joint,29,pmsm,0.056763652502519156,0.14615670385225396
timer_xl,timer_xl,joint,29,steel_industry,0.2886943487734232,0.5056194167265295
timer_xl,timer_xl_gaugeformer,joint,29,building_energy,0.23819254234618426,0.391313807621883
timer_xl,timer_xl_gaugeformer,joint,29,hydraulic,0.07227641010020709,0.13755803044813117
timer_xl,timer_xl_gaugeformer,joint,29,metropt,0.37653527893125327,0.9609430539741789
timer_xl,timer_xl_gaugeformer,joint,29,pmsm,0.05481413954445107,0.14457043836214004
timer_xl,timer_xl_gaugeformer,joint,29,steel_industry,0.2955162397880382,0.5413109688424929
timer_xl,timer_xl_no_level_experts,joint,29,building_energy,0.239837258361831,0.3925794253490522
timer_xl,timer_xl_no_level_experts,joint,29,hydraulic,0.07255414819814286,0.138047541635082
timer_xl,timer_xl_no_level_experts,joint,29,metropt,0.38069174729207156,0.9704176628906618
timer_xl,timer_xl_no_level_experts,joint,29,pmsm,0.054762943729031434,0.14438112163036823
timer_xl,timer_xl_no_level_experts,joint,29,steel_industry,0.29666738577972257,0.5350666025067226
timer_xl,timer_xl_no_trend_experts,joint,29,building_energy,0.2372307066840973,0.3865784008601273
timer_xl,timer_xl_no_trend_experts,joint,29,hydraulic,0.0727636667021066,0.13808819715846193
timer_xl,timer_xl_no_trend_experts,joint,29,metropt,0.37653527893125327,0.9609430539741789
timer_xl,timer_xl_no_trend_experts,joint,29,pmsm,0.0552694879351025,0.14526908998727575
timer_xl,timer_xl_no_trend_experts,joint,29,steel_industry,0.2955162397880382,0.5413109688424929
timer_xl,timer_xl_no_origin_win_guard,joint,29,building_energy,0.2396893501754258,0.39430374007881314
timer_xl,timer_xl_no_origin_win_guard,joint,29,hydraulic,0.07227641010020709,0.13755803044813117
timer_xl,timer_xl_no_origin_win_guard,joint,29,metropt,0.3822883180480803,0.9684212143710555
timer_xl,timer_xl_no_origin_win_guard,joint,29,pmsm,0.05479063950264685,0.14451731985155716
timer_xl,timer_xl_no_origin_win_guard,joint,29,steel_industry,0.2955162397880382,0.5413109688424929
timer_xl,timer_xl_no_shrinkage,joint,29,building_energy,0.24881084760198263,0.41584292653661975
timer_xl,timer_xl_no_shrinkage,joint,29,hydraulic,0.10542441807342276,0.20392201202471028
timer_xl,timer_xl_no_shrinkage,joint,29,metropt,0.3813114180161322,0.9784540960707809
timer_xl,timer_xl_no_shrinkage,joint,29,pmsm,0.05480901876031266,0.1475525093489898
timer_xl,timer_xl_no_shrinkage,joint,29,steel_industry,0.31140986217632033,0.6272792856368404
timer_xl,timer_xl_no_warmup,joint,29,building_energy,0.23802627070723778,0.3916375413098812
timer_xl,timer_xl_no_warmup,joint,29,hydraulic,0.07295674700390925,0.1384383372797426
timer_xl,timer_xl_no_warmup,joint,29,metropt,0.37640013555497787,0.9607631464618863
timer_xl,timer_xl_no_warmup,joint,29,pmsm,0.054807862310568965,0.14456679708606307
timer_xl,timer_xl_no_warmup,joint,29,steel_industry,0.297201382621496,0.5444824802325755
timer_xl,timer_xl_no_memory,joint,29,building_energy,0.24561522073698322,0.39980675533049226
timer_xl,timer_xl_no_memory,joint,29,hydraulic,0.07318251919511731,0.1443518076467299
timer_xl,timer_xl_no_memory,joint,29,metropt,0.4123127513211916,1.0235567425031384
timer_xl,timer_xl_no_memory,joint,29,pmsm,0.05617602782162054,0.14715341096354348
timer_xl,timer_xl_no_memory,joint,29,steel_industry,0.3024399881997043,0.542170406998663
timer_xl,timer_xl,joint,43,building_energy,0.23878591129201637,0.3817618602587733
timer_xl,timer_xl,joint,43,hydraulic,0.06176246218299017,0.11727474183954124
timer_xl,timer_xl,joint,43,metropt,0.38018740624261993,0.9616720598315205
timer_xl,timer_xl,joint,43,pmsm,0.05715760520370438,0.1462992341293571
timer_xl,timer_xl,joint,43,steel_industry,0.2919442472071432,0.507095550453149
timer_xl,timer_xl_gaugeformer,joint,43,building_energy,0.23730034934130245,0.3882774700681087
timer_xl,timer_xl_gaugeformer,joint,43,hydraulic,0.07355290992493853,0.13975080417432326
timer_xl,timer_xl_gaugeformer,joint,43,metropt,0.3800810910260238,0.961717274544816
timer_xl,timer_xl_gaugeformer,joint,43,pmsm,0.05500383859164524,0.1443875860801108
timer_xl,timer_xl_gaugeformer,joint,43,steel_industry,0.2987894988374814,0.5442443768465645
timer_xl,timer_xl_no_level_experts,joint,43,building_energy,0.23900163291099552,0.38932780803916933
timer_xl,timer_xl_no_level_experts,joint,43,hydraulic,0.0738935279587594,0.1402295219627641
timer_xl,timer_xl_no_level_experts,joint,43,metropt,0.3842471657249472,0.9712820846298839
timer_xl,timer_xl_no_level_experts,joint,43,pmsm,0.05494817189363891,0.14419116033767276
timer_xl,timer_xl_no_level_experts,joint,43,steel_industry,0.30010527472904164,0.5374704392922897
timer_xl,timer_xl_no_trend_experts,joint,43,building_energy,0.2366859605053991,0.38375928968867073
timer_xl,timer_xl_no_trend_experts,joint,43,hydraulic,0.07404107106979275,0.14028273089931503
timer_xl,timer_xl_no_trend_experts,joint,43,metropt,0.3800810910260238,0.961717274544816
timer_xl,timer_xl_no_trend_experts,joint,43,pmsm,0.055437106019058276,0.14503066283424046
timer_xl,timer_xl_no_trend_experts,joint,43,steel_industry,0.2987894988374814,0.5442443768465645
timer_xl,timer_xl_no_origin_win_guard,joint,43,building_energy,0.2377283743063727,0.38964480263008616
timer_xl,timer_xl_no_origin_win_guard,joint,43,hydraulic,0.07355290992493853,0.13975080417432326
timer_xl,timer_xl_no_origin_win_guard,joint,43,metropt,0.38791341568066795,0.9725686921219829
timer_xl,timer_xl_no_origin_win_guard,joint,43,pmsm,0.054978063457471506,0.144339075688054
timer_xl,timer_xl_no_origin_win_guard,joint,43,steel_industry,0.2987894988374814,0.5442443768465645
timer_xl,timer_xl_no_shrinkage,joint,43,building_energy,0.24739717970675532,0.4119966205014006
timer_xl,timer_xl_no_shrinkage,joint,43,hydraulic,0.10564414519222678,0.2043940217182908
timer_xl,timer_xl_no_shrinkage,joint,43,metropt,0.38473571503487036,0.978896766133154
timer_xl,timer_xl_no_shrinkage,joint,43,pmsm,0.054819910565192885,0.1472996845706351
timer_xl,timer_xl_no_shrinkage,joint,43,steel_industry,0.3141654343878676,0.6307543379967449
timer_xl,timer_xl_no_warmup,joint,43,building_energy,0.23738100363155168,0.3890087919108915
timer_xl,timer_xl_no_warmup,joint,43,hydraulic,0.07423900066715895,0.1406158531521499
timer_xl,timer_xl_no_warmup,joint,43,metropt,0.38001250223893085,0.961652668309754
timer_xl,timer_xl_no_warmup,joint,43,pmsm,0.05499698461324576,0.14438361077478853
timer_xl,timer_xl_no_warmup,joint,43,steel_industry,0.30041288422986,0.5472945407243124
timer_xl,timer_xl_no_memory,joint,43,building_energy,0.24539782182467318,0.3984718351972524
timer_xl,timer_xl_no_memory,joint,43,hydraulic,0.07494129250474928,0.14478796875451322
timer_xl,timer_xl_no_memory,joint,43,metropt,0.4121864475489846,1.0209188903772681
timer_xl,timer_xl_no_memory,joint,43,pmsm,0.05616246202486056,0.14665506659252028
timer_xl,timer_xl_no_memory,joint,43,steel_industry,0.3037223012834156,0.540040985327358
timer_xl,timer_xl,joint,71,building_energy,0.2393310973833664,0.384724594278422
timer_xl,timer_xl,joint,71,hydraulic,0.06255163079912097,0.1178304587087274
timer_xl,timer_xl,joint,71,metropt,0.3778200499343038,0.9616339157855179
timer_xl,timer_xl,joint,71,pmsm,0.05702525388920409,0.14692824138018767
timer_xl,timer_xl,joint,71,steel_industry,0.2911055839224617,0.5079165794380256
timer_xl,timer_xl_gaugeformer,joint,71,building_energy,0.2372887786867332,0.38863256046918476
timer_xl,timer_xl_gaugeformer,joint,71,hydraulic,0.07277955958792572,0.13769335575359726
timer_xl,timer_xl_gaugeformer,joint,71,metropt,0.3780640754479082,0.961474068617379
timer_xl,timer_xl_gaugeformer,joint,71,pmsm,0.05492325199746512,0.14498283139254742
timer_xl,timer_xl_gaugeformer,joint,71,steel_industry,0.297647440068814,0.542387064988869
timer_xl,timer_xl_no_level_experts,joint,71,building_energy,0.23872041786237747,0.38969382269853897
timer_xl,timer_xl_no_level_experts,joint,71,hydraulic,0.07317130174007835,0.13826761613041968
timer_xl,timer_xl_no_level_experts,joint,71,metropt,0.38240786856407805,0.9718150797833359
timer_xl,timer_xl_no_level_experts,joint,71,pmsm,0.05487325424229857,0.1448043908314135
timer_xl,timer_xl_no_level_experts,joint,71,steel_industry,0.29876502739711974,0.5356235383629551
timer_xl,timer_xl_no_trend_experts,joint,71,building_energy,0.23735576254542015,0.38655787149156645
timer_xl,timer_xl_no_trend_experts,joint,71,hydraulic,0.07320571286207574,0.13816198860561923
timer_xl,timer_xl_no_trend_experts,joint,71,metropt,0.37809763597640467,0.9615154465128631
timer_xl,timer_xl_no_trend_experts,joint,71,pmsm,0.05537761606740558,0.14570931225306913
timer_xl,timer_xl_no_trend_experts,joint,71,steel_industry,0.297647440068814,0.542387064988869
timer_xl,timer_xl_no_origin_win_guard,joint,71,building_energy,0.2372028221662155,0.3904391308734907
timer_xl,timer_xl_no_origin_win_guard,joint,71,hydraulic,0.07277955958792572,0.13769335575359726
timer_xl,timer_xl_no_origin_win_guard,joint,71,metropt,0.3858164083633047,0.973669440379622
timer_xl,timer_xl_no_origin_win_guard,joint,71,pmsm,0.05491326601544858,0.1449707471474128
timer_xl,timer_xl_no_origin_win_guard,joint,71,steel_industry,0.297647440068814,0.542387064988869
timer_xl,timer_xl_no_shrinkage,joint,71,building_energy,0.2445257060941387,0.40684360541116504
timer_xl,timer_xl_no_shrinkage,joint,71,hydraulic,0.10548652864853932,0.2037374420479453
timer_xl,timer_xl_no_shrinkage,joint,71,metropt,0.382645036516524,0.9785225918263889
timer_xl,timer_xl_no_shrinkage,joint,71,pmsm,0.05481929270125238,0.14781774826524444
timer_xl,timer_xl_no_shrinkage,joint,71,steel_industry,0.3138359254336516,0.6290351852926074
timer_xl,timer_xl_no_warmup,joint,71,building_energy,0.2369963500119254,0.3889876462989815
timer_xl,timer_xl_no_warmup,joint,71,hydraulic,0.07331514451890232,0.13844840690216245
timer_xl,timer_xl_no_warmup,joint,71,metropt,0.37801557016505116,0.9613039530120109
timer_xl,timer_xl_no_warmup,joint,71,pmsm,0.05491639077818042,0.1449798799193728
timer_xl,timer_xl_no_warmup,joint,71,steel_industry,0.29936783138754086,0.5455123271267248
timer_xl,timer_xl_no_memory,joint,71,building_energy,0.245574551482887,0.40033699061385053
timer_xl,timer_xl_no_memory,joint,71,hydraulic,0.07254985258900652,0.14420367963338543
timer_xl,timer_xl_no_memory,joint,71,metropt,0.4097907733247967,1.0187591637236089
timer_xl,timer_xl_no_memory,joint,71,pmsm,0.05634952648218458,0.14765862902943588
timer_xl,timer_xl_no_memory,joint,71,steel_industry,0.30145777636282645,0.5400687914767434
timer_xl,timer_xl,loso,101,building_energy,0.27120782967661644,0.42912125579622123
timer_xl,timer_xl_gaugeformer,loso,101,building_energy,0.26002190974642886,0.42159211574625033
timer_xl,timer_xl_no_level_experts,loso,101,building_energy,0.26430526795999276,0.42933505220615475
timer_xl,timer_xl_no_trend_experts,loso,101,building_energy,0.2667332141868002,0.4259259006981041
timer_xl,timer_xl_no_origin_win_guard,loso,101,building_energy,0.25934436490911766,0.4223378396476781
timer_xl,timer_xl_no_shrinkage,loso,101,building_energy,0.26085548417533944,0.43350463937790457
timer_xl,timer_xl_no_warmup,loso,101,building_energy,0.2596807831143987,0.42152278467844995
timer_xl,timer_xl_no_memory,loso,101,building_energy,0.27047012102206447,0.4337982039048885
timer_xl,timer_xl,loso,101,hydraulic,0.32470115508019287,0.4293752448189277
timer_xl,timer_xl_gaugeformer,loso,101,hydraulic,0.21592953085372057,0.3110270567121999
timer_xl,timer_xl_no_level_experts,loso,101,hydraulic,0.21704513750470208,0.3121872650254684
timer_xl,timer_xl_no_trend_experts,loso,101,hydraulic,0.21697726319027466,0.3121686305335042
timer_xl,timer_xl_no_origin_win_guard,loso,101,hydraulic,0.21592953085372057,0.3110270567121999
timer_xl,timer_xl_no_shrinkage,loso,101,hydraulic,0.129025066041237,0.24003637210558082
timer_xl,timer_xl_no_warmup,loso,101,hydraulic,0.21284557717951144,0.30721418362101377
timer_xl,timer_xl_no_memory,loso,101,hydraulic,0.21824074440191216,0.31858786767117037
timer_xl,timer_xl,loso,101,metropt,0.6195021421443504,1.219483940090771
timer_xl,timer_xl_gaugeformer,loso,101,metropt,0.5540113975005531,1.170453519117512
timer_xl,timer_xl_no_level_experts,loso,101,metropt,0.5609071559961294,1.2320789324142396
timer_xl,timer_xl_no_trend_experts,loso,101,metropt,0.5721557214864915,1.1757225461598007
timer_xl,timer_xl_no_origin_win_guard,loso,101,metropt,0.5540113975005531,1.170453519117512
timer_xl,timer_xl_no_shrinkage,loso,101,metropt,0.5005780495380497,1.1725376506910028
timer_xl,timer_xl_no_warmup,loso,101,metropt,0.5533885916783605,1.1702406892212343
timer_xl,timer_xl_no_memory,loso,101,metropt,0.5817064196953108,1.226995284097953
timer_xl,timer_xl,loso,101,pmsm,0.06152223071686088,0.1541452370635199
timer_xl,timer_xl_gaugeformer,loso,101,pmsm,0.05657782794078162,0.14621848949907662
timer_xl,timer_xl_no_level_experts,loso,101,pmsm,0.05652516716293279,0.14600929978311558
timer_xl,timer_xl_no_trend_experts,loso,101,pmsm,0.05696205887039058,0.14681819385259662
timer_xl,timer_xl_no_origin_win_guard,loso,101,pmsm,0.056533373669580285,0.14607633375644777
timer_xl,timer_xl_no_shrinkage,loso,101,pmsm,0.05521592717220946,0.14861209830426272
timer_xl,timer_xl_no_warmup,loso,101,pmsm,0.05656985237229969,0.14621290846040289
timer_xl,timer_xl_no_memory,loso,101,pmsm,0.05804784153603581,0.14884035807133375
timer_xl,timer_xl,loso,101,steel_industry,0.5903075081030538,0.8711700115454215
timer_xl,timer_xl_gaugeformer,loso,101,steel_industry,0.5532994413824408,0.864499012605173
timer_xl,timer_xl_no_level_experts,loso,101,steel_industry,0.5577811012942167,0.8623819436857877
timer_xl,timer_xl_no_trend_experts,loso,101,steel_industry,0.5532994413824408,0.864499012605173
timer_xl,timer_xl_no_origin_win_guard,loso,101,steel_industry,0.5431286964904044,0.8839498609427316
timer_xl,timer_xl_no_shrinkage,loso,101,steel_industry,0.5225852546844194,0.8879819443805689
timer_xl,timer_xl_no_warmup,loso,101,steel_industry,0.5519576940815659,0.8646984575745993
timer_xl,timer_xl_no_memory,loso,101,steel_industry,0.5564712618048924,0.8660133634663689
timer_xl,timer_xl,loso,17,building_energy,0.2686864863687857,0.4267430046346705
timer_xl,timer_xl_gaugeformer,loso,17,building_energy,0.25919854640506407,0.4222668892950441
timer_xl,timer_xl_no_level_experts,loso,17,building_energy,0.2623579610646349,0.4265191177484169
timer_xl,timer_xl_no_trend_experts,loso,17,building_energy,0.2651330030407433,0.4254404796110325
timer_xl,timer_xl_no_origin_win_guard,loso,17,building_energy,0.2581544240572215,0.4218982872817966
timer_xl,timer_xl_no_shrinkage,loso,17,building_energy,0.260642089304684,0.4352885011948973
timer_xl,timer_xl_no_warmup,loso,17,building_energy,0.2586199590646267,0.42207939417108153
timer_xl,timer_xl_no_memory,loso,17,building_energy,0.2686244744575425,0.43244987742840785
timer_xl,timer_xl,loso,17,hydraulic,0.32610561109602754,0.42910470756102864
timer_xl,timer_xl_gaugeformer,loso,17,hydraulic,0.2150598159342743,0.3093446243638724
timer_xl,timer_xl_no_level_experts,loso,17,hydraulic,0.21642125772618725,0.31079006116231944
timer_xl,timer_xl_no_trend_experts,loso,17,hydraulic,0.21601986428242217,0.3104291242952092
timer_xl,timer_xl_no_origin_win_guard,loso,17,hydraulic,0.2150598159342743,0.3093446243638724
timer_xl,timer_xl_no_shrinkage,loso,17,hydraulic,0.12651835267538367,0.2375838015242977
timer_xl,timer_xl_no_warmup,loso,17,hydraulic,0.21199254673184315,0.30551407798071717
timer_xl,timer_xl_no_memory,loso,17,hydraulic,0.21799824937221177,0.3157793542552904
timer_xl,timer_xl,loso,17,metropt,0.5949195087069252,1.195096484563504
timer_xl,timer_xl_gaugeformer,loso,17,metropt,0.5381070228092492,1.1568744720032533
timer_xl,timer_xl_no_level_experts,loso,17,metropt,0.5449998418201678,1.2201155383366433
timer_xl,timer_xl_no_trend_experts,loso,17,metropt,0.5530388845620106,1.1572171832180689
timer_xl,timer_xl_no_origin_win_guard,loso,17,metropt,0.5381070228092492,1.1568744720032533
timer_xl,timer_xl_no_shrinkage,loso,17,metropt,0.49304563912095617,1.1680871219028897
timer_xl,timer_xl_no_warmup,loso,17,metropt,0.5376238213743504,1.1567396264478387
timer_xl,timer_xl_no_memory,loso,17,metropt,0.5673289235402524,1.2133178177645758
timer_xl,timer_xl,loso,17,pmsm,0.06199037491913731,0.15514145950990993
timer_xl,timer_xl_gaugeformer,loso,17,pmsm,0.05676845914056509,0.14679340082599443
timer_xl,timer_xl_no_level_experts,loso,17,pmsm,0.05671033607624123,0.1465694516452173
timer_xl,timer_xl_no_trend_experts,loso,17,pmsm,0.05716530077823154,0.14739662005107151
timer_xl,timer_xl_no_origin_win_guard,loso,17,pmsm,0.056539533861932945,0.1464425722443672
timer_xl,timer_xl_no_shrinkage,loso,17,pmsm,0.05525635521603686,0.14903713304094204
timer_xl,timer_xl_no_warmup,loso,17,pmsm,0.056759268098916016,0.14678577849003865
timer_xl,timer_xl_no_memory,loso,17,pmsm,0.05851355351097116,0.14987370482468984
timer_xl,timer_xl,loso,17,steel_industry,0.57829190738672,0.8752351669984307
timer_xl,timer_xl_gaugeformer,loso,17,steel_industry,0.5429267451472402,0.8695753759262004
timer_xl,timer_xl_no_level_experts,loso,17,steel_industry,0.5473990319720767,0.8673196849056222
timer_xl,timer_xl_no_trend_experts,loso,17,steel_industry,0.5429267451472402,0.8695753759262004
timer_xl,timer_xl_no_origin_win_guard,loso,17,steel_industry,0.5374757602790085,0.885745925699351
timer_xl,timer_xl_no_shrinkage,loso,17,steel_industry,0.5137301296535093,0.8923688446693984
timer_xl,timer_xl_no_warmup,loso,17,steel_industry,0.5418993582929564,0.8700141158250133
timer_xl,timer_xl_no_memory,loso,17,steel_industry,0.5501999351394719,0.8733698567719894
timer_xl,timer_xl,loso,29,building_energy,0.2709403433066322,0.4289321192487196
timer_xl,timer_xl_gaugeformer,loso,29,building_energy,0.2606587974137978,0.42300692722097677
timer_xl,timer_xl_no_level_experts,loso,29,building_energy,0.2643357841660757,0.43014115084287785
timer_xl,timer_xl_no_trend_experts,loso,29,building_energy,0.26713831548946426,0.42687474508028234
timer_xl,timer_xl_no_origin_win_guard,loso,29,building_energy,0.25929601919110196,0.4226715139816566
timer_xl,timer_xl_no_shrinkage,loso,29,building_energy,0.2612837617875023,0.4348053926557822
timer_xl,timer_xl_no_warmup,loso,29,building_energy,0.26022753175256264,0.4228711898865286
timer_xl,timer_xl_no_memory,loso,29,building_energy,0.2697807860500299,0.4332375284023151
timer_xl,timer_xl,loso,29,hydraulic,0.28438767125188763,0.3827410629111482
timer_xl,timer_xl_gaugeformer,loso,29,hydraulic,0.19335346271352355,0.2861345854362933
timer_xl,timer_xl_no_level_experts,loso,29,hydraulic,0.1944142747771536,0.28726022383988825
timer_xl,timer_xl_no_trend_experts,loso,29,hydraulic,0.19419120008126753,0.28708999822594067
timer_xl,timer_xl_no_origin_win_guard,loso,29,hydraulic,0.19335346271352355,0.2861345854362933
timer_xl,timer_xl_no_shrinkage,loso,29,hydraulic,0.1236100208584665,0.2310745531601157
timer_xl,timer_xl_no_warmup,loso,29,hydraulic,0.19081985468930168,0.28302334028884135
timer_xl,timer_xl_no_memory,loso,29,hydraulic,0.19589456412640707,0.2913794050446606
timer_xl,timer_xl,loso,29,metropt,0.6084290835724016,1.2032655951101578
timer_xl,timer_xl_gaugeformer,loso,29,metropt,0.5469514022961282,1.161266333911686
timer_xl,timer_xl_no_level_experts,loso,29,metropt,0.5537937531729716,1.2222411734058292
timer_xl,timer_xl_no_trend_experts,loso,29,metropt,0.5633233218905408,1.1637418828568848
timer_xl,timer_xl_no_origin_win_guard,loso,29,metropt,0.5469514022961282,1.161266333911686
timer_xl,timer_xl_no_shrinkage,loso,29,metropt,0.4976259919261038,1.1686713871287988
timer_xl,timer_xl_no_warmup,loso,29,metropt,0.5464167769564349,1.1611224641507174
timer_xl,timer_xl_no_memory,loso,29,metropt,0.5748259356690454,1.218387407666358
timer_xl,timer_xl,loso,29,pmsm,0.06208694346179533,0.1551364452062681
timer_xl,timer_xl_gaugeformer,loso,29,pmsm,0.05669666735503956,0.14627786432193426
timer_xl,timer_xl_no_level_experts,loso,29,pmsm,0.056639229061537254,0.14605623983034613
timer_xl,timer_xl_no_trend_experts,loso,29,pmsm,0.05712401618702025,0.14693201304648487
timer_xl,timer_xl_no_origin_win_guard,loso,29,pmsm,0.056641093434421676,0.1461309835110306
timer_xl,timer_xl_no_shrinkage,loso,29,pmsm,0.0550682229849609,0.14837814060026686
timer_xl,timer_xl_no_warmup,loso,29,pmsm,0.05668838875645434,0.14627239078069612
timer_xl,timer_xl_no_memory,loso,29,pmsm,0.058538333964659184,0.14968669391672682
timer_xl,timer_xl,loso,29,steel_industry,0.5871596497362094,0.8792901035565439
timer_xl,timer_xl_gaugeformer,loso,29,steel_industry,0.5504263743417569,0.8736706778696094
timer_xl,timer_xl_no_level_experts,loso,29,steel_industry,0.5549640072802277,0.8718452636672025
timer_xl,timer_xl_no_trend_experts,loso,29,steel_industry,0.5504263743417569,0.8736706778696094
timer_xl,timer_xl_no_origin_win_guard,loso,29,steel_industry,0.5427047631549632,0.8883067095564066
timer_xl,timer_xl_no_shrinkage,loso,29,steel_industry,0.5201056745450356,0.8973636686080935
timer_xl,timer_xl_no_warmup,loso,29,steel_industry,0.5495290487963304,0.8742820637999248
timer_xl,timer_xl_no_memory,loso,29,steel_industry,0.5540378637381347,0.8741383152673411
timer_xl,timer_xl,loso,43,building_energy,0.27160156079716746,0.42990550826652896
timer_xl,timer_xl_gaugeformer,loso,43,building_energy,0.2609501795309069,0.4238076232547707
timer_xl,timer_xl_no_level_experts,loso,43,building_energy,0.26412771463181955,0.42987487253565404
timer_xl,timer_xl_no_trend_experts,loso,43,building_energy,0.2670676435267947,0.4268270947906877
timer_xl,timer_xl_no_origin_win_guard,loso,43,building_energy,0.25947178193525894,0.42343078832218917
timer_xl,timer_xl_no_shrinkage,loso,43,building_energy,0.26170534154854264,0.43643035161613475
timer_xl,timer_xl_no_warmup,loso,43,building_energy,0.2606384313792861,0.42404962918061606
timer_xl,timer_xl_no_memory,loso,43,building_energy,0.2707105136888853,0.43421230788914866
timer_xl,timer_xl,loso,43,hydraulic,0.30034477658961645,0.4004598244463549
timer_xl,timer_xl_gaugeformer,loso,43,hydraulic,0.20230428626411365,0.2945393040834137
timer_xl,timer_xl_no_level_experts,loso,43,hydraulic,0.20347740975965384,0.2957903524581177
timer_xl,timer_xl_no_trend_experts,loso,43,hydraulic,0.2031823558999879,0.29552320110377106
timer_xl,timer_xl_no_origin_win_guard,loso,43,hydraulic,0.20230428626411365,0.2945393040834137
timer_xl,timer_xl_no_shrinkage,loso,43,hydraulic,0.12641188083894658,0.23419389426676882
timer_xl,timer_xl_no_warmup,loso,43,hydraulic,0.1995792137886448,0.29121917410624343
timer_xl,timer_xl_no_memory,loso,43,hydraulic,0.20597050597469768,0.3038400483818002
timer_xl,timer_xl,loso,43,metropt,0.6258353351573203,1.2238946259446533
timer_xl,timer_xl_gaugeformer,loso,43,metropt,0.5592344395320356,1.1727867074095488
timer_xl,timer_xl_no_level_experts,loso,43,metropt,0.5661110019027806,1.2346359879442765
timer_xl,timer_xl_no_trend_experts,loso,43,metropt,0.5759022240093502,1.1753228789000514
timer_xl,timer_xl_no_origin_win_guard,loso,43,metropt,0.5592344395320356,1.1727867074095488
timer_xl,timer_xl_no_shrinkage,loso,43,metropt,0.5046602848609416,1.1739634957280958
timer_xl,timer_xl_no_warmup,loso,43,metropt,0.5586269496190922,1.172577826741456
timer_xl,timer_xl_no_memory,loso,43,metropt,0.5858755438950357,1.228771925364109
timer_xl,timer_xl,loso,43,pmsm,0.06163817991455967,0.1546502447062933
timer_xl,timer_xl_gaugeformer,loso,43,pmsm,0.05657372010048606,0.14649312496366873
timer_xl,timer_xl_no_level_experts,loso,43,pmsm,0.05652353435390591,0.14629015453502212
timer_xl,timer_xl_no_trend_experts,loso,43,pmsm,0.05697291592562861,0.1471362797268651
timer_xl,timer_xl_no_origin_win_guard,loso,43,pmsm,0.0564325717163325,0.1463123729379275
timer_xl,timer_xl_no_shrinkage,loso,43,pmsm,0.055098017060582684,0.1487019203643256
timer_xl,timer_xl_no_warmup,loso,43,pmsm,0.05656632914956899,0.1464882057197412
timer_xl,timer_xl_no_memory,loso,43,pmsm,0.05821106530686369,0.14954484351329397
timer_xl,timer_xl,loso,43,steel_industry,0.5781332212185858,0.8650100718722253
timer_xl,timer_xl_gaugeformer,loso,43,steel_industry,0.5431543382751085,0.8603074062028174
timer_xl,timer_xl_no_level_experts,loso,43,steel_industry,0.5476746696299502,0.8583707800634922
timer_xl,timer_xl_no_trend_experts,loso,43,steel_industry,0.5431543382751085,0.8603074062028174
timer_xl,timer_xl_no_origin_win_guard,loso,43,steel_industry,0.5363662628086177,0.8776924301161747
timer_xl,timer_xl_no_shrinkage,loso,43,steel_industry,0.5141750695249674,0.8840827753059577
timer_xl,timer_xl_no_warmup,loso,43,steel_industry,0.5421533368307506,0.8606556252641957
timer_xl,timer_xl_no_memory,loso,43,steel_industry,0.5469847730791866,0.8611377850454307
timer_xl,timer_xl,loso,71,building_energy,0.2739708107208859,0.43116853479629796
timer_xl,timer_xl_gaugeformer,loso,71,building_energy,0.26152105682014226,0.4231360798750253
timer_xl,timer_xl_no_level_experts,loso,71,building_energy,0.2655093886899303,0.4303934270065503
timer_xl,timer_xl_no_trend_experts,loso,71,building_energy,0.26979938355101263,0.42860014847045846
timer_xl,timer_xl_no_origin_win_guard,loso,71,building_energy,0.26084115220258175,0.4237117937707345
timer_xl,timer_xl_no_shrinkage,loso,71,building_energy,0.262021177972159,0.4361013297339715
timer_xl,timer_xl_no_warmup,loso,71,building_energy,0.26097159549544424,0.4230028742484157
timer_xl,timer_xl_no_memory,loso,71,building_energy,0.27242058280370524,0.4355621981512393
timer_xl,timer_xl,loso,71,hydraulic,0.3314995786836954,0.43568160724558586
timer_xl,timer_xl_gaugeformer,loso,71,hydraulic,0.21971059981614668,0.31460634769931833
timer_xl,timer_xl_no_level_experts,loso,71,hydraulic,0.2210872596473186,0.3160475193187386
timer_xl,timer_xl_no_trend_experts,loso,71,hydraulic,0.22067761003822267,0.3156736538583579
timer_xl,timer_xl_no_origin_win_guard,loso,71,hydraulic,0.21971059981614668,0.31460634769931833
timer_xl,timer_xl_no_shrinkage,loso,71,hydraulic,0.1297375694172848,0.24171455116585208
timer_xl,timer_xl_no_warmup,loso,71,hydraulic,0.2165387488108502,0.31065955879284396
timer_xl,timer_xl_no_memory,loso,71,hydraulic,0.22279536020435256,0.32236917315801916
timer_xl,timer_xl,loso,71,metropt,0.6078700587193359,1.2172888652999043
timer_xl,timer_xl_gaugeformer,loso,71,metropt,0.5459668393043849,1.168801130738219
timer_xl,timer_xl_no_level_experts,loso,71,metropt,0.5528547163267737,1.2316482696017743
timer_xl,timer_xl_no_trend_experts,loso,71,metropt,0.5546876592913633,1.1719661689781766
timer_xl,timer_xl_no_origin_win_guard,loso,71,metropt,0.5459668393043849,1.168801130738219
timer_xl,timer_xl_no_shrinkage,loso,71,metropt,0.495771190094946,1.1698621128033042
timer_xl,timer_xl_no_warmup,loso,71,metropt,0.5454695663981114,1.168688245272461
timer_xl,timer_xl_no_memory,loso,71,metropt,0.5751386496999126,1.2264596123915266
timer_xl,timer_xl,loso,71,pmsm,0.0617976206675638,0.15495687350229984
timer_xl,timer_xl_gaugeformer,loso,71,pmsm,0.0566129686606535,0.14635299360862675
timer_xl,timer_xl_no_level_experts,loso,71,pmsm,0.05655924525963054,0.14614324608885748
timer_xl,timer_xl_no_trend_experts,loso,71,pmsm,0.05698879207938657,0.14697433750372857
timer_xl,timer_xl_no_origin_win_guard,loso,71,pmsm,0.05642611011153747,0.146106911768581
timer_xl,timer_xl_no_shrinkage,loso,71,pmsm,0.05510757480715515,0.14849418385353103
timer_xl,timer_xl_no_warmup,loso,71,pmsm,0.05660574234154666,0.14634823623738422
timer_xl,timer_xl_no_memory,loso,71,pmsm,0.058344813033097874,0.14950423250622938
timer_xl,timer_xl,loso,71,steel_industry,0.5734466021269454,0.8704696603247518
timer_xl,timer_xl_gaugeformer,loso,71,steel_industry,0.5404140107336001,0.8621380942929335
timer_xl,timer_xl_no_level_experts,loso,71,steel_industry,0.5449086268899226,0.8601097781783844
timer_xl,timer_xl_no_trend_experts,loso,71,steel_industry,0.5404140107336001,0.8621380942929335
timer_xl,timer_xl_no_origin_win_guard,loso,71,steel_industry,0.5326498276582481,0.881334184759565
timer_xl,timer_xl_no_shrinkage,loso,71,steel_industry,0.5123320837705407,0.8799510899426648
timer_xl,timer_xl_no_warmup,loso,71,steel_industry,0.5394281470188582,0.8625806316420632
timer_xl,timer_xl_no_memory,loso,71,steel_industry,0.5442360204818051,0.8683565735124915
