system,seed,method,step,sd_nmae
building_energy,0,persistence,1,0.04490744903855144
building_energy,0,persistence,2,0.07845184603500438
building_energy,0,persistence,3,0.10800439257265644
building_energy,0,persistence,4,0.13435900258145472
building_energy,0,persistence,5,0.16302901835242867
building_energy,0,persistence,6,0.18272670370156222
building_energy,0,persistence,7,0.20342922561932084
building_energy,0,persistence,8,0.22043185792746572
building_energy,0,persistence,9,0.24703738652243606
building_energy,0,persistence,10,0.2677679691856462
building_energy,0,persistence,11,0.2863753978235806
building_energy,0,persistence,12,0.296035767751257
building_energy,0,persistence,13,0.3082453100263332
building_energy,0,persistence,14,0.3216881880722889
building_energy,0,persistence,15,0.33575986223058035
building_energy,0,persistence,16,0.3473537969294839
building_energy,0,persistence,17,0.3619153456258344
building_energy,0,persistence,18,0.3735704790353338
building_energy,0,persistence,19,0.38336258650776933
building_energy,0,persistence,20,0.3991938198524515
building_energy,0,persistence,21,0.4132728020903006
building_energy,0,persistence,22,0.4297905640649825
building_energy,0,persistence,23,0.446736064528977
building_energy,0,persistence,24,0.4620736433325752
building_energy,0,damped_trend_12_0.8,1,0.044125969837961763
building_energy,0,damped_trend_12_0.8,2,0.07592946909687179
building_energy,0,damped_trend_12_0.8,3,0.10382576974453238
building_energy,0,damped_trend_12_0.8,4,0.12819420201553078
building_energy,0,damped_trend_12_0.8,5,0.1554662130749507
building_energy,0,damped_trend_12_0.8,6,0.1742799274466304
building_energy,0,damped_trend_12_0.8,7,0.19386350536730804
building_energy,0,damped_trend_12_0.8,8,0.21037160763080365
building_energy,0,damped_trend_12_0.8,9,0.23628413892156666
building_energy,0,damped_trend_12_0.8,10,0.25675781873892684
building_energy,0,damped_trend_12_0.8,11,0.2745814710671028
building_energy,0,damped_trend_12_0.8,12,0.2843979419874993
building_energy,0,damped_trend_12_0.8,13,0.29508725960258
building_energy,0,damped_trend_12_0.8,14,0.308447817197357
building_energy,0,damped_trend_12_0.8,15,0.32241037770064646
building_energy,0,damped_trend_12_0.8,16,0.3337294776173384
building_energy,0,damped_trend_12_0.8,17,0.34754735940126735
building_energy,0,damped_trend_12_0.8,18,0.35999961209447545
building_energy,0,damped_trend_12_0.8,19,0.36898045183262806
building_energy,0,damped_trend_12_0.8,20,0.38415027114980627
building_energy,0,damped_trend_12_0.8,21,0.3980621953873602
building_energy,0,damped_trend_12_0.8,22,0.41508303846658884
building_energy,0,damped_trend_12_0.8,23,0.4331707566040075
building_energy,0,damped_trend_12_0.8,24,0.4498973292429902
building_energy,0,damped_trend_24_0.9,1,0.04474951826362124
building_energy,0,damped_trend_24_0.9,2,0.07743089655480603
building_energy,0,damped_trend_24_0.9,3,0.10589527916618062
building_energy,0,damped_trend_24_0.9,4,0.13111695488207137
building_energy,0,damped_trend_24_0.9,5,0.15885631120027838
building_energy,0,damped_trend_24_0.9,6,0.1778185072147552
building_energy,0,damped_trend_24_0.9,7,0.19737859428262883
building_energy,0,damped_trend_24_0.9,8,0.21373756420201173
building_energy,0,damped_trend_24_0.9,9,0.23939647875789657
building_energy,0,damped_trend_24_0.9,10,0.2600381907510133
building_energy,0,damped_trend_24_0.9,11,0.277234349743143
building_energy,0,damped_trend_24_0.9,12,0.2870553286419378
building_energy,0,damped_trend_24_0.9,13,0.29904775544882445
building_energy,0,damped_trend_24_0.9,14,0.31154657549449233
building_energy,0,damped_trend_24_0.9,15,0.326052039326077
building_energy,0,damped_trend_24_0.9,16,0.3372434543799669
building_energy,0,damped_trend_24_0.9,17,0.35168407673887125
building_energy,0,damped_trend_24_0.9,18,0.3634977100076394
building_energy,0,damped_trend_24_0.9,19,0.37267504682870334
building_energy,0,damped_trend_24_0.9,20,0.3884251471865327
building_energy,0,damped_trend_24_0.9,21,0.4028568604437389
building_energy,0,damped_trend_24_0.9,22,0.42017707088937456
building_energy,0,damped_trend_24_0.9,23,0.43824292644289753
building_energy,0,damped_trend_24_0.9,24,0.4547837604549979
building_energy,0,recent_median_6,1,0.1068313013087109
building_energy,0,recent_median_6,2,0.13483225237566795
building_energy,0,recent_median_6,3,0.16313189766998631
building_energy,0,recent_median_6,4,0.18789823171590106
building_energy,0,recent_median_6,5,0.21322487319188002
building_energy,0,recent_median_6,6,0.2304374153126228
building_energy,0,recent_median_6,7,0.25058571639857863
building_energy,0,recent_median_6,8,0.26823374461936883
building_energy,0,recent_median_6,9,0.2936648857877579
building_energy,0,recent_median_6,10,0.3127952376766904
building_energy,0,recent_median_6,11,0.32764140573525186
building_energy,0,recent_median_6,12,0.3370614761394667
building_energy,0,recent_median_6,13,0.34795960385904035
building_energy,0,recent_median_6,14,0.36193307941378616
building_energy,0,recent_median_6,15,0.37483669136241704
building_energy,0,recent_median_6,16,0.3864289738957221
building_energy,0,recent_median_6,17,0.39904463892875
building_energy,0,recent_median_6,18,0.41153928776985277
building_energy,0,recent_median_6,19,0.42003157152478515
building_energy,0,recent_median_6,20,0.43449939724448206
building_energy,0,recent_median_6,21,0.4466274697322565
building_energy,0,recent_median_6,22,0.462226354367161
building_energy,0,recent_median_6,23,0.4775264037622748
building_energy,0,recent_median_6,24,0.492159923274221
building_energy,0,recent_median_12,1,0.16946643324957478
building_energy,0,recent_median_12,2,0.19279755954387487
building_energy,0,recent_median_12,3,0.21763451205468595
building_energy,0,recent_median_12,4,0.24027703007910642
building_energy,0,recent_median_12,5,0.264161286028039
building_energy,0,recent_median_12,6,0.2805167012704889
building_energy,0,recent_median_12,7,0.2989240170674986
building_energy,0,recent_median_12,8,0.31528799741187846
building_energy,0,recent_median_12,9,0.33924393351836446
building_energy,0,recent_median_12,10,0.3573239270133215
building_energy,0,recent_median_12,11,0.36856382552709527
building_energy,0,recent_median_12,12,0.3767865454497079
building_energy,0,recent_median_12,13,0.38727271175393035
building_energy,0,recent_median_12,14,0.40194305546500175
building_energy,0,recent_median_12,15,0.4130932404444487
building_energy,0,recent_median_12,16,0.42501562916690594
building_energy,0,recent_median_12,17,0.4359042300992717
building_energy,0,recent_median_12,18,0.4479781404354479
building_energy,0,recent_median_12,19,0.4559031573554125
building_energy,0,recent_median_12,20,0.46907723744820634
building_energy,0,recent_median_12,21,0.48095103616909907
building_energy,0,recent_median_12,22,0.4957899003333393
building_energy,0,recent_median_12,23,0.5101624172370784
building_energy,0,recent_median_12,24,0.5239098302083007
building_energy,0,recent_median_24,1,0.25298314553370665
building_energy,0,recent_median_24,2,0.27193161316270203
building_energy,0,recent_median_24,3,0.2951408944012716
building_energy,0,recent_median_24,4,0.31542063430392886
building_energy,0,recent_median_24,5,0.33776787697831867
building_energy,0,recent_median_24,6,0.3522541361438597
building_energy,0,recent_median_24,7,0.36847645799647377
building_energy,0,recent_median_24,8,0.3829160143302613
building_energy,0,recent_median_24,9,0.4056814676499194
building_energy,0,recent_median_24,10,0.4222370650434116
building_energy,0,recent_median_24,11,0.43155485870970217
building_energy,0,recent_median_24,12,0.4390990365559109
building_energy,0,recent_median_24,13,0.4478329219797957
building_energy,0,recent_median_24,14,0.4615733924298674
building_energy,0,recent_median_24,15,0.47209187249880463
building_energy,0,recent_median_24,16,0.48361770080695365
building_energy,0,recent_median_24,17,0.49342476019100523
building_energy,0,recent_median_24,18,0.5049412417360528
building_energy,0,recent_median_24,19,0.5120992588545087
building_energy,0,recent_median_24,20,0.52407480653536
building_energy,0,recent_median_24,21,0.5330981537957903
building_energy,0,recent_median_24,22,0.5467561870247103
building_energy,0,recent_median_24,23,0.5604751341327583
building_energy,0,recent_median_24,24,0.572322075136005
building_energy,0,holt_0.3_0.1_0.8,1,0.08395972870849983
building_energy,0,holt_0.3_0.1_0.8,2,0.10968887957926514
building_energy,0,holt_0.3_0.1_0.8,3,0.13542523492867914
building_energy,0,holt_0.3_0.1_0.8,4,0.1597062543565411
building_energy,0,holt_0.3_0.1_0.8,5,0.18481977101885755
building_energy,0,holt_0.3_0.1_0.8,6,0.20248334128340015
building_energy,0,holt_0.3_0.1_0.8,7,0.2219135465322914
building_energy,0,holt_0.3_0.1_0.8,8,0.2386943611705418
building_energy,0,holt_0.3_0.1_0.8,9,0.26413374714878746
building_energy,0,holt_0.3_0.1_0.8,10,0.28435437606414704
building_energy,0,holt_0.3_0.1_0.8,11,0.30046897290789426
building_energy,0,holt_0.3_0.1_0.8,12,0.3104543288626218
building_energy,0,holt_0.3_0.1_0.8,13,0.32253456677752523
building_energy,0,holt_0.3_0.1_0.8,14,0.3353857816956972
building_energy,0,holt_0.3_0.1_0.8,15,0.3489698631393124
building_energy,0,holt_0.3_0.1_0.8,16,0.36043909482413944
building_energy,0,holt_0.3_0.1_0.8,17,0.3745021366120901
building_energy,0,holt_0.3_0.1_0.8,18,0.38666249872854025
building_energy,0,holt_0.3_0.1_0.8,19,0.39573324491381057
building_energy,0,holt_0.3_0.1_0.8,20,0.4115362889397073
building_energy,0,holt_0.3_0.1_0.8,21,0.42431906780861284
building_energy,0,holt_0.3_0.1_0.8,22,0.4405851034299382
building_energy,0,holt_0.3_0.1_0.8,23,0.45625988440149234
building_energy,0,holt_0.3_0.1_0.8,24,0.47181147054790523
building_energy,0,holt_0.3_0.1_0.95,1,0.0811954490731007
building_energy,0,holt_0.3_0.1_0.95,2,0.10581225692525649
building_energy,0,holt_0.3_0.1_0.95,3,0.13050947845605632
building_energy,0,holt_0.3_0.1_0.95,4,0.1539778787726009
building_energy,0,holt_0.3_0.1_0.95,5,0.1777688787261855
building_energy,0,holt_0.3_0.1_0.95,6,0.1952088858303467
building_energy,0,holt_0.3_0.1_0.95,7,0.21357918947339022
building_energy,0,holt_0.3_0.1_0.95,8,0.2300995004232525
building_energy,0,holt_0.3_0.1_0.95,9,0.2546596675338105
building_energy,0,holt_0.3_0.1_0.95,10,0.2747938052080478
building_energy,0,holt_0.3_0.1_0.95,11,0.2910389289416986
building_energy,0,holt_0.3_0.1_0.95,12,0.30157691530245073
building_energy,0,holt_0.3_0.1_0.95,13,0.3127204247065819
building_energy,0,holt_0.3_0.1_0.95,14,0.32415961594823994
building_energy,0,holt_0.3_0.1_0.95,15,0.33910152402202737
building_energy,0,holt_0.3_0.1_0.95,16,0.3510302776905745
building_energy,0,holt_0.3_0.1_0.95,17,0.3657512821154334
building_energy,0,holt_0.3_0.1_0.95,18,0.3777358777274111
building_energy,0,holt_0.3_0.1_0.95,19,0.3866766196178823
building_energy,0,holt_0.3_0.1_0.95,20,0.40401258698664794
building_energy,0,holt_0.3_0.1_0.95,21,0.4178078779433335
building_energy,0,holt_0.3_0.1_0.95,22,0.4363356235950971
building_energy,0,holt_0.3_0.1_0.95,23,0.4532879830027981
building_energy,0,holt_0.3_0.1_0.95,24,0.47104253851562244
building_energy,0,history_local,1,0.046319511855277044
building_energy,0,history_local,2,0.07541309503827667
building_energy,0,history_local,3,0.10282629685387175
building_energy,0,history_local,4,0.1269099484421
building_energy,0,history_local,5,0.15143970982413937
building_energy,0,history_local,6,0.16861483139394673
building_energy,0,history_local,7,0.18859335670175403
building_energy,0,history_local,8,0.20592765970572552
building_energy,0,history_local,9,0.23118459236122066
building_energy,0,history_local,10,0.24983412194988716
building_energy,0,history_local,11,0.2655614755595246
building_energy,0,history_local,12,0.27498676419930196
building_energy,0,history_local,13,0.2861799513580261
building_energy,0,history_local,14,0.2998624695632007
building_energy,0,history_local,15,0.311654669372191
building_energy,0,history_local,16,0.323577847480649
building_energy,0,history_local,17,0.33606396181557696
building_energy,0,history_local,18,0.3497203367954123
building_energy,0,history_local,19,0.35873974710236817
building_energy,0,history_local,20,0.37388413877915694
building_energy,0,history_local,21,0.38687569012330963
building_energy,0,history_local,22,0.4037145373332272
building_energy,0,history_local,23,0.4205903445636204
building_energy,0,history_local,24,0.4362157645928508
building_energy,0,mean_bank,1,0.09187200052212975
building_energy,0,mean_bank,2,0.11728456367857558
building_energy,0,mean_bank,3,0.14185391204255685
building_energy,0,mean_bank,4,0.16484968003402245
building_energy,0,mean_bank,5,0.18968494861684992
building_energy,0,mean_bank,6,0.20608126187424017
building_energy,0,mean_bank,7,0.2243752920288522
building_energy,0,mean_bank,8,0.24011844980374522
building_energy,0,mean_bank,9,0.26551024551311203
building_energy,0,mean_bank,10,0.28474965057054064
building_energy,0,mean_bank,11,0.30029515715442795
building_energy,0,mean_bank,12,0.3095258660714187
building_energy,0,mean_bank,13,0.32105243393316996
building_energy,0,mean_bank,14,0.334442162204299
building_energy,0,mean_bank,15,0.3471354611051572
building_energy,0,mean_bank,16,0.3582913006900461
building_energy,0,mean_bank,17,0.3714942375002135
building_energy,0,mean_bank,18,0.38334267570032365
building_energy,0,mean_bank,19,0.39241325374134756
building_energy,0,mean_bank,20,0.40730983655923464
building_energy,0,mean_bank,21,0.4203841123518444
building_energy,0,mean_bank,22,0.4364318981828056
building_energy,0,mean_bank,23,0.45275654293499307
building_energy,0,mean_bank,24,0.4681879642427378
building_energy,17,moirai,1,0.0447251856376352
building_energy,17,moirai,2,0.06695253582059389
building_energy,17,moirai,3,0.09110218282240849
building_energy,17,moirai,4,0.11317188131912459
building_energy,17,moirai,5,0.1381028890276074
building_energy,17,moirai,6,0.1521395319283508
building_energy,17,moirai,7,0.1699487258794143
building_energy,17,moirai,8,0.18669039605042556
building_energy,17,moirai,9,0.21291848247832704
building_energy,17,moirai,10,0.23307905707145404
building_energy,17,moirai,11,0.2459738394410305
building_energy,17,moirai,12,0.25285013853479554
building_energy,17,moirai,13,0.2638798242123301
building_energy,17,moirai,14,0.27841086144884725
building_energy,17,moirai,15,0.29267601447345415
building_energy,17,moirai,16,0.3027816524594106
building_energy,17,moirai,17,0.33379511351482083
building_energy,17,moirai,18,0.34943683826695116
building_energy,17,moirai,19,0.3551828350097467
building_energy,17,moirai,20,0.3698647599470353
building_energy,17,moirai,21,0.382854093079442
building_energy,17,moirai,22,0.4020941341255185
building_energy,17,moirai,23,0.41425117347821294
building_energy,17,moirai,24,0.42712078446470036
building_energy,17,gaugeformer_v13,1,0.04108468310919028
building_energy,17,gaugeformer_v13,2,0.06593382832692729
building_energy,17,gaugeformer_v13,3,0.09061619485658563
building_energy,17,gaugeformer_v13,4,0.11271034250801558
building_energy,17,gaugeformer_v13,5,0.13691110620751204
building_energy,17,gaugeformer_v13,6,0.15161670891634
building_energy,17,gaugeformer_v13,7,0.17017625388375568
building_energy,17,gaugeformer_v13,8,0.18659288467997753
building_energy,17,gaugeformer_v13,9,0.21191263377673022
building_energy,17,gaugeformer_v13,10,0.2318395494007806
building_energy,17,gaugeformer_v13,11,0.24453352972716552
building_energy,17,gaugeformer_v13,12,0.25231396310859133
building_energy,17,gaugeformer_v13,13,0.2633901161861374
building_energy,17,gaugeformer_v13,14,0.27770583409049127
building_energy,17,gaugeformer_v13,15,0.2907569588058615
building_energy,17,gaugeformer_v13,16,0.3015908719668397
building_energy,17,gaugeformer_v13,17,0.32131123116547355
building_energy,17,gaugeformer_v13,18,0.3361345285655779
building_energy,17,gaugeformer_v13,19,0.3429012818836299
building_energy,17,gaugeformer_v13,20,0.35770071859016267
building_energy,17,gaugeformer_v13,21,0.370349396352799
building_energy,17,gaugeformer_v13,22,0.38859795161834726
building_energy,17,gaugeformer_v13,23,0.4035924327592697
building_energy,17,gaugeformer_v13,24,0.4177716437993682
building_energy,17,blend_persistence,1,0.03986594536513631
building_energy,17,blend_persistence,2,0.06825157711295157
building_energy,17,blend_persistence,3,0.09502606240318481
building_energy,17,blend_persistence,4,0.1197708360227415
building_energy,17,blend_persistence,5,0.14548576460170887
building_energy,17,blend_persistence,6,0.16186016257923885
building_energy,17,blend_persistence,7,0.18028907624713622
building_energy,17,blend_persistence,8,0.19706739660254274
building_energy,17,blend_persistence,9,0.22359084396094087
building_energy,17,blend_persistence,10,0.24330846335896406
building_energy,17,blend_persistence,11,0.2588657561408303
building_energy,17,blend_persistence,12,0.26664389016373724
building_energy,17,blend_persistence,13,0.27793766809688075
building_energy,17,blend_persistence,14,0.2921638721925733
building_energy,17,blend_persistence,15,0.3064296744908917
building_energy,17,blend_persistence,16,0.3172476065519304
building_energy,17,blend_persistence,17,0.335360693267257
building_energy,17,blend_persistence,18,0.34772748126870234
building_energy,17,blend_persistence,19,0.35535746693667514
building_energy,17,blend_persistence,20,0.37019133837785334
building_energy,17,blend_persistence,21,0.3835647759158271
building_energy,17,blend_persistence,22,0.4009558313098171
building_energy,17,blend_persistence,23,0.41707032229683305
building_energy,17,blend_persistence,24,0.43068608091696875
building_energy,17,blend_history,1,0.04080675116289962
building_energy,17,blend_history,2,0.06714397683266944
building_energy,17,blend_history,3,0.0927884563132183
building_energy,17,blend_history,4,0.11540946244039563
building_energy,17,blend_history,5,0.13972324298619349
building_energy,17,blend_history,6,0.15480929504640492
building_energy,17,blend_history,7,0.17336780219437894
building_energy,17,blend_history,8,0.1896486327540179
building_energy,17,blend_history,9,0.21518024303704292
building_energy,17,blend_history,10,0.23451341471474282
building_energy,17,blend_history,11,0.24768088812592465
building_energy,17,blend_history,12,0.25537384717918815
building_energy,17,blend_history,13,0.2666518044911904
building_energy,17,blend_history,14,0.2809371986460605
building_energy,17,blend_history,15,0.29380743540937215
building_energy,17,blend_history,16,0.30494106028764495
building_energy,17,blend_history,17,0.3204665088054176
building_energy,17,blend_history,18,0.33450310796407007
building_energy,17,blend_history,19,0.3413251870936095
building_energy,17,blend_history,20,0.3553778614866548
building_energy,17,blend_history,21,0.36766466269891923
building_energy,17,blend_history,22,0.38473481230188555
building_energy,17,blend_history,23,0.4010068399540949
building_energy,17,blend_history,24,0.4150276986431493
building_energy,29,moirai,1,0.045399777388507936
building_energy,29,moirai,2,0.06686681608484274
building_energy,29,moirai,3,0.09153940164493263
building_energy,29,moirai,4,0.11277987532160547
building_energy,29,moirai,5,0.137288256814365
building_energy,29,moirai,6,0.15129382927272
building_energy,29,moirai,7,0.16985485527065422
building_energy,29,moirai,8,0.1868481354328847
building_energy,29,moirai,9,0.2120795229608996
building_energy,29,moirai,10,0.23203938679112587
building_energy,29,moirai,11,0.24490431049495512
building_energy,29,moirai,12,0.2531473362568037
building_energy,29,moirai,13,0.26305712646015156
building_energy,29,moirai,14,0.2779540297079013
building_energy,29,moirai,15,0.2905400360700463
building_energy,29,moirai,16,0.30245213952156036
building_energy,29,moirai,17,0.33122209046804885
building_energy,29,moirai,18,0.3477087412552348
building_energy,29,moirai,19,0.35504446114574284
building_energy,29,moirai,20,0.3701149021125133
building_energy,29,moirai,21,0.3830809769756558
building_energy,29,moirai,22,0.3997425244921653
building_energy,29,moirai,23,0.41225357610416635
building_energy,29,moirai,24,0.42490221075463364
building_energy,29,gaugeformer_v13,1,0.0415658861835226
building_energy,29,gaugeformer_v13,2,0.06602028798973635
building_energy,29,gaugeformer_v13,3,0.09124345666498551
building_energy,29,gaugeformer_v13,4,0.11267230019187584
building_energy,29,gaugeformer_v13,5,0.1370348850617174
building_energy,29,gaugeformer_v13,6,0.15122234625290573
building_energy,29,gaugeformer_v13,7,0.1702466375052299
building_energy,29,gaugeformer_v13,8,0.18706646513149783
building_energy,29,gaugeformer_v13,9,0.21171246956171577
building_energy,29,gaugeformer_v13,10,0.23143235293068307
building_energy,29,gaugeformer_v13,11,0.2443295695020622
building_energy,29,gaugeformer_v13,12,0.2530961908115282
building_energy,29,gaugeformer_v13,13,0.2638827934846029
building_energy,29,gaugeformer_v13,14,0.27786359874363736
building_energy,29,gaugeformer_v13,15,0.28921164381060355
building_energy,29,gaugeformer_v13,16,0.30177845937483766
building_energy,29,gaugeformer_v13,17,0.32058251131391813
building_energy,29,gaugeformer_v13,18,0.3350354213950869
building_energy,29,gaugeformer_v13,19,0.34387916342622143
building_energy,29,gaugeformer_v13,20,0.3576131977730123
building_energy,29,gaugeformer_v13,21,0.37065479948799174
building_energy,29,gaugeformer_v13,22,0.3876635149043105
building_energy,29,gaugeformer_v13,23,0.4020331111849525
building_energy,29,gaugeformer_v13,24,0.41605879940570983
building_energy,29,blend_persistence,1,0.0401924289472771
building_energy,29,blend_persistence,2,0.06826512467275239
building_energy,29,blend_persistence,3,0.0954872983155368
building_energy,29,blend_persistence,4,0.11936935468376365
building_energy,29,blend_persistence,5,0.14496216487318941
building_energy,29,blend_persistence,6,0.1616640572458883
building_energy,29,blend_persistence,7,0.1801771159093514
building_energy,29,blend_persistence,8,0.19684637059483204
building_energy,29,blend_persistence,9,0.22287699638553954
building_energy,29,blend_persistence,10,0.24247911368794225
building_energy,29,blend_persistence,11,0.2580683114543932
building_energy,29,blend_persistence,12,0.2663317729209965
building_energy,29,blend_persistence,13,0.2775710900111566
building_energy,29,blend_persistence,14,0.29170185001120597
building_energy,29,blend_persistence,15,0.30512744619234033
building_energy,29,blend_persistence,16,0.31697374203788004
building_energy,29,blend_persistence,17,0.3340373065575725
building_energy,29,blend_persistence,18,0.3471543651128033
building_energy,29,blend_persistence,19,0.35581647263524446
building_energy,29,blend_persistence,20,0.3694938050935589
building_energy,29,blend_persistence,21,0.3832437906327885
building_energy,29,blend_persistence,22,0.4004726567152755
building_energy,29,blend_persistence,23,0.41585015541326537
building_energy,29,blend_persistence,24,0.42954180800586583
building_energy,29,blend_history,1,0.0407875791389952
building_energy,29,blend_history,2,0.06702579114860795
building_energy,29,blend_history,3,0.09294269730671302
building_energy,29,blend_history,4,0.11522099305343031
building_energy,29,blend_history,5,0.1394950830078347
building_energy,29,blend_history,6,0.15434803313254575
building_energy,29,blend_history,7,0.17312348030021224
building_energy,29,blend_history,8,0.18982633978448832
building_energy,29,blend_history,9,0.21456906274695683
building_energy,29,blend_history,10,0.2337548061994573
building_energy,29,blend_history,11,0.24716430804654288
building_energy,29,blend_history,12,0.255361401959136
building_energy,29,blend_history,13,0.26624520740136015
building_energy,29,blend_history,14,0.28044435267202916
building_energy,29,blend_history,15,0.2923529114631084
building_energy,29,blend_history,16,0.30477276219864113
building_energy,29,blend_history,17,0.31924204313093696
building_energy,29,blend_history,18,0.3337186062484428
building_energy,29,blend_history,19,0.34211068991501564
building_energy,29,blend_history,20,0.35453352612006656
building_energy,29,blend_history,21,0.36721632206519045
building_energy,29,blend_history,22,0.38401496855620226
building_energy,29,blend_history,23,0.39980545579940896
building_energy,29,blend_history,24,0.4139873663295791
building_energy,43,moirai,1,0.04506626435044896
building_energy,43,moirai,2,0.06676718893404891
building_energy,43,moirai,3,0.0907069779400931
building_energy,43,moirai,4,0.11262606790973513
building_energy,43,moirai,5,0.1366112319574926
building_energy,43,moirai,6,0.15130023260926206
building_energy,43,moirai,7,0.17005854274575008
building_energy,43,moirai,8,0.18681780787371177
building_energy,43,moirai,9,0.21138249321844488
building_energy,43,moirai,10,0.23262512966006454
building_energy,43,moirai,11,0.2452484431796832
building_energy,43,moirai,12,0.25250091655528845
building_energy,43,moirai,13,0.2639542174940278
building_energy,43,moirai,14,0.27732574458099174
building_energy,43,moirai,15,0.2905331783219375
building_energy,43,moirai,16,0.30258029455253455
building_energy,43,moirai,17,0.3342415842089715
building_energy,43,moirai,18,0.3464909010930281
building_energy,43,moirai,19,0.3558406402018256
building_energy,43,moirai,20,0.36793822876006327
building_energy,43,moirai,21,0.38198873939718825
building_energy,43,moirai,22,0.398501911521627
building_energy,43,moirai,23,0.4129874405914323
building_energy,43,moirai,24,0.42455134929192306
building_energy,43,gaugeformer_v13,1,0.041382708945610094
building_energy,43,gaugeformer_v13,2,0.06596215748122007
building_energy,43,gaugeformer_v13,3,0.09088843628546756
building_energy,43,gaugeformer_v13,4,0.11294918012394753
building_energy,43,gaugeformer_v13,5,0.13658608159165292
building_energy,43,gaugeformer_v13,6,0.15144203890880448
building_energy,43,gaugeformer_v13,7,0.17057516004686135
building_energy,43,gaugeformer_v13,8,0.18705655289416745
building_energy,43,gaugeformer_v13,9,0.21179423283592025
building_energy,43,gaugeformer_v13,10,0.23208910341392497
building_energy,43,gaugeformer_v13,11,0.24483203911247495
building_energy,43,gaugeformer_v13,12,0.25262920137834705
building_energy,43,gaugeformer_v13,13,0.26387411263184696
building_energy,43,gaugeformer_v13,14,0.2777197799239861
building_energy,43,gaugeformer_v13,15,0.29007952306259976
building_energy,43,gaugeformer_v13,16,0.3026390538782276
building_energy,43,gaugeformer_v13,17,0.32257812503244526
building_energy,43,gaugeformer_v13,18,0.33501103297268414
building_energy,43,gaugeformer_v13,19,0.34382420836242183
building_energy,43,gaugeformer_v13,20,0.3570556313445669
building_energy,43,gaugeformer_v13,21,0.3708156972213245
building_energy,43,gaugeformer_v13,22,0.3873608751963398
building_energy,43,gaugeformer_v13,23,0.40359112503768896
building_energy,43,gaugeformer_v13,24,0.4153199491104901
building_energy,43,blend_persistence,1,0.03996537978349269
building_energy,43,blend_persistence,2,0.0681369011841087
building_energy,43,blend_persistence,3,0.09515990093182078
building_energy,43,blend_persistence,4,0.11947747443344686
building_energy,43,blend_persistence,5,0.14494469190438117
building_energy,43,blend_persistence,6,0.16161307586663495
building_energy,43,blend_persistence,7,0.18024772808680187
building_energy,43,blend_persistence,8,0.19697388846910666
building_energy,43,blend_persistence,9,0.222707724198213
building_energy,43,blend_persistence,10,0.24318631450892295
building_energy,43,blend_persistence,11,0.2582878661054329
building_energy,43,blend_persistence,12,0.26657823315428264
building_energy,43,blend_persistence,13,0.27842937006453894
building_energy,43,blend_persistence,14,0.2918563204013684
building_energy,43,blend_persistence,15,0.30486664016937237
building_energy,43,blend_persistence,16,0.3172378639486945
building_energy,43,blend_persistence,17,0.3361880698127276
building_energy,43,blend_persistence,18,0.34594894902352546
building_energy,43,blend_persistence,19,0.35570198094744715
building_energy,43,blend_persistence,20,0.3690159631754366
building_energy,43,blend_persistence,21,0.3838279224141046
building_energy,43,blend_persistence,22,0.3999897122541189
building_energy,43,blend_persistence,23,0.41666929132324865
building_energy,43,blend_persistence,24,0.4291257931764662
building_energy,43,blend_history,1,0.040815157349190924
building_energy,43,blend_history,2,0.06696719878795669
building_energy,43,blend_history,3,0.09281679991178492
building_energy,43,blend_history,4,0.11528907334122217
building_energy,43,blend_history,5,0.13907929593834734
building_energy,43,blend_history,6,0.15434108438205804
building_energy,43,blend_history,7,0.17328983254702002
building_energy,43,blend_history,8,0.18977318130091836
building_energy,43,blend_history,9,0.2145062506151429
building_energy,43,blend_history,10,0.23454423600090965
building_energy,43,blend_history,11,0.24732829314615237
building_energy,43,blend_history,12,0.255086639174172
building_energy,43,blend_history,13,0.26662449147893597
building_energy,43,blend_history,14,0.280436783411118
building_energy,43,blend_history,15,0.29218899760483447
building_energy,43,blend_history,16,0.3049032160723778
building_energy,43,blend_history,17,0.32119322472037926
building_energy,43,blend_history,18,0.33283688353367674
building_energy,43,blend_history,19,0.3415547139315476
building_energy,43,blend_history,20,0.35427962911798394
building_energy,43,blend_history,21,0.3674053339223331
building_energy,43,blend_history,22,0.38367954845063096
building_energy,43,blend_history,23,0.400846458790661
building_energy,43,blend_history,24,0.4133553322661688
building_energy,71,moirai,1,0.045104756607649656
building_energy,71,moirai,2,0.06648722733324243
building_energy,71,moirai,3,0.09167870190566409
building_energy,71,moirai,4,0.11260491808007203
building_energy,71,moirai,5,0.13693774131989808
building_energy,71,moirai,6,0.15192213998879026
building_energy,71,moirai,7,0.17069987568464925
building_energy,71,moirai,8,0.18678016309389678
building_energy,71,moirai,9,0.21165264939340464
building_energy,71,moirai,10,0.23215206293683058
building_energy,71,moirai,11,0.2436603765245891
building_energy,71,moirai,12,0.2517748601493552
building_energy,71,moirai,13,0.2628296732416724
building_energy,71,moirai,14,0.27830740064164233
building_energy,71,moirai,15,0.291104866530268
building_energy,71,moirai,16,0.3035129391041425
building_energy,71,moirai,17,0.3317444787780011
building_energy,71,moirai,18,0.34525686639801795
building_energy,71,moirai,19,0.35486172749943906
building_energy,71,moirai,20,0.36813334698365446
building_energy,71,moirai,21,0.3815035194119163
building_energy,71,moirai,22,0.39854490422509375
building_energy,71,moirai,23,0.41126558936947777
building_energy,71,moirai,24,0.4249781437423304
building_energy,71,gaugeformer_v13,1,0.04140526787829876
building_energy,71,gaugeformer_v13,2,0.0657615981153209
building_energy,71,gaugeformer_v13,3,0.09126138110858568
building_energy,71,gaugeformer_v13,4,0.11231274818208545
building_energy,71,gaugeformer_v13,5,0.13630190560274305
building_energy,71,gaugeformer_v13,6,0.15171615451410575
building_energy,71,gaugeformer_v13,7,0.1703767422294714
building_energy,71,gaugeformer_v13,8,0.18680873484318966
building_energy,71,gaugeformer_v13,9,0.21098986031349187
building_energy,71,gaugeformer_v13,10,0.23121957401560989
building_energy,71,gaugeformer_v13,11,0.24352099192264712
building_energy,71,gaugeformer_v13,12,0.25119735796604337
building_energy,71,gaugeformer_v13,13,0.26290693912481894
building_energy,71,gaugeformer_v13,14,0.27755186674316906
building_energy,71,gaugeformer_v13,15,0.28965594181406557
building_energy,71,gaugeformer_v13,16,0.3018615896455636
building_energy,71,gaugeformer_v13,17,0.32128196926784985
building_energy,71,gaugeformer_v13,18,0.3341045174784601
building_energy,71,gaugeformer_v13,19,0.34346912191322254
building_energy,71,gaugeformer_v13,20,0.3566592613912118
building_energy,71,gaugeformer_v13,21,0.369562865142989
building_energy,71,gaugeformer_v13,22,0.386920536704624
building_energy,71,gaugeformer_v13,23,0.401962642712982
building_energy,71,gaugeformer_v13,24,0.41517435568206507
building_energy,71,blend_persistence,1,0.04000310956023877
building_energy,71,blend_persistence,2,0.06806582074426412
building_energy,71,blend_persistence,3,0.09534455466640852
building_energy,71,blend_persistence,4,0.11939368057015491
building_energy,71,blend_persistence,5,0.14463680078417257
building_energy,71,blend_persistence,6,0.1617959254828222
building_energy,71,blend_persistence,7,0.18048607374324147
building_energy,71,blend_persistence,8,0.19679860882335642
building_energy,71,blend_persistence,9,0.2225366096422985
building_energy,71,blend_persistence,10,0.24241142945787772
building_energy,71,blend_persistence,11,0.2573515157065657
building_energy,71,blend_persistence,12,0.2659308600059968
building_energy,71,blend_persistence,13,0.2771173694389801
building_energy,71,blend_persistence,14,0.2916880124432114
building_energy,71,blend_persistence,15,0.3059456403853545
building_energy,71,blend_persistence,16,0.31731774657542156
building_energy,71,blend_persistence,17,0.3347294984338731
building_energy,71,blend_persistence,18,0.34637748202266133
building_energy,71,blend_persistence,19,0.35529768637070386
building_energy,71,blend_persistence,20,0.3698274223319898
building_energy,71,blend_persistence,21,0.3829213830741481
building_energy,71,blend_persistence,22,0.39969285692232703
building_energy,71,blend_persistence,23,0.4155968582712468
building_energy,71,blend_persistence,24,0.4290324450299379
building_energy,71,blend_history,1,0.040873047987445815
building_energy,71,blend_history,2,0.0669505638145922
building_energy,71,blend_history,3,0.09302991434144128
building_energy,71,blend_history,4,0.11509277326280418
building_energy,71,blend_history,5,0.13931748397916546
building_energy,71,blend_history,6,0.15485190216064607
building_energy,71,blend_history,7,0.17344271577160633
building_energy,71,blend_history,8,0.18955149376266586
building_energy,71,blend_history,9,0.21441261476568788
building_energy,71,blend_history,10,0.2337681988153069
building_energy,71,blend_history,11,0.24662513229653818
building_energy,71,blend_history,12,0.2546014440360172
building_energy,71,blend_history,13,0.2660640073929992
building_energy,71,blend_history,14,0.2803712247674159
building_energy,71,blend_history,15,0.2931203267916428
building_energy,71,blend_history,16,0.30525999213311816
building_energy,71,blend_history,17,0.3200295600819257
building_energy,71,blend_history,18,0.333448430347142
building_energy,71,blend_history,19,0.34114536419949876
building_energy,71,blend_history,20,0.3550729512504511
building_energy,71,blend_history,21,0.36687951029802546
building_energy,71,blend_history,22,0.3837265336486445
building_energy,71,blend_history,23,0.3995868665189167
building_energy,71,blend_history,24,0.41343986185961284
building_energy,101,moirai,1,0.04517476316223428
building_energy,101,moirai,2,0.06631296498627116
building_energy,101,moirai,3,0.09114071443046347
building_energy,101,moirai,4,0.1128369207016971
building_energy,101,moirai,5,0.1370735096590756
building_energy,101,moirai,6,0.15073398357148873
building_energy,101,moirai,7,0.16943877495045975
building_energy,101,moirai,8,0.1870381088241256
building_energy,101,moirai,9,0.21087437395397995
building_energy,101,moirai,10,0.2331415850720624
building_energy,101,moirai,11,0.24577510591831284
building_energy,101,moirai,12,0.2522983527343593
building_energy,101,moirai,13,0.2639800298437263
building_energy,101,moirai,14,0.2769877052260024
building_energy,101,moirai,15,0.29057259248087675
building_energy,101,moirai,16,0.30242571227765064
building_energy,101,moirai,17,0.33318489231006637
building_energy,101,moirai,18,0.34805034559381687
building_energy,101,moirai,19,0.3547761298602808
building_energy,101,moirai,20,0.36835261771778066
building_energy,101,moirai,21,0.38302179258542984
building_energy,101,moirai,22,0.40076918189658745
building_energy,101,moirai,23,0.4137919785581178
building_energy,101,moirai,24,0.4250327900338339
building_energy,101,gaugeformer_v13,1,0.04143602088125713
building_energy,101,gaugeformer_v13,2,0.06576497459828358
building_energy,101,gaugeformer_v13,3,0.09098783276663899
building_energy,101,gaugeformer_v13,4,0.11259879934212301
building_energy,101,gaugeformer_v13,5,0.13651722884947923
building_energy,101,gaugeformer_v13,6,0.15043513133410016
building_energy,101,gaugeformer_v13,7,0.16984503318102334
building_energy,101,gaugeformer_v13,8,0.18721382287709734
building_energy,101,gaugeformer_v13,9,0.21075764327130886
building_energy,101,gaugeformer_v13,10,0.23181765175779329
building_energy,101,gaugeformer_v13,11,0.24425996280950604
building_energy,101,gaugeformer_v13,12,0.2516099186625649
building_energy,101,gaugeformer_v13,13,0.2643115269347408
building_energy,101,gaugeformer_v13,14,0.2776018590895063
building_energy,101,gaugeformer_v13,15,0.28963622214639406
building_energy,101,gaugeformer_v13,16,0.3012285185078917
building_energy,101,gaugeformer_v13,17,0.32210230686007035
building_energy,101,gaugeformer_v13,18,0.33518530523831025
building_energy,101,gaugeformer_v13,19,0.3429724659173638
building_energy,101,gaugeformer_v13,20,0.35683719335109165
building_energy,101,gaugeformer_v13,21,0.37078972645892877
building_energy,101,gaugeformer_v13,22,0.38822368891001324
building_energy,101,gaugeformer_v13,23,0.4032112008469945
building_energy,101,gaugeformer_v13,24,0.4161644701684149
building_energy,101,blend_persistence,1,0.04019068492822739
building_energy,101,blend_persistence,2,0.06799673899408953
building_energy,101,blend_persistence,3,0.0952230141946499
building_energy,101,blend_persistence,4,0.11950217488022606
building_energy,101,blend_persistence,5,0.1449251904899871
building_energy,101,blend_persistence,6,0.1612329393548661
building_energy,101,blend_persistence,7,0.1799829923175351
building_energy,101,blend_persistence,8,0.19703116716722827
building_energy,101,blend_persistence,9,0.22225907767916955
building_energy,101,blend_persistence,10,0.24294346596747005
building_energy,101,blend_persistence,11,0.25851254113833494
building_energy,101,blend_persistence,12,0.2661783017032128
building_energy,101,blend_persistence,13,0.2788989232878758
building_energy,101,blend_persistence,14,0.29115626130296907
building_energy,101,blend_persistence,15,0.3054293979781123
building_energy,101,blend_persistence,16,0.31687629713270005
building_energy,101,blend_persistence,17,0.33556694822750194
building_energy,101,blend_persistence,18,0.34744177811989624
building_energy,101,blend_persistence,19,0.3557023440639436
building_energy,101,blend_persistence,20,0.370211609958612
building_energy,101,blend_persistence,21,0.38415664918628717
building_energy,101,blend_persistence,22,0.4014836953847244
building_energy,101,blend_persistence,23,0.4171365310378083
building_energy,101,blend_persistence,24,0.43011429497898745
building_energy,101,blend_history,1,0.040843725235715285
building_energy,101,blend_history,2,0.0667514663615879
building_energy,101,blend_history,3,0.0928577855851385
building_energy,101,blend_history,4,0.11529873551054572
building_energy,101,blend_history,5,0.1394162842490454
building_energy,101,blend_history,6,0.1540399276897409
building_energy,101,blend_history,7,0.17307526765916975
building_energy,101,blend_history,8,0.19006439907302267
building_energy,101,blend_history,9,0.21435419072657194
building_energy,101,blend_history,10,0.2342250310831282
building_energy,101,blend_history,11,0.24739148951748083
building_energy,101,blend_history,12,0.25469800407178866
building_energy,101,blend_history,13,0.2672322679164546
building_energy,101,blend_history,14,0.28009612696642927
building_energy,101,blend_history,15,0.2927485436828083
building_energy,101,blend_history,16,0.3043986967492639
building_energy,101,blend_history,17,0.32096763639616915
building_energy,101,blend_history,18,0.33419414643514056
building_energy,101,blend_history,19,0.34200049803485777
building_energy,101,blend_history,20,0.35551300925251955
building_energy,101,blend_history,21,0.3681391224608296
building_energy,101,blend_history,22,0.3850613697652506
building_energy,101,blend_history,23,0.4009426316754653
building_energy,101,blend_history,24,0.41471989249270014
hydraulic,0,persistence,1,0.013453411235762155
hydraulic,0,persistence,2,0.0196654526008663
hydraulic,0,persistence,3,0.06445362255779392
hydraulic,0,persistence,4,0.07774260674985757
hydraulic,0,persistence,5,0.06337484307689853
hydraulic,0,persistence,6,0.06352325201394925
hydraulic,0,persistence,7,0.05949930044099051
hydraulic,0,persistence,8,0.06192537745280887
hydraulic,0,persistence,9,0.06111600967610153
hydraulic,0,persistence,10,0.061308881427025466
hydraulic,0,persistence,11,0.06264472335271588
hydraulic,0,persistence,12,0.062382575250244904
hydraulic,0,persistence,13,0.06401925659840138
hydraulic,0,persistence,14,0.06335326396178836
hydraulic,0,persistence,15,0.0644386209365446
hydraulic,0,persistence,16,0.06747572008560346
hydraulic,0,persistence,17,0.07787152934764023
hydraulic,0,persistence,18,0.08220550518316047
hydraulic,0,persistence,19,0.10618049528436373
hydraulic,0,persistence,20,0.10949151141715732
hydraulic,0,persistence,21,0.16968414358528708
hydraulic,0,persistence,22,0.17459470923000997
hydraulic,0,persistence,23,0.3421945223254955
hydraulic,0,persistence,24,0.5516407451592772
hydraulic,0,damped_trend_12_0.8,1,0.014054354256983892
hydraulic,0,damped_trend_12_0.8,2,0.02060561223076887
hydraulic,0,damped_trend_12_0.8,3,0.06527845315661802
hydraulic,0,damped_trend_12_0.8,4,0.07876107863659033
hydraulic,0,damped_trend_12_0.8,5,0.06487499488959948
hydraulic,0,damped_trend_12_0.8,6,0.06458515727446419
hydraulic,0,damped_trend_12_0.8,7,0.06082245515119816
hydraulic,0,damped_trend_12_0.8,8,0.0632070443107152
hydraulic,0,damped_trend_12_0.8,9,0.06273911221581037
hydraulic,0,damped_trend_12_0.8,10,0.063167997577852
hydraulic,0,damped_trend_12_0.8,11,0.06478139580607643
hydraulic,0,damped_trend_12_0.8,12,0.06489407655759283
hydraulic,0,damped_trend_12_0.8,13,0.0664492304858454
hydraulic,0,damped_trend_12_0.8,14,0.06609957726101925
hydraulic,0,damped_trend_12_0.8,15,0.06707197942886203
hydraulic,0,damped_trend_12_0.8,16,0.07045638005662865
hydraulic,0,damped_trend_12_0.8,17,0.07855939370944635
hydraulic,0,damped_trend_12_0.8,18,0.08492884986969959
hydraulic,0,damped_trend_12_0.8,19,0.10715481863743592
hydraulic,0,damped_trend_12_0.8,20,0.1120806136638203
hydraulic,0,damped_trend_12_0.8,21,0.17028995743386802
hydraulic,0,damped_trend_12_0.8,22,0.17751223218684442
hydraulic,0,damped_trend_12_0.8,23,0.3427026127765573
hydraulic,0,damped_trend_12_0.8,24,0.5546797730277523
hydraulic,0,damped_trend_24_0.9,1,0.014339559347640004
hydraulic,0,damped_trend_24_0.9,2,0.0194648030502053
hydraulic,0,damped_trend_24_0.9,3,0.06595254778892325
hydraulic,0,damped_trend_24_0.9,4,0.07924134037517166
hydraulic,0,damped_trend_24_0.9,5,0.06403345469569824
hydraulic,0,damped_trend_24_0.9,6,0.06538472873522293
hydraulic,0,damped_trend_24_0.9,7,0.06123355924692994
hydraulic,0,damped_trend_24_0.9,8,0.06424804339246676
hydraulic,0,damped_trend_24_0.9,9,0.06379124527666144
hydraulic,0,damped_trend_24_0.9,10,0.06429186392927361
hydraulic,0,damped_trend_24_0.9,11,0.06544902523853909
hydraulic,0,damped_trend_24_0.9,12,0.06535102868851833
hydraulic,0,damped_trend_24_0.9,13,0.06673011974058426
hydraulic,0,damped_trend_24_0.9,14,0.06630407306742672
hydraulic,0,damped_trend_24_0.9,15,0.06755261220037832
hydraulic,0,damped_trend_24_0.9,16,0.06878089320740409
hydraulic,0,damped_trend_24_0.9,17,0.08164965620500825
hydraulic,0,damped_trend_24_0.9,18,0.08345762062245687
hydraulic,0,damped_trend_24_0.9,19,0.11033339826868724
hydraulic,0,damped_trend_24_0.9,20,0.11081720916389885
hydraulic,0,damped_trend_24_0.9,21,0.17133511121549053
hydraulic,0,damped_trend_24_0.9,22,0.17794352281968243
hydraulic,0,damped_trend_24_0.9,23,0.3417131225683086
hydraulic,0,damped_trend_24_0.9,24,0.5572271974999736
hydraulic,0,recent_median_6,1,0.017010356430269914
hydraulic,0,recent_median_6,2,0.02485507033121175
hydraulic,0,recent_median_6,3,0.06339031011977064
hydraulic,0,recent_median_6,4,0.07645028403906551
hydraulic,0,recent_median_6,5,0.06434793658446802
hydraulic,0,recent_median_6,6,0.06184469058137727
hydraulic,0,recent_median_6,7,0.05883805660785041
hydraulic,0,recent_median_6,8,0.06059324091775392
hydraulic,0,recent_median_6,9,0.06019463431455307
hydraulic,0,recent_median_6,10,0.05959843116304332
hydraulic,0,recent_median_6,11,0.06071150216069019
hydraulic,0,recent_median_6,12,0.06057961574213953
hydraulic,0,recent_median_6,13,0.06197225632708692
hydraulic,0,recent_median_6,14,0.06119094042631423
hydraulic,0,recent_median_6,15,0.062333572143572755
hydraulic,0,recent_median_6,16,0.06592327269768022
hydraulic,0,recent_median_6,17,0.07551425130408264
hydraulic,0,recent_median_6,18,0.0805415452101339
hydraulic,0,recent_median_6,19,0.10469900013294389
hydraulic,0,recent_median_6,20,0.1073558737131609
hydraulic,0,recent_median_6,21,0.16961023206313308
hydraulic,0,recent_median_6,22,0.17175397744810425
hydraulic,0,recent_median_6,23,0.34231810834795645
hydraulic,0,recent_median_6,24,0.548780905342198
hydraulic,0,recent_median_12,1,0.019743581388374246
hydraulic,0,recent_median_12,2,0.027732168340524173
hydraulic,0,recent_median_12,3,0.06610964613399074
hydraulic,0,recent_median_12,4,0.07937589656985485
hydraulic,0,recent_median_12,5,0.06693128894195055
hydraulic,0,recent_median_12,6,0.06443862706424885
hydraulic,0,recent_median_12,7,0.06133096271197037
hydraulic,0,recent_median_12,8,0.06319747160949561
hydraulic,0,recent_median_12,9,0.06299766746797962
hydraulic,0,recent_median_12,10,0.06240802899000649
hydraulic,0,recent_median_12,11,0.06307397911256603
hydraulic,0,recent_median_12,12,0.06264975265946865
hydraulic,0,recent_median_12,13,0.06359722883701507
hydraulic,0,recent_median_12,14,0.06287707577496564
hydraulic,0,recent_median_12,15,0.06384810006139252
hydraulic,0,recent_median_12,16,0.06704219344268254
hydraulic,0,recent_median_12,17,0.07779797093176602
hydraulic,0,recent_median_12,18,0.0816329290696894
hydraulic,0,recent_median_12,19,0.10707513631721934
hydraulic,0,recent_median_12,20,0.10816761197834347
hydraulic,0,recent_median_12,21,0.1716224219851809
hydraulic,0,recent_median_12,22,0.1717288905706174
hydraulic,0,recent_median_12,23,0.3431636154301264
hydraulic,0,recent_median_12,24,0.5478182050296952
hydraulic,0,recent_median_24,1,0.026146584426504606
hydraulic,0,recent_median_24,2,0.034040978156479024
hydraulic,0,recent_median_24,3,0.07243528402613864
hydraulic,0,recent_median_24,4,0.08659645697529558
hydraulic,0,recent_median_24,5,0.07425035497374723
hydraulic,0,recent_median_24,6,0.07182408108037464
hydraulic,0,recent_median_24,7,0.06875437611968394
hydraulic,0,recent_median_24,8,0.07082428194084371
hydraulic,0,recent_median_24,9,0.06995665820952905
hydraulic,0,recent_median_24,10,0.06951245496511706
hydraulic,0,recent_median_24,11,0.06989892003778021
hydraulic,0,recent_median_24,12,0.06976929812965163
hydraulic,0,recent_median_24,13,0.07065726065463515
hydraulic,0,recent_median_24,14,0.06996052623202031
hydraulic,0,recent_median_24,15,0.07113646368602614
hydraulic,0,recent_median_24,16,0.07424944257439921
hydraulic,0,recent_median_24,17,0.08482026786576767
hydraulic,0,recent_median_24,18,0.08865921989338353
hydraulic,0,recent_median_24,19,0.11451113170647169
hydraulic,0,recent_median_24,20,0.11572560084295529
hydraulic,0,recent_median_24,21,0.17885208989559812
hydraulic,0,recent_median_24,22,0.17754921656438316
hydraulic,0,recent_median_24,23,0.34810722937961946
hydraulic,0,recent_median_24,24,0.5515471096521269
hydraulic,0,holt_0.3_0.1_0.8,1,0.015498742966221753
hydraulic,0,holt_0.3_0.1_0.8,2,0.02288443033637549
hydraulic,0,holt_0.3_0.1_0.8,3,0.06320303428470211
hydraulic,0,holt_0.3_0.1_0.8,4,0.07581332317546775
hydraulic,0,holt_0.3_0.1_0.8,5,0.06275418110566641
hydraulic,0,holt_0.3_0.1_0.8,6,0.06139853411693926
hydraulic,0,holt_0.3_0.1_0.8,7,0.05704986581739598
hydraulic,0,holt_0.3_0.1_0.8,8,0.058960381679600105
hydraulic,0,holt_0.3_0.1_0.8,9,0.05833290437080689
hydraulic,0,holt_0.3_0.1_0.8,10,0.05831922591955635
hydraulic,0,holt_0.3_0.1_0.8,11,0.05968775640351848
hydraulic,0,holt_0.3_0.1_0.8,12,0.059574525850956676
hydraulic,0,holt_0.3_0.1_0.8,13,0.061098150285077445
hydraulic,0,holt_0.3_0.1_0.8,14,0.06044926885947583
hydraulic,0,holt_0.3_0.1_0.8,15,0.061596745760718864
hydraulic,0,holt_0.3_0.1_0.8,16,0.06509576411555958
hydraulic,0,holt_0.3_0.1_0.8,17,0.07454394535231634
hydraulic,0,holt_0.3_0.1_0.8,18,0.07974370527534834
hydraulic,0,holt_0.3_0.1_0.8,19,0.10332337416211404
hydraulic,0,holt_0.3_0.1_0.8,20,0.10686470723128358
hydraulic,0,holt_0.3_0.1_0.8,21,0.16785699360152967
hydraulic,0,holt_0.3_0.1_0.8,22,0.17239889198126226
hydraulic,0,holt_0.3_0.1_0.8,23,0.3410077685277088
hydraulic,0,holt_0.3_0.1_0.8,24,0.5507801540762182
hydraulic,0,holt_0.3_0.1_0.95,1,0.020255030688635236
hydraulic,0,holt_0.3_0.1_0.95,2,0.02731856114261704
hydraulic,0,holt_0.3_0.1_0.95,3,0.06479962810075732
hydraulic,0,holt_0.3_0.1_0.95,4,0.07255197502377886
hydraulic,0,holt_0.3_0.1_0.95,5,0.057329063391252696
hydraulic,0,holt_0.3_0.1_0.95,6,0.057488950869751594
hydraulic,0,holt_0.3_0.1_0.95,7,0.050858195137877954
hydraulic,0,holt_0.3_0.1_0.95,8,0.053403607906606754
hydraulic,0,holt_0.3_0.1_0.95,9,0.052534751561234626
hydraulic,0,holt_0.3_0.1_0.95,10,0.05280166566410153
hydraulic,0,holt_0.3_0.1_0.95,11,0.053919086133103575
hydraulic,0,holt_0.3_0.1_0.95,12,0.0540092246886814
hydraulic,0,holt_0.3_0.1_0.95,13,0.055358861075688034
hydraulic,0,holt_0.3_0.1_0.95,14,0.05504140346786456
hydraulic,0,holt_0.3_0.1_0.95,15,0.05618054621882924
hydraulic,0,holt_0.3_0.1_0.95,16,0.06000889277405772
hydraulic,0,holt_0.3_0.1_0.95,17,0.06795566461062298
hydraulic,0,holt_0.3_0.1_0.95,18,0.07485874746794928
hydraulic,0,holt_0.3_0.1_0.95,19,0.09646965837077102
hydraulic,0,holt_0.3_0.1_0.95,20,0.10266131319384582
hydraulic,0,holt_0.3_0.1_0.95,21,0.1575660021730363
hydraulic,0,holt_0.3_0.1_0.95,22,0.1887908592709617
hydraulic,0,holt_0.3_0.1_0.95,23,0.33059583657285185
hydraulic,0,holt_0.3_0.1_0.95,24,0.576433241167984
hydraulic,0,history_local,1,0.011580326029264103
hydraulic,0,history_local,2,0.021625050455421943
hydraulic,0,history_local,3,0.062341929749573984
hydraulic,0,history_local,4,0.07542246152972627
hydraulic,0,history_local,5,0.06390327132019953
hydraulic,0,history_local,6,0.06132924816298937
hydraulic,0,history_local,7,0.05848681599551192
hydraulic,0,history_local,8,0.05975200982236297
hydraulic,0,history_local,9,0.059475769232289734
hydraulic,0,history_local,10,0.059248336672462334
hydraulic,0,history_local,11,0.06045996551029429
hydraulic,0,history_local,12,0.060285547638728114
hydraulic,0,history_local,13,0.06188704447572386
hydraulic,0,history_local,14,0.06127266989394851
hydraulic,0,history_local,15,0.06237915178428933
hydraulic,0,history_local,16,0.06578726941251978
hydraulic,0,history_local,17,0.07626066307664853
hydraulic,0,history_local,18,0.08044530609660146
hydraulic,0,history_local,19,0.10570809430124371
hydraulic,0,history_local,20,0.10732802779562062
hydraulic,0,history_local,21,0.17075751408034398
hydraulic,0,history_local,22,0.1733562207134497
hydraulic,0,history_local,23,0.3440836280015102
hydraulic,0,history_local,24,0.5509188332232149
hydraulic,0,mean_bank,1,0.015434022549607141
hydraulic,0,mean_bank,2,0.02205056236315153
hydraulic,0,mean_bank,3,0.06375358274379092
hydraulic,0,mean_bank,4,0.07621199663094792
hydraulic,0,mean_bank,5,0.062104935849313106
hydraulic,0,mean_bank,6,0.06151493972614542
hydraulic,0,mean_bank,7,0.05701434033991356
hydraulic,0,mean_bank,8,0.059145255887056325
hydraulic,0,mean_bank,9,0.05827728701257195
hydraulic,0,mean_bank,10,0.05823055707904343
hydraulic,0,mean_bank,11,0.05944447547761672
hydraulic,0,mean_bank,12,0.059055241988305224
hydraulic,0,mean_bank,13,0.06054815414625033
hydraulic,0,mean_bank,14,0.059768044421486345
hydraulic,0,mean_bank,15,0.06074326620972613
hydraulic,0,mean_bank,16,0.06386253588309677
hydraulic,0,mean_bank,17,0.07400177152244455
hydraulic,0,mean_bank,18,0.07863321219850485
hydraulic,0,mean_bank,19,0.10217352410271287
hydraulic,0,mean_bank,20,0.10571266309351174
hydraulic,0,mean_bank,21,0.16542271008306478
hydraulic,0,mean_bank,22,0.17208561243299267
hydraulic,0,mean_bank,23,0.3380008708398612
hydraulic,0,mean_bank,24,0.5517404961810359
hydraulic,17,moirai,1,0.012159372726848349
hydraulic,17,moirai,2,0.020823931460938853
hydraulic,17,moirai,3,0.06495711326588074
hydraulic,17,moirai,4,0.0797591842541958
hydraulic,17,moirai,5,0.0649998402572374
hydraulic,17,moirai,6,0.06703256595176973
hydraulic,17,moirai,7,0.06010159754630943
hydraulic,17,moirai,8,0.06329352810135877
hydraulic,17,moirai,9,0.06203645091057457
hydraulic,17,moirai,10,0.0638587339253063
hydraulic,17,moirai,11,0.06572735858645308
hydraulic,17,moirai,12,0.0658995817231373
hydraulic,17,moirai,13,0.06872215771171195
hydraulic,17,moirai,14,0.0680660079998703
hydraulic,17,moirai,15,0.06822012987839712
hydraulic,17,moirai,16,0.07124419991923484
hydraulic,17,moirai,17,0.08193458572405798
hydraulic,17,moirai,18,0.09293736087498364
hydraulic,17,moirai,19,0.11441927607687075
hydraulic,17,moirai,20,0.12371350556750389
hydraulic,17,moirai,21,0.1750622568954158
hydraulic,17,moirai,22,0.191743506232024
hydraulic,17,moirai,23,0.33152444454544705
hydraulic,17,moirai,24,0.5741842995335077
hydraulic,17,gaugeformer_v13,1,0.011287780403924403
hydraulic,17,gaugeformer_v13,2,0.02086768289537911
hydraulic,17,gaugeformer_v13,3,0.0635758768216474
hydraulic,17,gaugeformer_v13,4,0.0777045511754985
hydraulic,17,gaugeformer_v13,5,0.06354972881342068
hydraulic,17,gaugeformer_v13,6,0.06411786399656469
hydraulic,17,gaugeformer_v13,7,0.057879510664851926
hydraulic,17,gaugeformer_v13,8,0.06020823240228456
hydraulic,17,gaugeformer_v13,9,0.05946047005417051
hydraulic,17,gaugeformer_v13,10,0.06055431094574747
hydraulic,17,gaugeformer_v13,11,0.06206027397112565
hydraulic,17,gaugeformer_v13,12,0.062010449563314064
hydraulic,17,gaugeformer_v13,13,0.06427315477937615
hydraulic,17,gaugeformer_v13,14,0.06372337855487854
hydraulic,17,gaugeformer_v13,15,0.06429097221057467
hydraulic,17,gaugeformer_v13,16,0.0676525459164191
hydraulic,17,gaugeformer_v13,17,0.07873474843625622
hydraulic,17,gaugeformer_v13,18,0.08635597910644845
hydraulic,17,gaugeformer_v13,19,0.10927365572983878
hydraulic,17,gaugeformer_v13,20,0.11518499025756378
hydraulic,17,gaugeformer_v13,21,0.1694581665845787
hydraulic,17,gaugeformer_v13,22,0.18035973087623172
hydraulic,17,gaugeformer_v13,23,0.33425715696591995
hydraulic,17,gaugeformer_v13,24,0.5617129075831352
hydraulic,17,blend_persistence,1,0.012413228570884569
hydraulic,17,blend_persistence,2,0.019969401626383797
hydraulic,17,blend_persistence,3,0.06446110449293808
hydraulic,17,blend_persistence,4,0.07854005866232633
hydraulic,17,blend_persistence,5,0.06371276449716887
hydraulic,17,blend_persistence,6,0.06499463991339673
hydraulic,17,blend_persistence,7,0.058481228080547225
hydraulic,17,blend_persistence,8,0.061052137457548776
hydraulic,17,blend_persistence,9,0.06004133708063281
hydraulic,17,blend_persistence,10,0.061008141920544656
hydraulic,17,blend_persistence,11,0.06244510959933341
hydraulic,17,blend_persistence,12,0.0623324331528127
hydraulic,17,blend_persistence,13,0.06456917914879617
hydraulic,17,blend_persistence,14,0.06384962390309223
hydraulic,17,blend_persistence,15,0.06444367389200725
hydraulic,17,blend_persistence,16,0.06750430829304074
hydraulic,17,blend_persistence,17,0.07778040737458214
hydraulic,17,blend_persistence,18,0.08494601215216303
hydraulic,17,blend_persistence,19,0.1078458811428445
hydraulic,17,blend_persistence,20,0.11320357421344063
hydraulic,17,blend_persistence,21,0.16807334224849307
hydraulic,17,blend_persistence,22,0.1789300214320124
hydraulic,17,blend_persistence,23,0.33283196675324195
hydraulic,17,blend_persistence,24,0.5604560686257858
hydraulic,17,blend_history,1,0.01149519301843712
hydraulic,17,blend_history,2,0.020845594190256844
hydraulic,17,blend_history,3,0.06327970703223966
hydraulic,17,blend_history,4,0.07728408066648258
hydraulic,17,blend_history,5,0.0632765538007629
hydraulic,17,blend_history,6,0.06379244268063028
hydraulic,17,blend_history,7,0.057449664352875046
hydraulic,17,blend_history,8,0.05983060854935648
hydraulic,17,blend_history,9,0.05893889398403229
hydraulic,17,blend_history,10,0.059688232330260174
hydraulic,17,blend_history,11,0.061034126597032605
hydraulic,17,blend_history,12,0.06098160415836201
hydraulic,17,blend_history,13,0.06319485360825373
hydraulic,17,blend_history,14,0.06242167859782127
hydraulic,17,blend_history,15,0.06308298778043689
hydraulic,17,blend_history,16,0.06629868197678006
hydraulic,17,blend_history,17,0.07661400030026595
hydraulic,17,blend_history,18,0.08378466700258325
hydraulic,17,blend_history,19,0.10654402426855972
hydraulic,17,blend_history,20,0.11189532933043662
hydraulic,17,blend_history,21,0.16686817554948288
hydraulic,17,blend_history,22,0.1782236841614904
hydraulic,17,blend_history,23,0.333478086139506
hydraulic,17,blend_history,24,0.5599629732628908
hydraulic,29,moirai,1,0.012202145890151084
hydraulic,29,moirai,2,0.020789134398555092
hydraulic,29,moirai,3,0.0652659320977796
hydraulic,29,moirai,4,0.08030098328714215
hydraulic,29,moirai,5,0.06537963323655545
hydraulic,29,moirai,6,0.06764112290867576
hydraulic,29,moirai,7,0.06083101302577402
hydraulic,29,moirai,8,0.06382696288205203
hydraulic,29,moirai,9,0.06268868417076791
hydraulic,29,moirai,10,0.06413108774127009
hydraulic,29,moirai,11,0.06583538626205677
hydraulic,29,moirai,12,0.06644854244863904
hydraulic,29,moirai,13,0.06849025415648692
hydraulic,29,moirai,14,0.06814763095279386
hydraulic,29,moirai,15,0.0679446310569321
hydraulic,29,moirai,16,0.0704697794755438
hydraulic,29,moirai,17,0.08330256688423088
hydraulic,29,moirai,18,0.0926922700160051
hydraulic,29,moirai,19,0.11547933825007668
hydraulic,29,moirai,20,0.1225453902009629
hydraulic,29,moirai,21,0.17588057083334785
hydraulic,29,moirai,22,0.19153581140261436
hydraulic,29,moirai,23,0.33311144513396973
hydraulic,29,moirai,24,0.5729865881490867
hydraulic,29,gaugeformer_v13,1,0.011163355919061674
hydraulic,29,gaugeformer_v13,2,0.020820724002975657
hydraulic,29,gaugeformer_v13,3,0.06367502053111075
hydraulic,29,gaugeformer_v13,4,0.07793117538945324
hydraulic,29,gaugeformer_v13,5,0.06382372098700655
hydraulic,29,gaugeformer_v13,6,0.06445463394229042
hydraulic,29,gaugeformer_v13,7,0.058311429606284666
hydraulic,29,gaugeformer_v13,8,0.06067264015833431
hydraulic,29,gaugeformer_v13,9,0.05970611192417339
hydraulic,29,gaugeformer_v13,10,0.06059976232619368
hydraulic,29,gaugeformer_v13,11,0.062128031769320406
hydraulic,29,gaugeformer_v13,12,0.062408356952908105
hydraulic,29,gaugeformer_v13,13,0.06420211429123053
hydraulic,29,gaugeformer_v13,14,0.0638885254171517
hydraulic,29,gaugeformer_v13,15,0.06423556434078177
hydraulic,29,gaugeformer_v13,16,0.06727148813785133
hydraulic,29,gaugeformer_v13,17,0.07959966256235285
hydraulic,29,gaugeformer_v13,18,0.08648126260083668
hydraulic,29,gaugeformer_v13,19,0.11002901046428855
hydraulic,29,gaugeformer_v13,20,0.11494785544202611
hydraulic,29,gaugeformer_v13,21,0.17021576533786037
hydraulic,29,gaugeformer_v13,22,0.18031639520081275
hydraulic,29,gaugeformer_v13,23,0.33540139284275866
hydraulic,29,gaugeformer_v13,24,0.5609527639188129
hydraulic,29,blend_persistence,1,0.012323575440653396
hydraulic,29,blend_persistence,2,0.019930212412339998
hydraulic,29,blend_persistence,3,0.06457702846922889
hydraulic,29,blend_persistence,4,0.07880010036217516
hydraulic,29,blend_persistence,5,0.06389128035375431
hydraulic,29,blend_persistence,6,0.06528374956137795
hydraulic,29,blend_persistence,7,0.0587888707956151
hydraulic,29,blend_persistence,8,0.0613566203833858
hydraulic,29,blend_persistence,9,0.06020761697113749
hydraulic,29,blend_persistence,10,0.06114966923580909
hydraulic,29,blend_persistence,11,0.06250644525603244
hydraulic,29,blend_persistence,12,0.06258202525367557
hydraulic,29,blend_persistence,13,0.06446672197443495
hydraulic,29,blend_persistence,14,0.06388830284505499
hydraulic,29,blend_persistence,15,0.06429437344731484
hydraulic,29,blend_persistence,16,0.06716311814144889
hydraulic,29,blend_persistence,17,0.07843678021364132
hydraulic,29,blend_persistence,18,0.08494865379069423
hydraulic,29,blend_persistence,19,0.10841401115590416
hydraulic,29,blend_persistence,20,0.11298069699318225
hydraulic,29,blend_persistence,21,0.16854043641973399
hydraulic,29,blend_persistence,22,0.178796798336959
hydraulic,29,blend_persistence,23,0.33364400958615514
hydraulic,29,blend_persistence,24,0.559864668489639
hydraulic,29,blend_history,1,0.01139012538050919
hydraulic,29,blend_history,2,0.020804481255327193
hydraulic,29,blend_history,3,0.06336183670639987
hydraulic,29,blend_history,4,0.0774824218015482
hydraulic,29,blend_history,5,0.06350768857122988
hydraulic,29,blend_history,6,0.06409113048836407
hydraulic,29,blend_history,7,0.057782565874130075
hydraulic,29,blend_history,8,0.06012652050427617
hydraulic,29,blend_history,9,0.05914991516570833
hydraulic,29,blend_history,10,0.05986008643868621
hydraulic,29,blend_history,11,0.06108345437836122
hydraulic,29,blend_history,12,0.06122899789179602
hydraulic,29,blend_history,13,0.06310386023804339
hydraulic,29,blend_history,14,0.062461357507399604
hydraulic,29,blend_history,15,0.0629454950730091
hydraulic,29,blend_history,16,0.06595640097995484
hydraulic,29,blend_history,17,0.07726047221039148
hydraulic,29,blend_history,18,0.08379972141248826
hydraulic,29,blend_history,19,0.10710662887512234
hydraulic,29,blend_history,20,0.11168613011977174
hydraulic,29,blend_history,21,0.1674270984776685
hydraulic,29,blend_history,22,0.1780863590220059
hydraulic,29,blend_history,23,0.3343101199692847
hydraulic,29,blend_history,24,0.5594228723302951
hydraulic,43,moirai,1,0.012022739074474315
hydraulic,43,moirai,2,0.020729921695829764
hydraulic,43,moirai,3,0.06485768200580144
hydraulic,43,moirai,4,0.07976588045951566
hydraulic,43,moirai,5,0.06507765381124916
hydraulic,43,moirai,6,0.06710187768941202
hydraulic,43,moirai,7,0.06017704583561614
hydraulic,43,moirai,8,0.06303182141747231
hydraulic,43,moirai,9,0.0620012802307401
hydraulic,43,moirai,10,0.0638983728969055
hydraulic,43,moirai,11,0.065587510236355
hydraulic,43,moirai,12,0.0660978757112734
hydraulic,43,moirai,13,0.06851867630456393
hydraulic,43,moirai,14,0.06794196606701368
hydraulic,43,moirai,15,0.06795823664118529
hydraulic,43,moirai,16,0.07021324891797984
hydraulic,43,moirai,17,0.0824885099191092
hydraulic,43,moirai,18,0.09250205008816782
hydraulic,43,moirai,19,0.11463389358852726
hydraulic,43,moirai,20,0.12290120172159702
hydraulic,43,moirai,21,0.17577148916627783
hydraulic,43,moirai,22,0.19052932255354627
hydraulic,43,moirai,23,0.3323806781079745
hydraulic,43,moirai,24,0.5721776353071178
hydraulic,43,gaugeformer_v13,1,0.01113483620304535
hydraulic,43,gaugeformer_v13,2,0.02081459348245176
hydraulic,43,gaugeformer_v13,3,0.06347098788037685
hydraulic,43,gaugeformer_v13,4,0.07773029465418846
hydraulic,43,gaugeformer_v13,5,0.06363943170591524
hydraulic,43,gaugeformer_v13,6,0.06417308590981786
hydraulic,43,gaugeformer_v13,7,0.057950887429889554
hydraulic,43,gaugeformer_v13,8,0.06023688741851001
hydraulic,43,gaugeformer_v13,9,0.05936189392475899
hydraulic,43,gaugeformer_v13,10,0.06041195268028642
hydraulic,43,gaugeformer_v13,11,0.06199661145526817
hydraulic,43,gaugeformer_v13,12,0.062210061272095364
hydraulic,43,gaugeformer_v13,13,0.06425337261532749
hydraulic,43,gaugeformer_v13,14,0.06383414860416275
hydraulic,43,gaugeformer_v13,15,0.06422503653355512
hydraulic,43,gaugeformer_v13,16,0.06712366656846536
hydraulic,43,gaugeformer_v13,17,0.0794795690177233
hydraulic,43,gaugeformer_v13,18,0.08637558632163791
hydraulic,43,gaugeformer_v13,19,0.10965347648482218
hydraulic,43,gaugeformer_v13,20,0.1153502454046475
hydraulic,43,gaugeformer_v13,21,0.1702373137302777
hydraulic,43,gaugeformer_v13,22,0.1797218573263681
hydraulic,43,gaugeformer_v13,23,0.33503240457937344
hydraulic,43,gaugeformer_v13,24,0.5604947284682575
hydraulic,43,blend_persistence,1,0.012262715330359575
hydraulic,43,blend_persistence,2,0.019918917116011077
hydraulic,43,blend_persistence,3,0.06437188234329272
hydraulic,43,blend_persistence,4,0.07854443631343738
hydraulic,43,blend_persistence,5,0.06376050656035719
hydraulic,43,blend_persistence,6,0.06501315315294866
hydraulic,43,blend_persistence,7,0.05856094241939516
hydraulic,43,blend_persistence,8,0.060978373578180624
hydraulic,43,blend_persistence,9,0.05993920117281646
hydraulic,43,blend_persistence,10,0.06090420346698349
hydraulic,43,blend_persistence,11,0.062411034144634545
hydraulic,43,blend_persistence,12,0.06245395529558819
hydraulic,43,blend_persistence,13,0.06445530264323422
hydraulic,43,blend_persistence,14,0.06382078619686701
hydraulic,43,blend_persistence,15,0.06429953986300109
hydraulic,43,blend_persistence,16,0.06701920128186745
hydraulic,43,blend_persistence,17,0.07828877491066918
hydraulic,43,blend_persistence,18,0.08482705682162796
hydraulic,43,blend_persistence,19,0.10796099479688202
hydraulic,43,blend_persistence,20,0.11317887869229522
hydraulic,43,blend_persistence,21,0.16849338680651216
hydraulic,43,blend_persistence,22,0.17825299737744835
hydraulic,43,blend_persistence,23,0.33344658696981627
hydraulic,43,blend_persistence,24,0.5594194642540613
hydraulic,43,blend_history,1,0.011334254637994094
hydraulic,43,blend_history,2,0.020808042490657527
hydraulic,43,blend_history,3,0.06320614167613925
hydraulic,43,blend_history,4,0.07725310812646395
hydraulic,43,blend_history,5,0.0634086881481002
hydraulic,43,blend_history,6,0.06379908836232094
hydraulic,43,blend_history,7,0.05753602393579292
hydraulic,43,blend_history,8,0.0597672580475936
hydraulic,43,blend_history,9,0.0588302341947959
hydraulic,43,blend_history,10,0.05959415683140108
hydraulic,43,blend_history,11,0.06098821502115912
hydraulic,43,blend_history,12,0.06108259101614617
hydraulic,43,blend_history,13,0.06308755089737815
hydraulic,43,blend_history,14,0.06239190924994231
hydraulic,43,blend_history,15,0.0629175066063971
hydraulic,43,blend_history,16,0.0658591640870366
hydraulic,43,blend_history,17,0.07712222858079867
hydraulic,43,blend_history,18,0.08367464783284914
hydraulic,43,blend_history,19,0.10669800879756328
hydraulic,43,blend_history,20,0.11187099172271422
hydraulic,43,blend_history,21,0.16738278118037056
hydraulic,43,blend_history,22,0.1775324459573535
hydraulic,43,blend_history,23,0.3341477684592252
hydraulic,43,blend_history,24,0.5589701557550248
hydraulic,71,moirai,1,0.012056790256426267
hydraulic,71,moirai,2,0.02060598823763148
hydraulic,71,moirai,3,0.06496983026284475
hydraulic,71,moirai,4,0.07964749359307248
hydraulic,71,moirai,5,0.0648681057204835
hydraulic,71,moirai,6,0.06690413094995802
hydraulic,71,moirai,7,0.059831970650252114
hydraulic,71,moirai,8,0.06302952056862193
hydraulic,71,moirai,9,0.06222324579830348
hydraulic,71,moirai,10,0.06367537635278414
hydraulic,71,moirai,11,0.06528594496602332
hydraulic,71,moirai,12,0.06571938777255218
hydraulic,71,moirai,13,0.06822892443645365
hydraulic,71,moirai,14,0.06759608070529333
hydraulic,71,moirai,15,0.06787858751900044
hydraulic,71,moirai,16,0.07017751785504513
hydraulic,71,moirai,17,0.08213248425868483
hydraulic,71,moirai,18,0.09310844644610566
hydraulic,71,moirai,19,0.1141155658497078
hydraulic,71,moirai,20,0.12311839960439874
hydraulic,71,moirai,21,0.17524051285092754
hydraulic,71,moirai,22,0.19136798192027862
hydraulic,71,moirai,23,0.33193862141679553
hydraulic,71,moirai,24,0.5729038145511238
hydraulic,71,gaugeformer_v13,1,0.011238875682910049
hydraulic,71,gaugeformer_v13,2,0.02073581398750223
hydraulic,71,gaugeformer_v13,3,0.06354000194989586
hydraulic,71,gaugeformer_v13,4,0.07764337433941089
hydraulic,71,gaugeformer_v13,5,0.0635765724570842
hydraulic,71,gaugeformer_v13,6,0.06401088576959689
hydraulic,71,gaugeformer_v13,7,0.05776345365321548
hydraulic,71,gaugeformer_v13,8,0.06021822140809482
hydraulic,71,gaugeformer_v13,9,0.05963986210979854
hydraulic,71,gaugeformer_v13,10,0.06046736535778396
hydraulic,71,gaugeformer_v13,11,0.06185076158965115
hydraulic,71,gaugeformer_v13,12,0.06197194410038532
hydraulic,71,gaugeformer_v13,13,0.06406152373883467
hydraulic,71,gaugeformer_v13,14,0.06365099528866856
hydraulic,71,gaugeformer_v13,15,0.06424042885842089
hydraulic,71,gaugeformer_v13,16,0.06704897754231234
hydraulic,71,gaugeformer_v13,17,0.07908555765896783
hydraulic,71,gaugeformer_v13,18,0.08639850754758283
hydraulic,71,gaugeformer_v13,19,0.10910554392553004
hydraulic,71,gaugeformer_v13,20,0.11517544769404425
hydraulic,71,gaugeformer_v13,21,0.16979663420096275
hydraulic,71,gaugeformer_v13,22,0.1801812776019651
hydraulic,71,gaugeformer_v13,23,0.33459425654974295
hydraulic,71,gaugeformer_v13,24,0.5608948902254793
hydraulic,71,blend_persistence,1,0.012356627356950659
hydraulic,71,blend_persistence,2,0.01986901385512523
hydraulic,71,blend_persistence,3,0.06443966818940777
hydraulic,71,blend_persistence,4,0.07849049108538556
hydraulic,71,blend_persistence,5,0.0636852970452351
hydraulic,71,blend_persistence,6,0.06487331803996936
hydraulic,71,blend_persistence,7,0.05839535946125227
hydraulic,71,blend_persistence,8,0.06097629352303083
hydraulic,71,blend_persistence,9,0.060077957259434794
hydraulic,71,blend_persistence,10,0.06093787272070612
hydraulic,71,blend_persistence,11,0.062236038989843076
hydraulic,71,blend_persistence,12,0.06224103304839495
hydraulic,71,blend_persistence,13,0.06435873113245257
hydraulic,71,blend_persistence,14,0.0636428692634232
hydraulic,71,blend_persistence,15,0.06423780621342583
hydraulic,71,blend_persistence,16,0.0669952812781774
hydraulic,71,blend_persistence,17,0.07809064351840182
hydraulic,71,blend_persistence,18,0.08501330758303896
hydraulic,71,blend_persistence,19,0.10774143165782117
hydraulic,71,blend_persistence,20,0.11320134128699823
hydraulic,71,blend_persistence,21,0.16821193235741275
hydraulic,71,blend_persistence,22,0.1787217492025273
hydraulic,71,blend_persistence,23,0.3332000900279381
hydraulic,71,blend_persistence,24,0.5598235711076139
hydraulic,71,blend_history,1,0.01143686926069036
hydraulic,71,blend_history,2,0.020741073850312673
hydraulic,71,blend_history,3,0.06320262315296735
hydraulic,71,blend_history,4,0.07720241810639135
hydraulic,71,blend_history,5,0.06327067365926106
hydraulic,71,blend_history,6,0.06364765341735551
hydraulic,71,blend_history,7,0.057367697186562025
hydraulic,71,blend_history,8,0.059756609284249945
hydraulic,71,blend_history,9,0.058990830702380655
hydraulic,71,blend_history,10,0.059618880352664265
hydraulic,71,blend_history,11,0.06082639456155148
hydraulic,71,blend_history,12,0.06089018908163503
hydraulic,71,blend_history,13,0.06297709471561402
hydraulic,71,blend_history,14,0.062213829537807054
hydraulic,71,blend_history,15,0.06290042203001026
hydraulic,71,blend_history,16,0.06584154342578101
hydraulic,71,blend_history,17,0.07691014521699865
hydraulic,71,blend_history,18,0.08383445116254945
hydraulic,71,blend_history,19,0.10644337357265013
hydraulic,71,blend_history,20,0.11189310957657461
hydraulic,71,blend_history,21,0.16712248654092168
hydraulic,71,blend_history,22,0.17800547700069544
hydraulic,71,blend_history,23,0.33387244386699466
hydraulic,71,blend_history,24,0.5594250018925695
hydraulic,101,moirai,1,0.012135018055855392
hydraulic,101,moirai,2,0.02076423299275341
hydraulic,101,moirai,3,0.06501466010040448
hydraulic,101,moirai,4,0.07999607021129967
hydraulic,101,moirai,5,0.06478137571820336
hydraulic,101,moirai,6,0.06728080306814394
hydraulic,101,moirai,7,0.06022758825762413
hydraulic,101,moirai,8,0.06326147817243594
hydraulic,101,moirai,9,0.062205447349339825
hydraulic,101,moirai,10,0.06387258171822004
hydraulic,101,moirai,11,0.06572496453943581
hydraulic,101,moirai,12,0.0660459269601586
hydraulic,101,moirai,13,0.06865137706611382
hydraulic,101,moirai,14,0.06814497006758308
hydraulic,101,moirai,15,0.06836168860833784
hydraulic,101,moirai,16,0.07081651349152558
hydraulic,101,moirai,17,0.08244190681991541
hydraulic,101,moirai,18,0.09350387500867276
hydraulic,101,moirai,19,0.11490178130989086
hydraulic,101,moirai,20,0.12418354331760653
hydraulic,101,moirai,21,0.17531832984801118
hydraulic,101,moirai,22,0.19215054835823248
hydraulic,101,moirai,23,0.3320509741605717
hydraulic,101,moirai,24,0.5744152341647536
hydraulic,101,gaugeformer_v13,1,0.011175443517280087
hydraulic,101,gaugeformer_v13,2,0.02082871639984797
hydraulic,101,gaugeformer_v13,3,0.06354678071164852
hydraulic,101,gaugeformer_v13,4,0.07779992317550007
hydraulic,101,gaugeformer_v13,5,0.0634809809763678
hydraulic,101,gaugeformer_v13,6,0.06413346187890825
hydraulic,101,gaugeformer_v13,7,0.057997607865206656
hydraulic,101,gaugeformer_v13,8,0.06024317300462034
hydraulic,101,gaugeformer_v13,9,0.059273047895371266
hydraulic,101,gaugeformer_v13,10,0.06052855790100668
hydraulic,101,gaugeformer_v13,11,0.06202953152092241
hydraulic,101,gaugeformer_v13,12,0.06214148650797824
hydraulic,101,gaugeformer_v13,13,0.0643513187832984
hydraulic,101,gaugeformer_v13,14,0.06377037106429967
hydraulic,101,gaugeformer_v13,15,0.06451188161170392
hydraulic,101,gaugeformer_v13,16,0.06734881165032869
hydraulic,101,gaugeformer_v13,17,0.07891522551173935
hydraulic,101,gaugeformer_v13,18,0.08647232815801112
hydraulic,101,gaugeformer_v13,19,0.10959078907532309
hydraulic,101,gaugeformer_v13,20,0.11536556330933051
hydraulic,101,gaugeformer_v13,21,0.16974067491288405
hydraulic,101,gaugeformer_v13,22,0.18032318931896535
hydraulic,101,gaugeformer_v13,23,0.33444036924366255
hydraulic,101,gaugeformer_v13,24,0.5616280670078293
hydraulic,101,blend_persistence,1,0.01231759688921244
hydraulic,101,blend_persistence,2,0.01993426186273486
hydraulic,101,blend_persistence,3,0.06449148914431568
hydraulic,101,blend_persistence,4,0.07865299691759146
hydraulic,101,blend_persistence,5,0.06362297648620723
hydraulic,101,blend_persistence,6,0.06498360265362356
hydraulic,101,blend_persistence,7,0.0585543759449345
hydraulic,101,blend_persistence,8,0.06101037530337434
hydraulic,101,blend_persistence,9,0.059952932506927195
hydraulic,101,blend_persistence,10,0.06101822103268139
hydraulic,101,blend_persistence,11,0.06247061066701791
hydraulic,101,blend_persistence,12,0.06243964756347439
hydraulic,101,blend_persistence,13,0.06456491363282528
hydraulic,101,blend_persistence,14,0.06387796539805721
hydraulic,101,blend_persistence,15,0.06448270053914228
hydraulic,101,blend_persistence,16,0.0673208459664411
hydraulic,101,blend_persistence,17,0.07787394702087871
hydraulic,101,blend_persistence,18,0.08505657961083096
hydraulic,101,blend_persistence,19,0.10801290830913166
hydraulic,101,blend_persistence,20,0.11343521899871752
hydraulic,101,blend_persistence,21,0.16829460301333451
hydraulic,101,blend_persistence,22,0.17913240238340175
hydraulic,101,blend_persistence,23,0.3330979857095468
hydraulic,101,blend_persistence,24,0.5606604124468582
hydraulic,101,blend_history,1,0.011385020380938896
hydraulic,101,blend_history,2,0.020801232364369347
hydraulic,101,blend_history,3,0.06326795194599596
hydraulic,101,blend_history,4,0.07735796060487865
hydraulic,101,blend_history,5,0.06322198205663031
hydraulic,101,blend_history,6,0.06374188460971347
hydraulic,101,blend_history,7,0.05753655967088111
hydraulic,101,blend_history,8,0.05978135006730061
hydraulic,101,blend_history,9,0.05883871173014602
hydraulic,101,blend_history,10,0.05970843991033368
hydraulic,101,blend_history,11,0.06104326592015211
hydraulic,101,blend_history,12,0.06105761952470146
hydraulic,101,blend_history,13,0.06315279508893737
hydraulic,101,blend_history,14,0.06245861286948095
hydraulic,101,blend_history,15,0.06309993124637198
hydraulic,101,blend_history,16,0.06619751772219168
hydraulic,101,blend_history,17,0.07672061004940665
hydraulic,101,blend_history,18,0.083895133827038
hydraulic,101,blend_history,19,0.10673397855407461
hydraulic,101,blend_history,20,0.11213828218338374
hydraulic,101,blend_history,21,0.16717973211784276
hydraulic,101,blend_history,22,0.17843761808361622
hydraulic,101,blend_history,23,0.3337512224755764
hydraulic,101,blend_history,24,0.5602291549344187
metropt,0,persistence,1,0.0857328526353482
metropt,0,persistence,2,0.1368383555558092
metropt,0,persistence,3,0.1848462029506091
metropt,0,persistence,4,0.23012820136727338
metropt,0,persistence,5,0.27362863405715626
metropt,0,persistence,6,0.30724626322049187
metropt,0,persistence,7,0.36365763940791845
metropt,0,persistence,8,0.40942089924818637
metropt,0,persistence,9,0.45265705947805795
metropt,0,persistence,10,0.4937417056211585
metropt,0,persistence,11,0.532713003106186
metropt,0,persistence,12,0.5644744627806525
metropt,0,persistence,13,0.615711239124366
metropt,0,persistence,14,0.6512567753451499
metropt,0,persistence,15,0.6776493310156276
metropt,0,persistence,16,0.7000720627139062
metropt,0,persistence,17,0.7193741075581065
metropt,0,persistence,18,0.7334749685544205
metropt,0,persistence,19,0.7641755775608486
metropt,0,persistence,20,0.7886370783713991
metropt,0,persistence,21,0.8084992272483466
metropt,0,persistence,22,0.8271012442309301
metropt,0,persistence,23,0.8408598219494257
metropt,0,persistence,24,0.8507521966440248
metropt,0,damped_trend_12_0.8,1,0.07951064832802493
metropt,0,damped_trend_12_0.8,2,0.12622931871754792
metropt,0,damped_trend_12_0.8,3,0.17152668850919822
metropt,0,damped_trend_12_0.8,4,0.2158027323276655
metropt,0,damped_trend_12_0.8,5,0.25952511640605314
metropt,0,damped_trend_12_0.8,6,0.2936824303635746
metropt,0,damped_trend_12_0.8,7,0.35121725717281677
metropt,0,damped_trend_12_0.8,8,0.3985503780244559
metropt,0,damped_trend_12_0.8,9,0.44344786979645207
metropt,0,damped_trend_12_0.8,10,0.48630042781887745
metropt,0,damped_trend_12_0.8,11,0.5271977026469685
metropt,0,damped_trend_12_0.8,12,0.5604529489758294
metropt,0,damped_trend_12_0.8,13,0.612850318148545
metropt,0,damped_trend_12_0.8,14,0.6499695725665726
metropt,0,damped_trend_12_0.8,15,0.6778003116545508
metropt,0,damped_trend_12_0.8,16,0.7017323950112596
metropt,0,damped_trend_12_0.8,17,0.7226021771704597
metropt,0,damped_trend_12_0.8,18,0.7377516743408778
metropt,0,damped_trend_12_0.8,19,0.7693612842676438
metropt,0,damped_trend_12_0.8,20,0.7951362355029785
metropt,0,damped_trend_12_0.8,21,0.8162838401749218
metropt,0,damped_trend_12_0.8,22,0.8361951952068692
metropt,0,damped_trend_12_0.8,23,0.8514087013582943
metropt,0,damped_trend_12_0.8,24,0.8620917886323421
metropt,0,damped_trend_24_0.9,1,0.08452151096425238
metropt,0,damped_trend_24_0.9,2,0.13453042387311553
metropt,0,damped_trend_24_0.9,3,0.18196510523294246
metropt,0,damped_trend_24_0.9,4,0.22710627502925834
metropt,0,damped_trend_24_0.9,5,0.27094391434725223
metropt,0,damped_trend_24_0.9,6,0.30465716651735597
metropt,0,damped_trend_24_0.9,7,0.3610191684104444
metropt,0,damped_trend_24_0.9,8,0.40720550628964597
metropt,0,damped_trend_24_0.9,9,0.45109684797761274
metropt,0,damped_trend_24_0.9,10,0.49302177240949857
metropt,0,damped_trend_24_0.9,11,0.5333115468948605
metropt,0,damped_trend_24_0.9,12,0.5656008429025182
metropt,0,damped_trend_24_0.9,13,0.6166532319994741
metropt,0,damped_trend_24_0.9,14,0.6528125026245531
metropt,0,damped_trend_24_0.9,15,0.6798274016547262
metropt,0,damped_trend_24_0.9,16,0.7030272033845092
metropt,0,damped_trend_24_0.9,17,0.7235750230265757
metropt,0,damped_trend_24_0.9,18,0.7380381939492379
metropt,0,damped_trend_24_0.9,19,0.7685840638965346
metropt,0,damped_trend_24_0.9,20,0.7937668650062951
metropt,0,damped_trend_24_0.9,21,0.8145357321352067
metropt,0,damped_trend_24_0.9,22,0.8342047883068707
metropt,0,damped_trend_24_0.9,23,0.8495650164916858
metropt,0,damped_trend_24_0.9,24,0.8599073598361402
metropt,0,recent_median_6,1,0.1906682661873371
metropt,0,recent_median_6,2,0.23661888634921738
metropt,0,recent_median_6,3,0.2827973224628169
metropt,0,recent_median_6,4,0.3267708545780698
metropt,0,recent_median_6,5,0.3719305112407688
metropt,0,recent_median_6,6,0.41412965953826253
metropt,0,recent_median_6,7,0.45890853160855816
metropt,0,recent_median_6,8,0.5005898369830866
metropt,0,recent_median_6,9,0.5419076807656603
metropt,0,recent_median_6,10,0.5796457096649023
metropt,0,recent_median_6,11,0.6148959831629631
metropt,0,recent_median_6,12,0.6458628087977077
metropt,0,recent_median_6,13,0.6725370266561506
metropt,0,recent_median_6,14,0.6962623711046012
metropt,0,recent_median_6,15,0.7169131641749058
metropt,0,recent_median_6,16,0.7363101626811641
metropt,0,recent_median_6,17,0.7562746659448942
metropt,0,recent_median_6,18,0.7767474658294663
metropt,0,recent_median_6,19,0.7957033973325742
metropt,0,recent_median_6,20,0.8162965123337127
metropt,0,recent_median_6,21,0.8346614831100864
metropt,0,recent_median_6,22,0.8521533280938934
metropt,0,recent_median_6,23,0.8683473639918456
metropt,0,recent_median_6,24,0.8860886776910643
metropt,0,recent_median_12,1,0.3230463427049859
metropt,0,recent_median_12,2,0.36696665647680404
metropt,0,recent_median_12,3,0.4114336933423702
metropt,0,recent_median_12,4,0.45354350375425156
metropt,0,recent_median_12,5,0.49682637295705406
metropt,0,recent_median_12,6,0.5365436378901901
metropt,0,recent_median_12,7,0.5773751655303805
metropt,0,recent_median_12,8,0.6107499926549786
metropt,0,recent_median_12,9,0.64080339669381
metropt,0,recent_median_12,10,0.666148059410015
metropt,0,recent_median_12,11,0.6899988967267244
metropt,0,recent_median_12,12,0.7126956530525835
metropt,0,recent_median_12,13,0.7340168506106897
metropt,0,recent_median_12,14,0.7542073175014504
metropt,0,recent_median_12,15,0.7723478392606845
metropt,0,recent_median_12,16,0.7896520743569341
metropt,0,recent_median_12,17,0.8079510856986405
metropt,0,recent_median_12,18,0.8267092141294589
metropt,0,recent_median_12,19,0.8442282791021859
metropt,0,recent_median_12,20,0.8631332864306337
metropt,0,recent_median_12,21,0.8800445098306694
metropt,0,recent_median_12,22,0.8959297957927823
metropt,0,recent_median_12,23,0.9106862286847424
metropt,0,recent_median_12,24,0.9268535807818085
metropt,0,recent_median_24,1,0.5472601928551364
metropt,0,recent_median_24,2,0.58110895952971
metropt,0,recent_median_24,3,0.6107692130215538
metropt,0,recent_median_24,4,0.6379798239883444
metropt,0,recent_median_24,5,0.662557200667366
metropt,0,recent_median_24,6,0.6837745319485392
metropt,0,recent_median_24,7,0.7079229191294526
metropt,0,recent_median_24,8,0.7275535914500635
metropt,0,recent_median_24,9,0.7472116090288888
metropt,0,recent_median_24,10,0.7661683930928438
metropt,0,recent_median_24,11,0.7849201772498643
metropt,0,recent_median_24,12,0.8026435211102222
metropt,0,recent_median_24,13,0.8199456961910282
metropt,0,recent_median_24,14,0.836614093336667
metropt,0,recent_median_24,15,0.8515593916270557
metropt,0,recent_median_24,16,0.8656264850330702
metropt,0,recent_median_24,17,0.8809487827008883
metropt,0,recent_median_24,18,0.8964673736343628
metropt,0,recent_median_24,19,0.9110013063568397
metropt,0,recent_median_24,20,0.9270662619237144
metropt,0,recent_median_24,21,0.9412128199125934
metropt,0,recent_median_24,22,0.9538508119498779
metropt,0,recent_median_24,23,0.9656991974095244
metropt,0,recent_median_24,24,0.9789325773409248
metropt,0,holt_0.3_0.1_0.8,1,0.16218022555700948
metropt,0,holt_0.3_0.1_0.8,2,0.20421371224826548
metropt,0,holt_0.3_0.1_0.8,3,0.24608453604850913
metropt,0,holt_0.3_0.1_0.8,4,0.2865123673921538
metropt,0,holt_0.3_0.1_0.8,5,0.32884936892261984
metropt,0,holt_0.3_0.1_0.8,6,0.3702615531954764
metropt,0,holt_0.3_0.1_0.8,7,0.4201416778529809
metropt,0,holt_0.3_0.1_0.8,8,0.46440525231285507
metropt,0,holt_0.3_0.1_0.8,9,0.5057363978884417
metropt,0,holt_0.3_0.1_0.8,10,0.5440199674228389
metropt,0,holt_0.3_0.1_0.8,11,0.5814345224111855
metropt,0,holt_0.3_0.1_0.8,12,0.6190916966113988
metropt,0,holt_0.3_0.1_0.8,13,0.6578912474742894
metropt,0,holt_0.3_0.1_0.8,14,0.6883224543817124
metropt,0,holt_0.3_0.1_0.8,15,0.7109905869341405
metropt,0,holt_0.3_0.1_0.8,16,0.7304040797305179
metropt,0,holt_0.3_0.1_0.8,17,0.7499841418021901
metropt,0,holt_0.3_0.1_0.8,18,0.7713541388100315
metropt,0,holt_0.3_0.1_0.8,19,0.7964681094782808
metropt,0,holt_0.3_0.1_0.8,20,0.8196953356273405
metropt,0,holt_0.3_0.1_0.8,21,0.8378112639226339
metropt,0,holt_0.3_0.1_0.8,22,0.8544451187271341
metropt,0,holt_0.3_0.1_0.8,23,0.8692030004574437
metropt,0,holt_0.3_0.1_0.8,24,0.8875378051741448
metropt,0,holt_0.3_0.1_0.95,1,0.17432174878103285
metropt,0,holt_0.3_0.1_0.95,2,0.2213296707143913
metropt,0,holt_0.3_0.1_0.95,3,0.2684193966902094
metropt,0,holt_0.3_0.1_0.95,4,0.3146733763808697
metropt,0,holt_0.3_0.1_0.95,5,0.3633368170106328
metropt,0,holt_0.3_0.1_0.95,6,0.41147508466828725
metropt,0,holt_0.3_0.1_0.95,7,0.46925404682235333
metropt,0,holt_0.3_0.1_0.95,8,0.5217980769844259
metropt,0,holt_0.3_0.1_0.95,9,0.5717351842378423
metropt,0,holt_0.3_0.1_0.95,10,0.6189564374904949
metropt,0,holt_0.3_0.1_0.95,11,0.666163180443691
metropt,0,holt_0.3_0.1_0.95,12,0.7153672442674133
metropt,0,holt_0.3_0.1_0.95,13,0.7671043881835163
metropt,0,holt_0.3_0.1_0.95,14,0.8086465318740564
metropt,0,holt_0.3_0.1_0.95,15,0.8406749710364848
metropt,0,holt_0.3_0.1_0.95,16,0.8679783717735682
metropt,0,holt_0.3_0.1_0.95,17,0.8945981797386546
metropt,0,holt_0.3_0.1_0.95,18,0.9235976367420656
metropt,0,holt_0.3_0.1_0.95,19,0.957963374759583
metropt,0,holt_0.3_0.1_0.95,20,0.989131423697512
metropt,0,holt_0.3_0.1_0.95,21,1.0145813019552892
metropt,0,holt_0.3_0.1_0.95,22,1.0370061096418373
metropt,0,holt_0.3_0.1_0.95,23,1.0566472093980386
metropt,0,holt_0.3_0.1_0.95,24,1.0811670002217715
metropt,0,history_local,1,0.07218110938030892
metropt,0,history_local,2,0.11748570888460208
metropt,0,history_local,3,0.16245960506206078
metropt,0,history_local,4,0.20587907543500888
metropt,0,history_local,5,0.2503175038172016
metropt,0,history_local,6,0.2908058738815759
metropt,0,history_local,7,0.3382128499029408
metropt,0,history_local,8,0.38153457011732844
metropt,0,history_local,9,0.4246517162094986
metropt,0,history_local,10,0.4661750808754815
metropt,0,history_local,11,0.5083452999034778
metropt,0,history_local,12,0.5495281896772807
metropt,0,history_local,13,0.5919908184056201
metropt,0,history_local,14,0.6262322137539305
metropt,0,history_local,15,0.6533800933650087
metropt,0,history_local,16,0.6768032497715091
metropt,0,history_local,17,0.6995495837995299
metropt,0,history_local,18,0.7216570901047621
metropt,0,history_local,19,0.7449572460903704
metropt,0,history_local,20,0.7686140392732076
metropt,0,history_local,21,0.7895849480393332
metropt,0,history_local,22,0.8095197204346343
metropt,0,history_local,23,0.827298206840102
metropt,0,history_local,24,0.8460886571952695
metropt,0,mean_bank,1,0.1915321042628064
metropt,0,mean_bank,2,0.23273053634598695
metropt,0,mean_bank,3,0.2726389094796995
metropt,0,mean_bank,4,0.3108807775200674
metropt,0,mean_bank,5,0.349668823671462
metropt,0,mean_bank,6,0.383321765525217
metropt,0,mean_bank,7,0.4295854997330897
metropt,0,mean_bank,8,0.4699774022394969
metropt,0,mean_bank,9,0.5077124174539296
metropt,0,mean_bank,10,0.5425247412546133
metropt,0,mean_bank,11,0.5758234580256478
metropt,0,mean_bank,12,0.6052999481557048
metropt,0,mean_bank,13,0.6426324105304111
metropt,0,mean_bank,14,0.6725096279533153
metropt,0,mean_bank,15,0.6953582465257643
metropt,0,mean_bank,16,0.7154977841375806
metropt,0,mean_bank,17,0.7346613088540342
metropt,0,mean_bank,18,0.7518008593776861
metropt,0,mean_bank,19,0.7770759980471028
metropt,0,mean_bank,20,0.8007693122135318
metropt,0,mean_bank,21,0.8198779853136442
metropt,0,mean_bank,22,0.8375208497907878
metropt,0,mean_bank,23,0.8522148203040106
metropt,0,mean_bank,24,0.866198140238939
metropt,17,moirai,1,0.15701764653250325
metropt,17,moirai,2,0.19175936273686747
metropt,17,moirai,3,0.22745919974202944
metropt,17,moirai,4,0.2607863113847637
metropt,17,moirai,5,0.2924453083129881
metropt,17,moirai,6,0.32319851694899077
metropt,17,moirai,7,0.3557971489740274
metropt,17,moirai,8,0.3853235984179879
metropt,17,moirai,9,0.4147989169497923
metropt,17,moirai,10,0.44346996040725356
metropt,17,moirai,11,0.4696400433022241
metropt,17,moirai,12,0.4937445418794634
metropt,17,moirai,13,0.5198329982472526
metropt,17,moirai,14,0.5438363169301726
metropt,17,moirai,15,0.5670054648128398
metropt,17,moirai,16,0.5893961146623067
metropt,17,moirai,17,0.5941090297926392
metropt,17,moirai,18,0.6140052056500308
metropt,17,moirai,19,0.6360981204019001
metropt,17,moirai,20,0.6562527643434273
metropt,17,moirai,21,0.6737911232460109
metropt,17,moirai,22,0.6943407542672364
metropt,17,moirai,23,0.7126628697669369
metropt,17,moirai,24,0.7335153061241292
metropt,17,gaugeformer_v13,1,0.1327726716273046
metropt,17,gaugeformer_v13,2,0.16847270298717468
metropt,17,gaugeformer_v13,3,0.20471357093240614
metropt,17,gaugeformer_v13,4,0.23864554294390655
metropt,17,gaugeformer_v13,5,0.27150426817667167
metropt,17,gaugeformer_v13,6,0.3034684266633676
metropt,17,gaugeformer_v13,7,0.33801751756110315
metropt,17,gaugeformer_v13,8,0.36994997226834586
metropt,17,gaugeformer_v13,9,0.4017840732093884
metropt,17,gaugeformer_v13,10,0.43303605443791154
metropt,17,gaugeformer_v13,11,0.46189185457196474
metropt,17,gaugeformer_v13,12,0.488868013124805
metropt,17,gaugeformer_v13,13,0.5176987509008152
metropt,17,gaugeformer_v13,14,0.544010177031109
metropt,17,gaugeformer_v13,15,0.5679645790851483
metropt,17,gaugeformer_v13,16,0.5909043871514664
metropt,17,gaugeformer_v13,17,0.5953165926671015
metropt,17,gaugeformer_v13,18,0.6153144551328086
metropt,17,gaugeformer_v13,19,0.6383462704348049
metropt,17,gaugeformer_v13,20,0.6594837126846318
metropt,17,gaugeformer_v13,21,0.6768626028498388
metropt,17,gaugeformer_v13,22,0.6973653952450093
metropt,17,gaugeformer_v13,23,0.7157051554420871
metropt,17,gaugeformer_v13,24,0.7365014413794037
metropt,17,blend_persistence,1,0.11449000882391606
metropt,17,blend_persistence,2,0.15775532653245672
metropt,17,blend_persistence,3,0.19961090616422644
metropt,17,blend_persistence,4,0.2384072154153517
metropt,17,blend_persistence,5,0.27544694825352495
metropt,17,blend_persistence,6,0.30661635310056107
metropt,17,blend_persistence,7,0.35020766869239484
metropt,17,blend_persistence,8,0.3883217953494199
metropt,17,blend_persistence,9,0.42427201545277576
metropt,17,blend_persistence,10,0.4588371228422759
metropt,17,blend_persistence,11,0.49088583191136376
metropt,17,blend_persistence,12,0.5178463901083658
metropt,17,blend_persistence,13,0.5557502782590191
metropt,17,blend_persistence,14,0.5864143087206186
metropt,17,blend_persistence,15,0.6113101618044613
metropt,17,blend_persistence,16,0.6339104257919929
metropt,17,blend_persistence,17,0.6312389631210609
metropt,17,blend_persistence,18,0.6480945076868381
metropt,17,blend_persistence,19,0.6758808728803497
metropt,17,blend_persistence,20,0.6997499947129151
metropt,17,blend_persistence,21,0.7188040514003047
metropt,17,blend_persistence,22,0.7388821525142727
metropt,17,blend_persistence,23,0.7556093193298937
metropt,17,blend_persistence,24,0.7711717726755601
metropt,17,blend_history,1,0.10950562326222038
metropt,17,blend_history,2,0.148904890315956
metropt,17,blend_history,3,0.18890920461416358
metropt,17,blend_history,4,0.22688323783650743
metropt,17,blend_history,5,0.2645341256699343
metropt,17,blend_history,6,0.2998232108931029
metropt,17,blend_history,7,0.3390721152476765
metropt,17,blend_history,8,0.3750597912777804
metropt,17,blend_history,9,0.4108156817181669
metropt,17,blend_history,10,0.4454198285375921
metropt,17,blend_history,11,0.4789925306344912
metropt,17,blend_history,12,0.511056888780125
metropt,17,blend_history,13,0.5451150576697218
metropt,17,blend_history,14,0.5743716032090302
metropt,17,blend_history,15,0.5996622534514273
metropt,17,blend_history,16,0.6226206272853736
metropt,17,blend_history,17,0.6245005083476496
metropt,17,blend_history,18,0.6454869997894344
metropt,17,blend_history,19,0.6689648321182318
metropt,17,blend_history,20,0.6914650975467752
metropt,17,blend_history,21,0.710859020602317
metropt,17,blend_history,22,0.7313234370813992
metropt,17,blend_history,23,0.749778976052743
metropt,17,blend_history,24,0.7703526654228503
metropt,29,moirai,1,0.15550517022250235
metropt,29,moirai,2,0.19018932279820308
metropt,29,moirai,3,0.22587059703817627
metropt,29,moirai,4,0.25907172473634693
metropt,29,moirai,5,0.29171516534722236
metropt,29,moirai,6,0.3223605300930613
metropt,29,moirai,7,0.35567577147059515
metropt,29,moirai,8,0.38508434149695375
metropt,29,moirai,9,0.41465231182744766
metropt,29,moirai,10,0.4433006453647517
metropt,29,moirai,11,0.4697478704365237
metropt,29,moirai,12,0.4938562545571114
metropt,29,moirai,13,0.5201292225689943
metropt,29,moirai,14,0.5444025066942282
metropt,29,moirai,15,0.5676616084543705
metropt,29,moirai,16,0.5905645642445814
metropt,29,moirai,17,0.5956494432733408
metropt,29,moirai,18,0.6167792231682601
metropt,29,moirai,19,0.6387579944695667
metropt,29,moirai,20,0.6587329217657876
metropt,29,moirai,21,0.6764717251093878
metropt,29,moirai,22,0.6980418471939406
metropt,29,moirai,23,0.7162625774305574
metropt,29,moirai,24,0.7373027872332243
metropt,29,gaugeformer_v13,1,0.1315758997074253
metropt,29,gaugeformer_v13,2,0.16716969174997134
metropt,29,gaugeformer_v13,3,0.20337703208923366
metropt,29,gaugeformer_v13,4,0.23736981700194756
metropt,29,gaugeformer_v13,5,0.27095741703262793
metropt,29,gaugeformer_v13,6,0.30293665396247343
metropt,29,gaugeformer_v13,7,0.33798345349191194
metropt,29,gaugeformer_v13,8,0.3699445674777053
metropt,29,gaugeformer_v13,9,0.4019837670180858
metropt,29,gaugeformer_v13,10,0.43316152121849344
metropt,29,gaugeformer_v13,11,0.46240734912821324
metropt,29,gaugeformer_v13,12,0.48939941214692806
metropt,29,gaugeformer_v13,13,0.5183654588308728
metropt,29,gaugeformer_v13,14,0.544967004407701
metropt,29,gaugeformer_v13,15,0.5689837944300948
metropt,29,gaugeformer_v13,16,0.592449703764381
metropt,29,gaugeformer_v13,17,0.5973767392867843
metropt,29,gaugeformer_v13,18,0.6183133587952054
metropt,29,gaugeformer_v13,19,0.6413195601919643
metropt,29,gaugeformer_v13,20,0.6624083193602746
metropt,29,gaugeformer_v13,21,0.6799863419582907
metropt,29,gaugeformer_v13,22,0.7012936995848301
metropt,29,gaugeformer_v13,23,0.7195094140971585
metropt,29,gaugeformer_v13,24,0.7406298785697603
metropt,29,blend_persistence,1,0.11371944015552535
metropt,29,blend_persistence,2,0.15698277725831555
metropt,29,blend_persistence,3,0.19884187503389963
metropt,29,blend_persistence,4,0.2376452116574137
metropt,29,blend_persistence,5,0.2751738271376041
metropt,29,blend_persistence,6,0.30629045070873595
metropt,29,blend_persistence,7,0.3502400433529919
metropt,29,blend_persistence,8,0.388298887293191
metropt,29,blend_persistence,9,0.42433131502440363
metropt,29,blend_persistence,10,0.45887177906673765
metropt,29,blend_persistence,11,0.4911242926448026
metropt,29,blend_persistence,12,0.518111256966826
metropt,29,blend_persistence,13,0.5560665018677372
metropt,29,blend_persistence,14,0.5868397243790046
metropt,29,blend_persistence,15,0.6117996705732083
metropt,29,blend_persistence,16,0.6346764697587108
metropt,29,blend_persistence,17,0.6329847531580328
metropt,29,blend_persistence,18,0.6504286756008837
metropt,29,blend_persistence,19,0.6779817460005869
metropt,29,blend_persistence,20,0.7018727971801263
metropt,29,blend_persistence,21,0.7208900129354745
metropt,29,blend_persistence,22,0.7415089452467456
metropt,29,blend_persistence,23,0.7580614533096721
metropt,29,blend_persistence,24,0.7735072714646815
metropt,29,blend_history,1,0.10865738099537844
metropt,29,blend_history,2,0.14802550559128977
metropt,29,blend_history,3,0.18808854818971696
metropt,29,blend_history,4,0.22608671340831193
metropt,29,blend_history,5,0.2642147817180326
metropt,29,blend_history,6,0.29947375229317397
metropt,29,blend_history,7,0.3391127366207726
metropt,29,blend_history,8,0.3750189131141842
metropt,29,blend_history,9,0.4108812153713424
metropt,29,blend_history,10,0.44545344401699294
metropt,29,blend_history,11,0.4792091875725071
metropt,29,blend_history,12,0.5112787884937939
metropt,29,blend_history,13,0.5454451296529906
metropt,29,blend_history,14,0.5747972354593517
metropt,29,blend_history,15,0.6001365281863388
metropt,29,blend_history,16,0.6233523274335342
metropt,29,blend_history,17,0.6260013994696955
metropt,29,blend_history,18,0.6475669862957677
metropt,29,blend_history,19,0.6708458977416407
metropt,29,blend_history,20,0.6934057513343416
metropt,29,blend_history,21,0.7128050521303286
metropt,29,blend_history,22,0.7337878166954422
metropt,29,blend_history,23,0.7521597083751077
metropt,29,blend_history,24,0.7726384762373045
metropt,43,moirai,1,0.1562691616400708
metropt,43,moirai,2,0.1911551183811666
metropt,43,moirai,3,0.22691122047181597
metropt,43,moirai,4,0.2600468292619286
metropt,43,moirai,5,0.2920364658486007
metropt,43,moirai,6,0.32266325021039705
metropt,43,moirai,7,0.3556862745700223
metropt,43,moirai,8,0.3848595612812471
metropt,43,moirai,9,0.4145167512712721
metropt,43,moirai,10,0.4429621139258319
metropt,43,moirai,11,0.46859763225949547
metropt,43,moirai,12,0.49281667115667477
metropt,43,moirai,13,0.5190519966492522
metropt,43,moirai,14,0.5435151866441895
metropt,43,moirai,15,0.5664057587144731
metropt,43,moirai,16,0.5889373401031338
metropt,43,moirai,17,0.5938490903607347
metropt,43,moirai,18,0.6143297268178378
metropt,43,moirai,19,0.6360988610048723
metropt,43,moirai,20,0.6558675434427471
metropt,43,moirai,21,0.673551084783341
metropt,43,moirai,22,0.6950659386223678
metropt,43,moirai,23,0.7126839991921101
metropt,43,moirai,24,0.73356119647226
metropt,43,gaugeformer_v13,1,0.13211129821722797
metropt,43,gaugeformer_v13,2,0.16792792121650613
metropt,43,gaugeformer_v13,3,0.20425629492328753
metropt,43,gaugeformer_v13,4,0.23803144409454122
metropt,43,gaugeformer_v13,5,0.2711360154733092
metropt,43,gaugeformer_v13,6,0.30314021530843327
metropt,43,gaugeformer_v13,7,0.3379038196578334
metropt,43,gaugeformer_v13,8,0.3696086264462627
metropt,43,gaugeformer_v13,9,0.401606039548374
metropt,43,gaugeformer_v13,10,0.4326042616258217
metropt,43,gaugeformer_v13,11,0.46114798987417344
metropt,43,gaugeformer_v13,12,0.48827233740329773
metropt,43,gaugeformer_v13,13,0.5171220743253252
metropt,43,gaugeformer_v13,14,0.5436987382434993
metropt,43,gaugeformer_v13,15,0.5674790178028979
metropt,43,gaugeformer_v13,16,0.5905286167981901
metropt,43,gaugeformer_v13,17,0.5946059853595859
metropt,43,gaugeformer_v13,18,0.6149150780327746
metropt,43,gaugeformer_v13,19,0.6377197867818626
metropt,43,gaugeformer_v13,20,0.6585142209906713
metropt,43,gaugeformer_v13,21,0.6759419280089973
metropt,43,gaugeformer_v13,22,0.6968627829293785
metropt,43,gaugeformer_v13,23,0.7147753016494987
metropt,43,gaugeformer_v13,24,0.7355428171099188
metropt,43,blend_persistence,1,0.1140965640046605
metropt,43,blend_persistence,2,0.15737530487352855
metropt,43,blend_persistence,3,0.19923145443218573
metropt,43,blend_persistence,4,0.237918222312355
metropt,43,blend_persistence,5,0.2751192621248324
metropt,43,blend_persistence,6,0.30627849941656143
metropt,43,blend_persistence,7,0.35004199219799886
metropt,43,blend_persistence,8,0.388037479993024
metropt,43,blend_persistence,9,0.424152974338372
metropt,43,blend_persistence,10,0.4585850919068289
metropt,43,blend_persistence,11,0.49043467975857463
metropt,43,blend_persistence,12,0.5174355532137456
metropt,43,blend_persistence,13,0.5553263437102167
metropt,43,blend_persistence,14,0.5861798285139851
metropt,43,blend_persistence,15,0.6109346616961608
metropt,43,blend_persistence,16,0.6335690603883788
metropt,43,blend_persistence,17,0.63130674161865
metropt,43,blend_persistence,18,0.6483937690339092
metropt,43,blend_persistence,19,0.6759182094135237
metropt,43,blend_persistence,20,0.6997092608691218
metropt,43,blend_persistence,21,0.7186413813131126
metropt,43,blend_persistence,22,0.7391100908324134
metropt,43,blend_persistence,23,0.7555521316492965
metropt,43,blend_persistence,24,0.7708044544756608
metropt,43,blend_history,1,0.1089822963529629
metropt,43,blend_history,2,0.14833997939602306
metropt,43,blend_history,3,0.18840262447929432
metropt,43,blend_history,4,0.22629305250283138
metropt,43,blend_history,5,0.2640990325785793
metropt,43,blend_history,6,0.2993909091841902
metropt,43,blend_history,7,0.3388183300592389
metropt,43,blend_history,8,0.3746785754363293
metropt,43,blend_history,9,0.41058993163087676
metropt,43,blend_history,10,0.4450530859804772
metropt,43,blend_history,11,0.4784297248541029
metropt,43,blend_history,12,0.51053463182678
metropt,43,blend_history,13,0.5446003140930027
metropt,43,blend_history,14,0.5740777229069439
metropt,43,blend_history,15,0.5991692738903477
metropt,43,blend_history,16,0.6221860299560641
metropt,43,blend_history,17,0.6243262514638256
metropt,43,blend_history,18,0.6455240303608781
metropt,43,blend_history,19,0.668834028519792
metropt,43,blend_history,20,0.6912555864656538
metropt,43,blend_history,21,0.7105678991083315
metropt,43,blend_history,22,0.7314748056806317
metropt,43,blend_history,23,0.749622633449241
metropt,43,blend_history,24,0.769920239053615
metropt,71,moirai,1,0.15553493453838835
metropt,71,moirai,2,0.19045996014469824
metropt,71,moirai,3,0.2267163682652202
metropt,71,moirai,4,0.2597840088783933
metropt,71,moirai,5,0.2923689522345391
metropt,71,moirai,6,0.32345609378020723
metropt,71,moirai,7,0.3564909628757184
metropt,71,moirai,8,0.38637162682193843
metropt,71,moirai,9,0.41668731832514005
metropt,71,moirai,10,0.44523212028570464
metropt,71,moirai,11,0.4717320275841175
metropt,71,moirai,12,0.4959979769830873
metropt,71,moirai,13,0.5221510186297192
metropt,71,moirai,14,0.5469738990908662
metropt,71,moirai,15,0.5699333012161625
metropt,71,moirai,16,0.5928317846941784
metropt,71,moirai,17,0.596883512106161
metropt,71,moirai,18,0.6173593118977624
metropt,71,moirai,19,0.6401941561209276
metropt,71,moirai,20,0.6600653239203148
metropt,71,moirai,21,0.6776372462040451
metropt,71,moirai,22,0.6986714413923958
metropt,71,moirai,23,0.716925481841615
metropt,71,moirai,24,0.7382583063419383
metropt,71,gaugeformer_v13,1,0.13166815393133083
metropt,71,gaugeformer_v13,2,0.16750228932577604
metropt,71,gaugeformer_v13,3,0.20432840685269413
metropt,71,gaugeformer_v13,4,0.23812466886126826
metropt,71,gaugeformer_v13,5,0.27171913683121196
metropt,71,gaugeformer_v13,6,0.30401960466524885
metropt,71,gaugeformer_v13,7,0.3390929508259193
metropt,71,gaugeformer_v13,8,0.371244248539976
metropt,71,gaugeformer_v13,9,0.4038764363537771
metropt,71,gaugeformer_v13,10,0.43504505310516395
metropt,71,gaugeformer_v13,11,0.4643173920990788
metropt,71,gaugeformer_v13,12,0.49148972748187947
metropt,71,gaugeformer_v13,13,0.5206355778142773
metropt,71,gaugeformer_v13,14,0.5474203873756052
metropt,71,gaugeformer_v13,15,0.5713694277470225
metropt,71,gaugeformer_v13,16,0.5945978656753068
metropt,71,gaugeformer_v13,17,0.5987243153092527
metropt,71,gaugeformer_v13,18,0.6190555517489131
metropt,71,gaugeformer_v13,19,0.642677210599682
metropt,71,gaugeformer_v13,20,0.6636506825404613
metropt,71,gaugeformer_v13,21,0.6813054639312015
metropt,71,gaugeformer_v13,22,0.7020205885324748
metropt,71,gaugeformer_v13,23,0.7203386493944491
metropt,71,gaugeformer_v13,24,0.7415799153746951
metropt,71,blend_persistence,1,0.11386347761473753
metropt,71,blend_persistence,2,0.15720045559806978
metropt,71,blend_persistence,3,0.19932149088215315
metropt,71,blend_persistence,4,0.23807596114411175
metropt,71,blend_persistence,5,0.2756295069672379
metropt,71,blend_persistence,6,0.3069855013710787
metropt,71,blend_persistence,7,0.35087892759141726
metropt,71,blend_persistence,8,0.3892014955296538
metropt,71,blend_persistence,9,0.4255809089304666
metropt,71,blend_persistence,10,0.4601597104012992
metropt,71,blend_persistence,11,0.49242919927742723
metropt,71,blend_persistence,12,0.5194583274496508
metropt,71,blend_persistence,13,0.5574027111049614
metropt,71,blend_persistence,14,0.5883795724879896
metropt,71,blend_persistence,15,0.6132001153839124
metropt,71,blend_persistence,16,0.6360040675685964
metropt,71,blend_persistence,17,0.6338478350193975
metropt,71,blend_persistence,18,0.6510621058025102
metropt,71,blend_persistence,19,0.6790663517941253
metropt,71,blend_persistence,20,0.7029441762297863
metropt,71,blend_persistence,21,0.7220340952561392
metropt,71,blend_persistence,22,0.742215703016253
metropt,71,blend_persistence,23,0.758915606940377
metropt,71,blend_persistence,24,0.7743829231374756
metropt,71,blend_history,1,0.10865989196395662
metropt,71,blend_history,2,0.14812432472353734
metropt,71,blend_history,3,0.18841369992702542
metropt,71,blend_history,4,0.22635940591386788
metropt,71,blend_history,5,0.2645034600666818
metropt,71,blend_history,6,0.30000021578297353
metropt,71,blend_history,7,0.3395491929686082
metropt,71,blend_history,8,0.375705094746833
metropt,71,blend_history,9,0.4119026249657086
metropt,71,blend_history,10,0.44651928961755005
metropt,71,blend_history,11,0.4803272694411376
metropt,71,blend_history,12,0.5124690651608899
metropt,71,blend_history,13,0.5465819052960543
metropt,71,blend_history,14,0.57618186772214
metropt,71,blend_history,15,0.6013738305593141
metropt,71,blend_history,16,0.6245524741520027
metropt,71,blend_history,17,0.6266559214292164
metropt,71,blend_history,18,0.6479860658380203
metropt,71,blend_history,19,0.671771140379761
metropt,71,blend_history,20,0.6943289799853917
metropt,71,blend_history,21,0.7137903346678218
metropt,71,blend_history,22,0.7343638808060708
metropt,71,blend_history,23,0.7529000187913453
metropt,71,blend_history,24,0.7733833413840251
metropt,101,moirai,1,0.15640989575731676
metropt,101,moirai,2,0.19077769960388397
metropt,101,moirai,3,0.22619150976582658
metropt,101,moirai,4,0.2592544947355192
metropt,101,moirai,5,0.29137589035604905
metropt,101,moirai,6,0.3217765574675332
metropt,101,moirai,7,0.35445876526782527
metropt,101,moirai,8,0.38409887834911643
metropt,101,moirai,9,0.41367098759533094
metropt,101,moirai,10,0.4418104346736709
metropt,101,moirai,11,0.46805056344320556
metropt,101,moirai,12,0.4921881544621316
metropt,101,moirai,13,0.5180406807022525
metropt,101,moirai,14,0.542604633246711
metropt,101,moirai,15,0.5652522226378227
metropt,101,moirai,16,0.587999914730524
metropt,101,moirai,17,0.5949320856212172
metropt,101,moirai,18,0.6151780427132144
metropt,101,moirai,19,0.6373398206454897
metropt,101,moirai,20,0.6571725059841292
metropt,101,moirai,21,0.6751122143542598
metropt,101,moirai,22,0.6957396696069628
metropt,101,moirai,23,0.7134621576789342
metropt,101,moirai,24,0.7350612417293626
metropt,101,gaugeformer_v13,1,0.13232279621698903
metropt,101,gaugeformer_v13,2,0.16771232400318173
metropt,101,gaugeformer_v13,3,0.20365846698876539
metropt,101,gaugeformer_v13,4,0.23737163028071534
metropt,101,gaugeformer_v13,5,0.27051331508854726
metropt,101,gaugeformer_v13,6,0.30220471252864983
metropt,101,gaugeformer_v13,7,0.33682634537180844
metropt,101,gaugeformer_v13,8,0.36881418595548204
metropt,101,gaugeformer_v13,9,0.40069863795415556
metropt,101,gaugeformer_v13,10,0.43158200990793116
metropt,101,gaugeformer_v13,11,0.4605330647003847
metropt,101,gaugeformer_v13,12,0.4874602443179948
metropt,101,gaugeformer_v13,13,0.5162518347187406
metropt,101,gaugeformer_v13,14,0.5428355766249009
metropt,101,gaugeformer_v13,15,0.5665145826978766
metropt,101,gaugeformer_v13,16,0.5895918855399028
metropt,101,gaugeformer_v13,17,0.5959791099673751
metropt,101,gaugeformer_v13,18,0.616188456392694
metropt,101,gaugeformer_v13,19,0.6393077880039186
metropt,101,gaugeformer_v13,20,0.6600057309989733
metropt,101,gaugeformer_v13,21,0.6777810526415871
metropt,101,gaugeformer_v13,22,0.6982866943461019
metropt,101,gaugeformer_v13,23,0.7161350653344241
metropt,101,gaugeformer_v13,24,0.7374443154204892
metropt,101,blend_persistence,1,0.11409952242291853
metropt,101,blend_persistence,2,0.15715916431956614
metropt,101,blend_persistence,3,0.1988478940614714
metropt,101,blend_persistence,4,0.23754180372212474
metropt,101,blend_persistence,5,0.2748201908649452
metropt,101,blend_persistence,6,0.30580810343079645
metropt,101,blend_persistence,7,0.349485678068377
metropt,101,blend_persistence,8,0.387666925654916
metropt,101,blend_persistence,9,0.4236436680432055
metropt,101,blend_persistence,10,0.4580153371433399
metropt,101,blend_persistence,11,0.4900743894044056
metropt,101,blend_persistence,12,0.5170538036073274
metropt,101,blend_persistence,13,0.5548147202806026
metropt,101,blend_persistence,14,0.5857459429423993
metropt,101,blend_persistence,15,0.6104439454948477
metropt,101,blend_persistence,16,0.6331771620198904
metropt,101,blend_persistence,17,0.6314393370126496
metropt,101,blend_persistence,18,0.6485558094823503
metropt,101,blend_persistence,19,0.6763737128334072
metropt,101,blend_persistence,20,0.7000022869096458
metropt,101,blend_persistence,21,0.7193027700100549
metropt,101,blend_persistence,22,0.7393790308624101
metropt,101,blend_persistence,23,0.7557537868293913
metropt,101,blend_persistence,24,0.7715140221854382
metropt,101,blend_history,1,0.10898654045387134
metropt,101,blend_history,2,0.14818623145343096
metropt,101,blend_history,3,0.18808301456511065
metropt,101,blend_history,4,0.22598029853683785
metropt,101,blend_history,5,0.2638609439407872
metropt,101,blend_history,6,0.2990095557958821
metropt,101,blend_history,7,0.33835517144477767
metropt,101,blend_history,8,0.37440643313155214
metropt,101,blend_history,9,0.4102146162629712
metropt,101,blend_history,10,0.4446121890044676
metropt,101,blend_history,11,0.4781818050572444
metropt,101,blend_history,12,0.5102993516320572
metropt,101,blend_history,13,0.5442282739684056
metropt,101,blend_history,14,0.5737244268105145
metropt,101,blend_history,15,0.5988057437892383
metropt,101,blend_history,16,0.6219023859248681
metropt,101,blend_history,17,0.6248061403910127
metropt,101,blend_history,18,0.645990485459928
metropt,101,blend_history,19,0.6695148172335766
metropt,101,blend_history,20,0.6917342289468519
metropt,101,blend_history,21,0.7113971809686473
metropt,101,blend_history,22,0.7318611175633432
metropt,101,blend_history,23,0.7499496389984388
metropt,101,blend_history,24,0.7707137398964786
pmsm,0,persistence,1,0.006739354455225387
pmsm,0,persistence,2,0.012578567951629342
pmsm,0,persistence,3,0.017862417124713512
pmsm,0,persistence,4,0.02271536721617054
pmsm,0,persistence,5,0.0272196186792161
pmsm,0,persistence,6,0.031170973730742468
pmsm,0,persistence,7,0.03454421704907388
pmsm,0,persistence,8,0.037510232321957486
pmsm,0,persistence,9,0.04031470767475901
pmsm,0,persistence,10,0.042788238290369256
pmsm,0,persistence,11,0.045033928984118975
pmsm,0,persistence,12,0.04717072629722143
pmsm,0,persistence,13,0.049264661672383074
pmsm,0,persistence,14,0.05148005671580544
pmsm,0,persistence,15,0.05381791366936786
pmsm,0,persistence,16,0.05600606916546553
pmsm,0,persistence,17,0.058115343351618144
pmsm,0,persistence,18,0.060164121636045925
pmsm,0,persistence,19,0.062018636686629165
pmsm,0,persistence,20,0.06383071803297342
pmsm,0,persistence,21,0.06550642650871404
pmsm,0,persistence,22,0.06701881310104091
pmsm,0,persistence,23,0.06855119021547602
pmsm,0,persistence,24,0.07033412517473794
pmsm,0,damped_trend_12_0.8,1,0.006654472614566813
pmsm,0,damped_trend_12_0.8,2,0.012667786159039898
pmsm,0,damped_trend_12_0.8,3,0.01812490929567381
pmsm,0,damped_trend_12_0.8,4,0.023094690461648828
pmsm,0,damped_trend_12_0.8,5,0.027778170205412803
pmsm,0,damped_trend_12_0.8,6,0.031916194614028365
pmsm,0,damped_trend_12_0.8,7,0.035541956558128356
pmsm,0,damped_trend_12_0.8,8,0.03877858876250747
pmsm,0,damped_trend_12_0.8,9,0.04171027199077301
pmsm,0,damped_trend_12_0.8,10,0.044336919409419445
pmsm,0,damped_trend_12_0.8,11,0.04672078123400363
pmsm,0,damped_trend_12_0.8,12,0.04899339302272262
pmsm,0,damped_trend_12_0.8,13,0.051260110724315355
pmsm,0,damped_trend_12_0.8,14,0.053562154279995715
pmsm,0,damped_trend_12_0.8,15,0.055894638072485674
pmsm,0,damped_trend_12_0.8,16,0.05817692104333677
pmsm,0,damped_trend_12_0.8,17,0.06041085153264215
pmsm,0,damped_trend_12_0.8,18,0.0625275497551087
pmsm,0,damped_trend_12_0.8,19,0.06448081109261017
pmsm,0,damped_trend_12_0.8,20,0.06639212687131428
pmsm,0,damped_trend_12_0.8,21,0.06810352966679649
pmsm,0,damped_trend_12_0.8,22,0.06960529422294964
pmsm,0,damped_trend_12_0.8,23,0.07118619668694409
pmsm,0,damped_trend_12_0.8,24,0.07302593709736287
pmsm,0,damped_trend_24_0.9,1,0.006852045488167587
pmsm,0,damped_trend_24_0.9,2,0.012971181746183204
pmsm,0,damped_trend_24_0.9,3,0.0185907784229775
pmsm,0,damped_trend_24_0.9,4,0.023746720049985865
pmsm,0,damped_trend_24_0.9,5,0.028621009898755958
pmsm,0,damped_trend_24_0.9,6,0.03303306774123279
pmsm,0,damped_trend_24_0.9,7,0.036865335651096544
pmsm,0,damped_trend_24_0.9,8,0.040257474523017485
pmsm,0,damped_trend_24_0.9,9,0.04341531599301816
pmsm,0,damped_trend_24_0.9,10,0.046242774027735765
pmsm,0,damped_trend_24_0.9,11,0.048871466049078376
pmsm,0,damped_trend_24_0.9,12,0.05135500544706965
pmsm,0,damped_trend_24_0.9,13,0.05373693310945846
pmsm,0,damped_trend_24_0.9,14,0.05615769926454497
pmsm,0,damped_trend_24_0.9,15,0.05865226035681426
pmsm,0,damped_trend_24_0.9,16,0.061004323909301994
pmsm,0,damped_trend_24_0.9,17,0.06331755017085251
pmsm,0,damped_trend_24_0.9,18,0.06552296757404624
pmsm,0,damped_trend_24_0.9,19,0.06754941047049154
pmsm,0,damped_trend_24_0.9,20,0.06948425778952132
pmsm,0,damped_trend_24_0.9,21,0.07127607351113607
pmsm,0,damped_trend_24_0.9,22,0.07287074207745807
pmsm,0,damped_trend_24_0.9,23,0.07446168636397597
pmsm,0,damped_trend_24_0.9,24,0.07635806908759023
pmsm,0,recent_median_6,1,0.018875002868924035
pmsm,0,recent_median_6,2,0.023527942412287648
pmsm,0,recent_median_6,3,0.027745708574957364
pmsm,0,recent_median_6,4,0.031706150795001255
pmsm,0,recent_median_6,5,0.035546847679762704
pmsm,0,recent_median_6,6,0.03893635703597859
pmsm,0,recent_median_6,7,0.04177958791111424
pmsm,0,recent_median_6,8,0.04427912899826899
pmsm,0,recent_median_6,9,0.046529104482319616
pmsm,0,recent_median_6,10,0.04864061908694656
pmsm,0,recent_median_6,11,0.0506146365098345
pmsm,0,recent_median_6,12,0.05241626878696737
pmsm,0,recent_median_6,13,0.05417704769118012
pmsm,0,recent_median_6,14,0.05603373639215955
pmsm,0,recent_median_6,15,0.057972291249210356
pmsm,0,recent_median_6,16,0.059781568157039895
pmsm,0,recent_median_6,17,0.06174828320392262
pmsm,0,recent_median_6,18,0.06374396861265458
pmsm,0,recent_median_6,19,0.06564482209779877
pmsm,0,recent_median_6,20,0.06748146314276547
pmsm,0,recent_median_6,21,0.06912252742570416
pmsm,0,recent_median_6,22,0.0705902203598728
pmsm,0,recent_median_6,23,0.07206519022407427
pmsm,0,recent_median_6,24,0.07383551418530802
pmsm,0,recent_median_12,1,0.028558519611707304
pmsm,0,recent_median_12,2,0.03240968537225071
pmsm,0,recent_median_12,3,0.035889153998670445
pmsm,0,recent_median_12,4,0.03923671438788789
pmsm,0,recent_median_12,5,0.042508398510078184
pmsm,0,recent_median_12,6,0.04541731737963994
pmsm,0,recent_median_12,7,0.04788274253695656
pmsm,0,recent_median_12,8,0.05004510807245099
pmsm,0,recent_median_12,9,0.052101884331022696
pmsm,0,recent_median_12,10,0.05400353302437971
pmsm,0,recent_median_12,11,0.05574836731487718
pmsm,0,recent_median_12,12,0.05737829323727504
pmsm,0,recent_median_12,13,0.05891449437517615
pmsm,0,recent_median_12,14,0.06063811868424798
pmsm,0,recent_median_12,15,0.06253184506279745
pmsm,0,recent_median_12,16,0.06427572407329973
pmsm,0,recent_median_12,17,0.06613215396581375
pmsm,0,recent_median_12,18,0.06797046158345518
pmsm,0,recent_median_12,19,0.0696937619386378
pmsm,0,recent_median_12,20,0.0713474223873239
pmsm,0,recent_median_12,21,0.07290701092979779
pmsm,0,recent_median_12,22,0.07427254126193499
pmsm,0,recent_median_12,23,0.07554516118635249
pmsm,0,recent_median_12,24,0.07712461379198514
pmsm,0,recent_median_24,1,0.04243631812764778
pmsm,0,recent_median_24,2,0.04538759608067438
pmsm,0,recent_median_24,3,0.04804887659077737
pmsm,0,recent_median_24,4,0.05070775885339091
pmsm,0,recent_median_24,5,0.05325184714130133
pmsm,0,recent_median_24,6,0.055545074649423924
pmsm,0,recent_median_24,7,0.05756923699947424
pmsm,0,recent_median_24,8,0.05944752394972357
pmsm,0,recent_median_24,9,0.06124462999921885
pmsm,0,recent_median_24,10,0.06299909493771251
pmsm,0,recent_median_24,11,0.06465984289380193
pmsm,0,recent_median_24,12,0.06612354739468392
pmsm,0,recent_median_24,13,0.06749369594401687
pmsm,0,recent_median_24,14,0.06892414347643987
pmsm,0,recent_median_24,15,0.07045235321616426
pmsm,0,recent_median_24,16,0.0718321032857856
pmsm,0,recent_median_24,17,0.07331623103573738
pmsm,0,recent_median_24,18,0.07482759138054652
pmsm,0,recent_median_24,19,0.07613363642688857
pmsm,0,recent_median_24,20,0.077426540103781
pmsm,0,recent_median_24,21,0.07874430795148417
pmsm,0,recent_median_24,22,0.07991349793327064
pmsm,0,recent_median_24,23,0.08108457661520156
pmsm,0,recent_median_24,24,0.08256269360348607
pmsm,0,holt_0.3_0.1_0.8,1,0.014263165783195106
pmsm,0,holt_0.3_0.1_0.8,2,0.0187062211402118
pmsm,0,holt_0.3_0.1_0.8,3,0.02294685792374623
pmsm,0,holt_0.3_0.1_0.8,4,0.027120573588800174
pmsm,0,holt_0.3_0.1_0.8,5,0.031118406207691383
pmsm,0,holt_0.3_0.1_0.8,6,0.034679188863209816
pmsm,0,holt_0.3_0.1_0.8,7,0.037747128272973815
pmsm,0,holt_0.3_0.1_0.8,8,0.04039777619812148
pmsm,0,holt_0.3_0.1_0.8,9,0.04286634576934633
pmsm,0,holt_0.3_0.1_0.8,10,0.045182865108227034
pmsm,0,holt_0.3_0.1_0.8,11,0.04731698653372209
pmsm,0,holt_0.3_0.1_0.8,12,0.0492697541112106
pmsm,0,holt_0.3_0.1_0.8,13,0.05115279471126488
pmsm,0,holt_0.3_0.1_0.8,14,0.05315564871323686
pmsm,0,holt_0.3_0.1_0.8,15,0.055297406076077665
pmsm,0,holt_0.3_0.1_0.8,16,0.057315864208413
pmsm,0,holt_0.3_0.1_0.8,17,0.05939737018603345
pmsm,0,holt_0.3_0.1_0.8,18,0.061417768910063876
pmsm,0,holt_0.3_0.1_0.8,19,0.06329507550096546
pmsm,0,holt_0.3_0.1_0.8,20,0.06513599926469156
pmsm,0,holt_0.3_0.1_0.8,21,0.06682153837470613
pmsm,0,holt_0.3_0.1_0.8,22,0.06838907338983619
pmsm,0,holt_0.3_0.1_0.8,23,0.06995498403494377
pmsm,0,holt_0.3_0.1_0.8,24,0.07177222521679917
pmsm,0,holt_0.3_0.1_0.95,1,0.014648101450035061
pmsm,0,holt_0.3_0.1_0.95,2,0.01924289226797846
pmsm,0,holt_0.3_0.1_0.95,3,0.02370844577623907
pmsm,0,holt_0.3_0.1_0.95,4,0.02805142141659565
pmsm,0,holt_0.3_0.1_0.95,5,0.03223264504123862
pmsm,0,holt_0.3_0.1_0.95,6,0.036081257287274945
pmsm,0,holt_0.3_0.1_0.95,7,0.039513961915140484
pmsm,0,holt_0.3_0.1_0.95,8,0.042566238159889386
pmsm,0,holt_0.3_0.1_0.95,9,0.04543774278831206
pmsm,0,holt_0.3_0.1_0.95,10,0.04812934135691726
pmsm,0,holt_0.3_0.1_0.95,11,0.05067216683962317
pmsm,0,holt_0.3_0.1_0.95,12,0.05307267419865283
pmsm,0,holt_0.3_0.1_0.95,13,0.0554725613348396
pmsm,0,holt_0.3_0.1_0.95,14,0.05787770606661071
pmsm,0,holt_0.3_0.1_0.95,15,0.06038512282248438
pmsm,0,holt_0.3_0.1_0.95,16,0.06278537634555344
pmsm,0,holt_0.3_0.1_0.95,17,0.0652257251186417
pmsm,0,holt_0.3_0.1_0.95,18,0.06759256568570121
pmsm,0,holt_0.3_0.1_0.95,19,0.06986690478184174
pmsm,0,holt_0.3_0.1_0.95,20,0.07219138411714109
pmsm,0,holt_0.3_0.1_0.95,21,0.07429272868192503
pmsm,0,holt_0.3_0.1_0.95,22,0.0761532253404488
pmsm,0,holt_0.3_0.1_0.95,23,0.07801910582611597
pmsm,0,holt_0.3_0.1_0.95,24,0.08006186477671944
pmsm,0,history_local,1,0.006938472368941426
pmsm,0,history_local,2,0.01265159044082945
pmsm,0,history_local,3,0.017814499009162748
pmsm,0,history_local,4,0.022537625356075373
pmsm,0,history_local,5,0.026939640024286393
pmsm,0,history_local,6,0.03079493855186278
pmsm,0,history_local,7,0.03408134761518105
pmsm,0,history_local,8,0.03697739568016466
pmsm,0,history_local,9,0.039709858695241046
pmsm,0,history_local,10,0.04211876484020554
pmsm,0,history_local,11,0.044304943951389064
pmsm,0,history_local,12,0.04637908868862314
pmsm,0,history_local,13,0.048431586916456555
pmsm,0,history_local,14,0.05063028596329398
pmsm,0,history_local,15,0.052958645688772406
pmsm,0,history_local,16,0.0551405296133256
pmsm,0,history_local,17,0.05726186513247672
pmsm,0,history_local,18,0.059342563914579254
pmsm,0,history_local,19,0.06123584667537732
pmsm,0,history_local,20,0.0630708408934261
pmsm,0,history_local,21,0.06470520032012338
pmsm,0,history_local,22,0.06614701275958526
pmsm,0,history_local,23,0.06760076267826895
pmsm,0,history_local,24,0.06931674312029998
pmsm,0,mean_bank,1,0.015128891809622657
pmsm,0,mean_bank,2,0.01929433952761101
pmsm,0,mean_bank,3,0.023360529188089802
pmsm,0,mean_bank,4,0.027380480356884594
pmsm,0,mean_bank,5,0.03134462050347207
pmsm,0,mean_bank,6,0.03486412881363497
pmsm,0,mean_bank,7,0.037877664188470696
pmsm,0,mean_bank,8,0.04050119855292032
pmsm,0,mean_bank,9,0.042950227796295766
pmsm,0,mean_bank,10,0.045256193534890035
pmsm,0,mean_bank,11,0.047379652696606496
pmsm,0,mean_bank,12,0.049318841259556975
pmsm,0,mean_bank,13,0.05119726067606978
pmsm,0,mean_bank,14,0.053198081185745205
pmsm,0,mean_bank,15,0.05534912607979571
pmsm,0,mean_bank,16,0.05736566598862536
pmsm,0,mean_bank,17,0.0593863270970377
pmsm,0,mean_bank,18,0.06141368945584043
pmsm,0,mean_bank,19,0.06327103570908041
pmsm,0,mean_bank,20,0.06508970834711192
pmsm,0,mean_bank,21,0.0667748999492178
pmsm,0,mean_bank,22,0.06832240878270904
pmsm,0,mean_bank,23,0.06988704881465448
pmsm,0,mean_bank,24,0.07168523407447475
pmsm,17,moirai,1,0.006380249281818469
pmsm,17,moirai,2,0.011092953807476899
pmsm,17,moirai,3,0.016089187736866944
pmsm,17,moirai,4,0.02100283662722652
pmsm,17,moirai,5,0.02588413166018193
pmsm,17,moirai,6,0.030338150247571735
pmsm,17,moirai,7,0.03400555035129337
pmsm,17,moirai,8,0.03723997215166201
pmsm,17,moirai,9,0.040378684528129816
pmsm,17,moirai,10,0.04307991166967935
pmsm,17,moirai,11,0.045665602272240126
pmsm,17,moirai,12,0.04845702710597101
pmsm,17,moirai,13,0.050794599000511934
pmsm,17,moirai,14,0.05323287166458704
pmsm,17,moirai,15,0.05579725178632537
pmsm,17,moirai,16,0.05814592100022684
pmsm,17,moirai,17,0.06092087254251718
pmsm,17,moirai,18,0.06291982952424378
pmsm,17,moirai,19,0.06497079637898161
pmsm,17,moirai,20,0.06675213809412159
pmsm,17,moirai,21,0.06848046067995393
pmsm,17,moirai,22,0.06994066809628018
pmsm,17,moirai,23,0.07142339117492567
pmsm,17,moirai,24,0.07302797926216811
pmsm,17,gaugeformer_v13,1,0.006264027458699917
pmsm,17,gaugeformer_v13,2,0.01106438947898973
pmsm,17,gaugeformer_v13,3,0.0160801061452535
pmsm,17,gaugeformer_v13,4,0.02100118677682917
pmsm,17,gaugeformer_v13,5,0.025827140720050514
pmsm,17,gaugeformer_v13,6,0.030210268907163752
pmsm,17,gaugeformer_v13,7,0.0337876711223778
pmsm,17,gaugeformer_v13,8,0.036952199509524934
pmsm,17,gaugeformer_v13,9,0.039994318762859096
pmsm,17,gaugeformer_v13,10,0.04263862118138702
pmsm,17,gaugeformer_v13,11,0.04515276248124968
pmsm,17,gaugeformer_v13,12,0.04788650472623898
pmsm,17,gaugeformer_v13,13,0.05021728326407397
pmsm,17,gaugeformer_v13,14,0.052637585763190935
pmsm,17,gaugeformer_v13,15,0.055137682362399056
pmsm,17,gaugeformer_v13,16,0.057518685154618054
pmsm,17,gaugeformer_v13,17,0.06016342831167021
pmsm,17,gaugeformer_v13,18,0.06216952473359976
pmsm,17,gaugeformer_v13,19,0.0641503650760938
pmsm,17,gaugeformer_v13,20,0.06594288011808473
pmsm,17,gaugeformer_v13,21,0.06770040532712404
pmsm,17,gaugeformer_v13,22,0.06917411001245015
pmsm,17,gaugeformer_v13,23,0.07062483531691517
pmsm,17,gaugeformer_v13,24,0.07218038460103182
pmsm,17,blend_persistence,1,0.005799396104557676
pmsm,17,blend_persistence,2,0.01100990907058921
pmsm,17,blend_persistence,3,0.01607431025525843
pmsm,17,blend_persistence,4,0.02085984143705692
pmsm,17,blend_persistence,5,0.025411013412292963
pmsm,17,blend_persistence,6,0.029519167805875
pmsm,17,blend_persistence,7,0.032905653858809066
pmsm,17,blend_persistence,8,0.035886242316217544
pmsm,17,blend_persistence,9,0.03872140227663627
pmsm,17,blend_persistence,10,0.04120292807141577
pmsm,17,blend_persistence,11,0.04358215058178545
pmsm,17,blend_persistence,12,0.04604535353503786
pmsm,17,blend_persistence,13,0.04820517189136943
pmsm,17,blend_persistence,14,0.05053360217726358
pmsm,17,blend_persistence,15,0.05307846621348769
pmsm,17,blend_persistence,16,0.05537480446131407
pmsm,17,blend_persistence,17,0.05786163098695618
pmsm,17,blend_persistence,18,0.059778963201193955
pmsm,17,blend_persistence,19,0.061661098879203124
pmsm,17,blend_persistence,20,0.06342935153984951
pmsm,17,blend_persistence,21,0.06520728408654425
pmsm,17,blend_persistence,22,0.06669644163573415
pmsm,17,blend_persistence,23,0.06814425974286598
pmsm,17,blend_persistence,24,0.06976515548908323
pmsm,17,blend_history,1,0.005878529791944833
pmsm,17,blend_history,2,0.011039383971729244
pmsm,17,blend_history,3,0.016051878762314866
pmsm,17,blend_history,4,0.020780478066195124
pmsm,17,blend_history,5,0.02529428696972861
pmsm,17,blend_history,6,0.02936299833092593
pmsm,17,blend_history,7,0.03271048828775211
pmsm,17,blend_history,8,0.035644799060459226
pmsm,17,blend_history,9,0.038441630075221264
pmsm,17,blend_history,10,0.04088274672527998
pmsm,17,blend_history,11,0.04323042451304395
pmsm,17,blend_history,12,0.04566542854265822
pmsm,17,blend_history,13,0.04779514861692671
pmsm,17,blend_history,14,0.0501192166324035
pmsm,17,blend_history,15,0.05265041180340009
pmsm,17,blend_history,16,0.054929847988795785
pmsm,17,blend_history,17,0.057422830237265014
pmsm,17,blend_history,18,0.059365988162599026
pmsm,17,blend_history,19,0.06126572798739621
pmsm,17,blend_history,20,0.06303217837577885
pmsm,17,blend_history,21,0.06478751386599162
pmsm,17,blend_history,22,0.06624838811021407
pmsm,17,blend_history,23,0.06766942436544339
pmsm,17,blend_history,24,0.06923818546344117
pmsm,29,moirai,1,0.006314663785088289
pmsm,29,moirai,2,0.010970979830473975
pmsm,29,moirai,3,0.015953820541522397
pmsm,29,moirai,4,0.02092304147842901
pmsm,29,moirai,5,0.025804636855520046
pmsm,29,moirai,6,0.03019203200366677
pmsm,29,moirai,7,0.03392346338789923
pmsm,29,moirai,8,0.03713510932815528
pmsm,29,moirai,9,0.04017621814713315
pmsm,29,moirai,10,0.04301121993451606
pmsm,29,moirai,11,0.045715000246647944
pmsm,29,moirai,12,0.048504693353376975
pmsm,29,moirai,13,0.050739368072315175
pmsm,29,moirai,14,0.05330968374117303
pmsm,29,moirai,15,0.05569539762250809
pmsm,29,moirai,16,0.05797463320855948
pmsm,29,moirai,17,0.06064853976510251
pmsm,29,moirai,18,0.06254340781521356
pmsm,29,moirai,19,0.06483694774072987
pmsm,29,moirai,20,0.06670199020305777
pmsm,29,moirai,21,0.06829883912387787
pmsm,29,moirai,22,0.06970070623516846
pmsm,29,moirai,23,0.07127898677711968
pmsm,29,moirai,24,0.07301926403288447
pmsm,29,gaugeformer_v13,1,0.006217207464927607
pmsm,29,gaugeformer_v13,2,0.010960186503952666
pmsm,29,gaugeformer_v13,3,0.015969019535513204
pmsm,29,gaugeformer_v13,4,0.0209277433350199
pmsm,29,gaugeformer_v13,5,0.025768188236006236
pmsm,29,gaugeformer_v13,6,0.0300824531161221
pmsm,29,gaugeformer_v13,7,0.03372976288313298
pmsm,29,gaugeformer_v13,8,0.03685788421579484
pmsm,29,gaugeformer_v13,9,0.03982124520263451
pmsm,29,gaugeformer_v13,10,0.042563994246173416
pmsm,29,gaugeformer_v13,11,0.04527355424158809
pmsm,29,gaugeformer_v13,12,0.04793917202246093
pmsm,29,gaugeformer_v13,13,0.05016552816500288
pmsm,29,gaugeformer_v13,14,0.05271347250044338
pmsm,29,gaugeformer_v13,15,0.05506859432019838
pmsm,29,gaugeformer_v13,16,0.05735787419900128
pmsm,29,gaugeformer_v13,17,0.05990461168982083
pmsm,29,gaugeformer_v13,18,0.06181397503589484
pmsm,29,gaugeformer_v13,19,0.06407055280748228
pmsm,29,gaugeformer_v13,20,0.0659348568541267
pmsm,29,gaugeformer_v13,21,0.06755649716453462
pmsm,29,gaugeformer_v13,22,0.0689273258204012
pmsm,29,gaugeformer_v13,23,0.07050775192818323
pmsm,29,gaugeformer_v13,24,0.07227642102862548
pmsm,29,blend_persistence,1,0.005769570035846981
pmsm,29,blend_persistence,2,0.010973426104350297
pmsm,29,blend_persistence,3,0.016028883559124876
pmsm,29,blend_persistence,4,0.02083600562980436
pmsm,29,blend_persistence,5,0.025420810931814558
pmsm,29,blend_persistence,6,0.02946712981220902
pmsm,29,blend_persistence,7,0.03291294423664041
pmsm,29,blend_persistence,8,0.03584497400115705
pmsm,29,blend_persistence,9,0.038626434005960227
pmsm,29,blend_persistence,10,0.04118225169206613
pmsm,29,blend_persistence,11,0.04364574823226026
pmsm,29,blend_persistence,12,0.04602537410217324
pmsm,29,blend_persistence,13,0.04813071525809671
pmsm,29,blend_persistence,14,0.050591531687053666
pmsm,29,blend_persistence,15,0.053020879071372054
pmsm,29,blend_persistence,16,0.05530049566001738
pmsm,29,blend_persistence,17,0.05776452363345719
pmsm,29,blend_persistence,18,0.05965277924217332
pmsm,29,blend_persistence,19,0.061600018715476
pmsm,29,blend_persistence,20,0.06345799933545064
pmsm,29,blend_persistence,21,0.06512567747018916
pmsm,29,blend_persistence,22,0.0665585511217013
pmsm,29,blend_persistence,23,0.06806882704547147
pmsm,29,blend_persistence,24,0.06987106122769685
pmsm,29,blend_history,1,0.00584945026526615
pmsm,29,blend_history,2,0.011001896010644791
pmsm,29,blend_history,3,0.01600128320857717
pmsm,29,blend_history,4,0.020750530084661253
pmsm,29,blend_history,5,0.025300883909304905
pmsm,29,blend_history,6,0.029303935567148887
pmsm,29,blend_history,7,0.03271539240532733
pmsm,29,blend_history,8,0.03559895082583276
pmsm,29,blend_history,9,0.03833947939070027
pmsm,29,blend_history,10,0.04085413787194555
pmsm,29,blend_history,11,0.04328946814344395
pmsm,29,blend_history,12,0.04563667557166016
pmsm,29,blend_history,13,0.047721291222545065
pmsm,29,blend_history,14,0.050165150136045576
pmsm,29,blend_history,15,0.052582418055373316
pmsm,29,blend_history,16,0.054858561336643435
pmsm,29,blend_history,17,0.05733153677967234
pmsm,29,blend_history,18,0.05923460596364475
pmsm,29,blend_history,19,0.06121036955742965
pmsm,29,blend_history,20,0.06305986060681212
pmsm,29,blend_history,21,0.06471425289652817
pmsm,29,blend_history,22,0.06611254481420964
pmsm,29,blend_history,23,0.06758254498842575
pmsm,29,blend_history,24,0.06934732880436448
pmsm,43,moirai,1,0.006328141381827624
pmsm,43,moirai,2,0.010996548966731837
pmsm,43,moirai,3,0.015948934705770874
pmsm,43,moirai,4,0.02095056799511913
pmsm,43,moirai,5,0.025831071571871863
pmsm,43,moirai,6,0.030149957451980697
pmsm,43,moirai,7,0.03386629917968885
pmsm,43,moirai,8,0.037188611638915875
pmsm,43,moirai,9,0.04022584437377415
pmsm,43,moirai,10,0.043007364315978784
pmsm,43,moirai,11,0.04572351612112922
pmsm,43,moirai,12,0.04828780056005797
pmsm,43,moirai,13,0.05068834266244062
pmsm,43,moirai,14,0.05317533087440888
pmsm,43,moirai,15,0.055690267711282576
pmsm,43,moirai,16,0.05794451008811635
pmsm,43,moirai,17,0.060720745449554886
pmsm,43,moirai,18,0.06279413334847624
pmsm,43,moirai,19,0.06481898321152596
pmsm,43,moirai,20,0.06667288538420481
pmsm,43,moirai,21,0.06831534217789698
pmsm,43,moirai,22,0.0697215062331692
pmsm,43,moirai,23,0.07125357410686213
pmsm,43,moirai,24,0.07281295780535392
pmsm,43,gaugeformer_v13,1,0.006220319918694842
pmsm,43,gaugeformer_v13,2,0.010971696946801227
pmsm,43,gaugeformer_v13,3,0.01594521781764048
pmsm,43,gaugeformer_v13,4,0.020952869457625665
pmsm,43,gaugeformer_v13,5,0.025795673232309916
pmsm,43,gaugeformer_v13,6,0.03004178416223729
pmsm,43,gaugeformer_v13,7,0.0336585133499339
pmsm,43,gaugeformer_v13,8,0.0369070078981025
pmsm,43,gaugeformer_v13,9,0.03982075871258742
pmsm,43,gaugeformer_v13,10,0.04257330649177732
pmsm,43,gaugeformer_v13,11,0.045216490730796866
pmsm,43,gaugeformer_v13,12,0.04770536724542289
pmsm,43,gaugeformer_v13,13,0.05009198094187266
pmsm,43,gaugeformer_v13,14,0.05254969324290672
pmsm,43,gaugeformer_v13,15,0.055058328175068366
pmsm,43,gaugeformer_v13,16,0.057332900520437186
pmsm,43,gaugeformer_v13,17,0.0599883420284509
pmsm,43,gaugeformer_v13,18,0.062052719709559404
pmsm,43,gaugeformer_v13,19,0.06403782697823768
pmsm,43,gaugeformer_v13,20,0.0658875423861177
pmsm,43,gaugeformer_v13,21,0.06757310188590522
pmsm,43,gaugeformer_v13,22,0.06899226929829691
pmsm,43,gaugeformer_v13,23,0.0704873834197669
pmsm,43,gaugeformer_v13,24,0.07201473738196254
pmsm,43,blend_persistence,1,0.005780971255676778
pmsm,43,blend_persistence,2,0.010992238086538271
pmsm,43,blend_persistence,3,0.01601440096245518
pmsm,43,blend_persistence,4,0.020832076054794084
pmsm,43,blend_persistence,5,0.02543766969990756
pmsm,43,blend_persistence,6,0.029435946467605424
pmsm,43,blend_persistence,7,0.032894427008420046
pmsm,43,blend_persistence,8,0.03590100685061592
pmsm,43,blend_persistence,9,0.03870083110723385
pmsm,43,blend_persistence,10,0.04121262384812419
pmsm,43,blend_persistence,11,0.04368144767641111
pmsm,43,blend_persistence,12,0.04596221348664172
pmsm,43,blend_persistence,13,0.04814240779442402
pmsm,43,blend_persistence,14,0.050548495731706986
pmsm,43,blend_persistence,15,0.05304107646062605
pmsm,43,blend_persistence,16,0.055321086113943374
pmsm,43,blend_persistence,17,0.05779398389479553
pmsm,43,blend_persistence,18,0.059747583529405957
pmsm,43,blend_persistence,19,0.06159853022083486
pmsm,43,blend_persistence,20,0.06344239234917828
pmsm,43,blend_persistence,21,0.06514207996179318
pmsm,43,blend_persistence,22,0.06657913229798805
pmsm,43,blend_persistence,23,0.06803830826285212
pmsm,43,blend_persistence,24,0.0697212947957902
pmsm,43,blend_history,1,0.00585916378265303
pmsm,43,blend_history,2,0.011015875710554079
pmsm,43,blend_history,3,0.01598940009763919
pmsm,43,blend_history,4,0.020744478003843977
pmsm,43,blend_history,5,0.025311347842223886
pmsm,43,blend_history,6,0.029271759723984547
pmsm,43,blend_history,7,0.03268442867855008
pmsm,43,blend_history,8,0.03565467437690469
pmsm,43,blend_history,9,0.0384099319380696
pmsm,43,blend_history,10,0.04089166699154891
pmsm,43,blend_history,11,0.04332355911966542
pmsm,43,blend_history,12,0.045577820938075234
pmsm,43,blend_history,13,0.04772440342330895
pmsm,43,blend_history,14,0.05012496247388555
pmsm,43,blend_history,15,0.052608126178523555
pmsm,43,blend_history,16,0.05487964365472121
pmsm,43,blend_history,17,0.057355785446314894
pmsm,43,blend_history,18,0.059331022735962476
pmsm,43,blend_history,19,0.06120974209134161
pmsm,43,blend_history,20,0.06304573070041798
pmsm,43,blend_history,21,0.06472615161723817
pmsm,43,blend_history,22,0.06613025958058892
pmsm,43,blend_history,23,0.06754342117899137
pmsm,43,blend_history,24,0.06920578268233513
pmsm,71,moirai,1,0.006265973737100115
pmsm,71,moirai,2,0.01092292402432668
pmsm,71,moirai,3,0.015953646315999034
pmsm,71,moirai,4,0.02093370590803856
pmsm,71,moirai,5,0.025751296976145102
pmsm,71,moirai,6,0.03017753268702258
pmsm,71,moirai,7,0.03385510526856964
pmsm,71,moirai,8,0.03721051636796217
pmsm,71,moirai,9,0.04020481189164692
pmsm,71,moirai,10,0.04298854059684161
pmsm,71,moirai,11,0.04561416549451951
pmsm,71,moirai,12,0.04839484780322475
pmsm,71,moirai,13,0.05087775736019956
pmsm,71,moirai,14,0.0531846750226443
pmsm,71,moirai,15,0.0556685314402733
pmsm,71,moirai,16,0.05799287655357062
pmsm,71,moirai,17,0.06078713493332891
pmsm,71,moirai,18,0.0627629753887788
pmsm,71,moirai,19,0.06483719475668005
pmsm,71,moirai,20,0.06687421506059434
pmsm,71,moirai,21,0.06856724640816425
pmsm,71,moirai,22,0.0695625329548882
pmsm,71,moirai,23,0.0712717444345042
pmsm,71,moirai,24,0.07305328168615154
pmsm,71,gaugeformer_v13,1,0.00615162026923519
pmsm,71,gaugeformer_v13,2,0.010904909023970906
pmsm,71,gaugeformer_v13,3,0.01597731785225395
pmsm,71,gaugeformer_v13,4,0.020921950227641494
pmsm,71,gaugeformer_v13,5,0.025696946280362735
pmsm,71,gaugeformer_v13,6,0.03006467287540903
pmsm,71,gaugeformer_v13,7,0.03365766790795676
pmsm,71,gaugeformer_v13,8,0.0369220651103356
pmsm,71,gaugeformer_v13,9,0.03984664805583226
pmsm,71,gaugeformer_v13,10,0.04257576803915536
pmsm,71,gaugeformer_v13,11,0.04512346341275099
pmsm,71,gaugeformer_v13,12,0.04784657494751958
pmsm,71,gaugeformer_v13,13,0.05026473661420145
pmsm,71,gaugeformer_v13,14,0.05258125185686461
pmsm,71,gaugeformer_v13,15,0.055029260628059413
pmsm,71,gaugeformer_v13,16,0.057382220618008024
pmsm,71,gaugeformer_v13,17,0.06006856574160975
pmsm,71,gaugeformer_v13,18,0.06200217976798672
pmsm,71,gaugeformer_v13,19,0.06408273062772425
pmsm,71,gaugeformer_v13,20,0.06607591338279296
pmsm,71,gaugeformer_v13,21,0.06777402931081576
pmsm,71,gaugeformer_v13,22,0.06882673170610495
pmsm,71,gaugeformer_v13,23,0.07048128214268622
pmsm,71,gaugeformer_v13,24,0.07227764245806653
pmsm,71,blend_persistence,1,0.005749006986863536
pmsm,71,blend_persistence,2,0.010949798946993923
pmsm,71,blend_persistence,3,0.016035426446707406
pmsm,71,blend_persistence,4,0.020822178374645624
pmsm,71,blend_persistence,5,0.02537789251297561
pmsm,71,blend_persistence,6,0.02946634993536402
pmsm,71,blend_persistence,7,0.032874322536288685
pmsm,71,blend_persistence,8,0.03589302484431074
pmsm,71,blend_persistence,9,0.038649220195322194
pmsm,71,blend_persistence,10,0.041218142565240326
pmsm,71,blend_persistence,11,0.04360756662683385
pmsm,71,blend_persistence,12,0.04596815287171635
pmsm,71,blend_persistence,13,0.0482289336074494
pmsm,71,blend_persistence,14,0.05053491785657778
pmsm,71,blend_persistence,15,0.052985078704789225
pmsm,71,blend_persistence,16,0.05531188724646853
pmsm,71,blend_persistence,17,0.05784951027701885
pmsm,71,blend_persistence,18,0.05968462597946647
pmsm,71,blend_persistence,19,0.061606389381387676
pmsm,71,blend_persistence,20,0.06349340053821906
pmsm,71,blend_persistence,21,0.0652486281842527
pmsm,71,blend_persistence,22,0.06649703166844467
pmsm,71,blend_persistence,23,0.0680918155818434
pmsm,71,blend_persistence,24,0.069862761714505
pmsm,71,blend_history,1,0.005825160830505549
pmsm,71,blend_history,2,0.010973098626984269
pmsm,71,blend_history,3,0.016007827177252163
pmsm,71,blend_history,4,0.02073930553748112
pmsm,71,blend_history,5,0.02525394702578349
pmsm,71,blend_history,6,0.02929826584261639
pmsm,71,blend_history,7,0.032661147900442396
pmsm,71,blend_history,8,0.03564105249590848
pmsm,71,blend_history,9,0.038362374706386815
pmsm,71,blend_history,10,0.040898471214355414
pmsm,71,blend_history,11,0.043249991115635426
pmsm,71,blend_history,12,0.045580423048281575
pmsm,71,blend_history,13,0.047819116425937856
pmsm,71,blend_history,14,0.05010099509401872
pmsm,71,blend_history,15,0.05255379073005127
pmsm,71,blend_history,16,0.05487142330923048
pmsm,71,blend_history,17,0.0574151462868574
pmsm,71,blend_history,18,0.059274198212307894
pmsm,71,blend_history,19,0.06122161894095677
pmsm,71,blend_history,20,0.06309247401905124
pmsm,71,blend_history,21,0.06483002011645435
pmsm,71,blend_history,22,0.06604444432000056
pmsm,71,blend_history,23,0.06760268470580301
pmsm,71,blend_history,24,0.06934347749972103
pmsm,101,moirai,1,0.006333677549828785
pmsm,101,moirai,2,0.011035438421686162
pmsm,101,moirai,3,0.016005394237373967
pmsm,101,moirai,4,0.021012553659343916
pmsm,101,moirai,5,0.025806985475113488
pmsm,101,moirai,6,0.0301600529453213
pmsm,101,moirai,7,0.03382401618023851
pmsm,101,moirai,8,0.03718655449740788
pmsm,101,moirai,9,0.0401421500657764
pmsm,101,moirai,10,0.04300605358706948
pmsm,101,moirai,11,0.04572250957693377
pmsm,101,moirai,12,0.048404439836888816
pmsm,101,moirai,13,0.05067698178803931
pmsm,101,moirai,14,0.0531715785402331
pmsm,101,moirai,15,0.055619979552189086
pmsm,101,moirai,16,0.05794205857819459
pmsm,101,moirai,17,0.06060548316128992
pmsm,101,moirai,18,0.06269197660014728
pmsm,101,moirai,19,0.06478555134376554
pmsm,101,moirai,20,0.066714592178234
pmsm,101,moirai,21,0.06814415503106863
pmsm,101,moirai,22,0.06939361685133054
pmsm,101,moirai,23,0.07116222798128083
pmsm,101,moirai,24,0.07278830045842433
pmsm,101,gaugeformer_v13,1,0.006219050859804738
pmsm,101,gaugeformer_v13,2,0.011018407294771673
pmsm,101,gaugeformer_v13,3,0.016023107886841862
pmsm,101,gaugeformer_v13,4,0.020965305257469032
pmsm,101,gaugeformer_v13,5,0.025752476187625432
pmsm,101,gaugeformer_v13,6,0.030057283776302048
pmsm,101,gaugeformer_v13,7,0.03363422133954801
pmsm,101,gaugeformer_v13,8,0.03689667021041024
pmsm,101,gaugeformer_v13,9,0.03977742748802698
pmsm,101,gaugeformer_v13,10,0.04256527618069974
pmsm,101,gaugeformer_v13,11,0.045238467177510136
pmsm,101,gaugeformer_v13,12,0.04786999215248478
pmsm,101,gaugeformer_v13,13,0.05008887350944173
pmsm,101,gaugeformer_v13,14,0.05257716922598553
pmsm,101,gaugeformer_v13,15,0.05498000104361046
pmsm,101,gaugeformer_v13,16,0.057297457824408767
pmsm,101,gaugeformer_v13,17,0.059858655372886274
pmsm,101,gaugeformer_v13,18,0.06193663755816696
pmsm,101,gaugeformer_v13,19,0.06402383841809182
pmsm,101,gaugeformer_v13,20,0.06588932296109704
pmsm,101,gaugeformer_v13,21,0.0673983190290301
pmsm,101,gaugeformer_v13,22,0.06864972897249497
pmsm,101,gaugeformer_v13,23,0.07038207007225768
pmsm,101,gaugeformer_v13,24,0.07201624140299137
pmsm,101,blend_persistence,1,0.005766924157373962
pmsm,101,blend_persistence,2,0.010994481712528002
pmsm,101,blend_persistence,3,0.016061064262373862
pmsm,101,blend_persistence,4,0.02085005040004054
pmsm,101,blend_persistence,5,0.025390689829909434
pmsm,101,blend_persistence,6,0.02946398286015584
pmsm,101,blend_persistence,7,0.03285734206426208
pmsm,101,blend_persistence,8,0.03588948122207186
pmsm,101,blend_persistence,9,0.038625417924698764
pmsm,101,blend_persistence,10,0.04122262356660574
pmsm,101,blend_persistence,11,0.043640822424275846
pmsm,101,blend_persistence,12,0.046000467093845844
pmsm,101,blend_persistence,13,0.04817648342007889
pmsm,101,blend_persistence,14,0.050508001539147494
pmsm,101,blend_persistence,15,0.053019029949083314
pmsm,101,blend_persistence,16,0.055254768940491895
pmsm,101,blend_persistence,17,0.057727739201383785
pmsm,101,blend_persistence,18,0.059706717572970816
pmsm,101,blend_persistence,19,0.06160538560289535
pmsm,101,blend_persistence,20,0.06348071744180862
pmsm,101,blend_persistence,21,0.0650672868884846
pmsm,101,blend_persistence,22,0.06647261743331567
pmsm,101,blend_persistence,23,0.06807519269785331
pmsm,101,blend_persistence,24,0.06971377844962225
pmsm,101,blend_history,1,0.005845797929354042
pmsm,101,blend_history,2,0.011024948641764227
pmsm,101,blend_history,3,0.016036524976445414
pmsm,101,blend_history,4,0.020766103394901765
pmsm,101,blend_history,5,0.025264977697043015
pmsm,101,blend_history,6,0.0292967598926763
pmsm,101,blend_history,7,0.03265122641368648
pmsm,101,blend_history,8,0.03563755939035702
pmsm,101,blend_history,9,0.03833562396782924
pmsm,101,blend_history,10,0.040890391317649724
pmsm,101,blend_history,11,0.04328165550228588
pmsm,101,blend_history,12,0.04561326290817386
pmsm,101,blend_history,13,0.047756233655279264
pmsm,101,blend_history,14,0.050073570879683685
pmsm,101,blend_history,15,0.0525795259049947
pmsm,101,blend_history,16,0.05480484650298238
pmsm,101,blend_history,17,0.05726950193229022
pmsm,101,blend_history,18,0.059285405678446076
pmsm,101,blend_history,19,0.06120544767364051
pmsm,101,blend_history,20,0.06307220572342158
pmsm,101,blend_history,21,0.06464586974245679
pmsm,101,blend_history,22,0.06601205493022236
pmsm,101,blend_history,23,0.06758276412079962
pmsm,101,blend_history,24,0.06919412230281152
steel_industry,0,persistence,1,0.3957552581040423
steel_industry,0,persistence,2,0.4512898077459241
steel_industry,0,persistence,3,0.4564625368980192
steel_industry,0,persistence,4,0.46186424950256344
steel_industry,0,persistence,5,0.2417865703842596
steel_industry,0,persistence,6,0.22583663164596324
steel_industry,0,persistence,7,0.2334486453265839
steel_industry,0,persistence,8,0.24823230576719674
steel_industry,0,persistence,9,0.33483241101357686
steel_industry,0,persistence,10,0.4304403344208564
steel_industry,0,persistence,11,0.43508745548184696
steel_industry,0,persistence,12,0.4705108148679196
steel_industry,0,persistence,13,0.5125026058643009
steel_industry,0,persistence,14,0.5333817775866108
steel_industry,0,persistence,15,0.5506140637513187
steel_industry,0,persistence,16,0.5386705178220283
steel_industry,0,persistence,17,0.555609615775193
steel_industry,0,persistence,18,0.5765181554896156
steel_industry,0,persistence,19,0.5665265706475366
steel_industry,0,persistence,20,0.5817824498763692
steel_industry,0,persistence,21,0.5792799799474471
steel_industry,0,persistence,22,0.578915151692423
steel_industry,0,persistence,23,0.6315834625131729
steel_industry,0,persistence,24,0.6224267441031199
steel_industry,0,damped_trend_12_0.8,1,0.39804088035712104
steel_industry,0,damped_trend_12_0.8,2,0.4559003593778061
steel_industry,0,damped_trend_12_0.8,3,0.4628645406650095
steel_industry,0,damped_trend_12_0.8,4,0.4701770790890836
steel_industry,0,damped_trend_12_0.8,5,0.25535480942573285
steel_industry,0,damped_trend_12_0.8,6,0.25011057245852947
steel_industry,0,damped_trend_12_0.8,7,0.2587986319776188
steel_industry,0,damped_trend_12_0.8,8,0.27677040956057297
steel_industry,0,damped_trend_12_0.8,9,0.36538442972795804
steel_industry,0,damped_trend_12_0.8,10,0.4616374987490163
steel_industry,0,damped_trend_12_0.8,11,0.4664852397066034
steel_industry,0,damped_trend_12_0.8,12,0.49851985233492535
steel_industry,0,damped_trend_12_0.8,13,0.5364630702119931
steel_industry,0,damped_trend_12_0.8,14,0.5595211331686775
steel_industry,0,damped_trend_12_0.8,15,0.5752928773737492
steel_industry,0,damped_trend_12_0.8,16,0.5650395774113012
steel_industry,0,damped_trend_12_0.8,17,0.5849711967100242
steel_industry,0,damped_trend_12_0.8,18,0.6067508504473287
steel_industry,0,damped_trend_12_0.8,19,0.5995175022733352
steel_industry,0,damped_trend_12_0.8,20,0.6168992408650578
steel_industry,0,damped_trend_12_0.8,21,0.6118269450349232
steel_industry,0,damped_trend_12_0.8,22,0.61199871774063
steel_industry,0,damped_trend_12_0.8,23,0.6491318117647951
steel_industry,0,damped_trend_12_0.8,24,0.6366711417825236
steel_industry,0,damped_trend_24_0.9,1,0.39476620756674896
steel_industry,0,damped_trend_24_0.9,2,0.44963599318374375
steel_industry,0,damped_trend_24_0.9,3,0.4539407386621363
steel_industry,0,damped_trend_24_0.9,4,0.45885882447444226
steel_industry,0,damped_trend_24_0.9,5,0.24255063941976468
steel_industry,0,damped_trend_24_0.9,6,0.22783981903716058
steel_industry,0,damped_trend_24_0.9,7,0.23579497679410108
steel_industry,0,damped_trend_24_0.9,8,0.2502349997948612
steel_industry,0,damped_trend_24_0.9,9,0.33819159320019326
steel_industry,0,damped_trend_24_0.9,10,0.4350573820430282
steel_industry,0,damped_trend_24_0.9,11,0.44386554823628
steel_industry,0,damped_trend_24_0.9,12,0.48317099249509204
steel_industry,0,damped_trend_24_0.9,13,0.5261714297059739
steel_industry,0,damped_trend_24_0.9,14,0.547850415937631
steel_industry,0,damped_trend_24_0.9,15,0.565848060518276
steel_industry,0,damped_trend_24_0.9,16,0.5556703289751781
steel_industry,0,damped_trend_24_0.9,17,0.5704205289886028
steel_industry,0,damped_trend_24_0.9,18,0.5917470341417854
steel_industry,0,damped_trend_24_0.9,19,0.5823369061557649
steel_industry,0,damped_trend_24_0.9,20,0.5976390144901875
steel_industry,0,damped_trend_24_0.9,21,0.5952863613046012
steel_industry,0,damped_trend_24_0.9,22,0.5941710171835177
steel_industry,0,damped_trend_24_0.9,23,0.639423410954647
steel_industry,0,damped_trend_24_0.9,24,0.6305118086868815
steel_industry,0,recent_median_6,1,0.4413693640460665
steel_industry,0,recent_median_6,2,0.47723544862679307
steel_industry,0,recent_median_6,3,0.4748658515754878
steel_industry,0,recent_median_6,4,0.4702572137158437
steel_industry,0,recent_median_6,5,0.2456107782776265
steel_industry,0,recent_median_6,6,0.18194433337649343
steel_industry,0,recent_median_6,7,0.1920927518621924
steel_industry,0,recent_median_6,8,0.19379096117022637
steel_industry,0,recent_median_6,9,0.2859126803087525
steel_industry,0,recent_median_6,10,0.3854276263086893
steel_industry,0,recent_median_6,11,0.43565704822828144
steel_industry,0,recent_median_6,12,0.5161814243050701
steel_industry,0,recent_median_6,13,0.5780946886075043
steel_industry,0,recent_median_6,14,0.6022479874305585
steel_industry,0,recent_median_6,15,0.6173669359216655
steel_industry,0,recent_median_6,16,0.6084053643922105
steel_industry,0,recent_median_6,17,0.5730099232327182
steel_industry,0,recent_median_6,18,0.5949026367787861
steel_industry,0,recent_median_6,19,0.5939133112522216
steel_industry,0,recent_median_6,20,0.6227967251480993
steel_industry,0,recent_median_6,21,0.626237933942335
steel_industry,0,recent_median_6,22,0.6342771034377449
steel_industry,0,recent_median_6,23,0.7037984622511914
steel_industry,0,recent_median_6,24,0.7000132061020505
steel_industry,0,recent_median_12,1,0.47261077449128785
steel_industry,0,recent_median_12,2,0.5104886715438278
steel_industry,0,recent_median_12,3,0.5200833467199567
steel_industry,0,recent_median_12,4,0.5145583123904256
steel_industry,0,recent_median_12,5,0.2930200559027762
steel_industry,0,recent_median_12,6,0.23437773853937505
steel_industry,0,recent_median_12,7,0.24154006809757006
steel_industry,0,recent_median_12,8,0.24778473619277125
steel_industry,0,recent_median_12,9,0.3412708747455242
steel_industry,0,recent_median_12,10,0.4454278949651445
steel_industry,0,recent_median_12,11,0.4965385266963288
steel_industry,0,recent_median_12,12,0.5814962171318474
steel_industry,0,recent_median_12,13,0.6408723141730955
steel_industry,0,recent_median_12,14,0.6647733272895334
steel_industry,0,recent_median_12,15,0.6777806998257602
steel_industry,0,recent_median_12,16,0.6675550718392852
steel_industry,0,recent_median_12,17,0.5662720985886446
steel_industry,0,recent_median_12,18,0.581041258557326
steel_industry,0,recent_median_12,19,0.5824125829530966
steel_industry,0,recent_median_12,20,0.6134015980466144
steel_industry,0,recent_median_12,21,0.6186206526124182
steel_industry,0,recent_median_12,22,0.6298730202416183
steel_industry,0,recent_median_12,23,0.6990923957635454
steel_industry,0,recent_median_12,24,0.6923617940236009
steel_industry,0,recent_median_24,1,0.6590231420922067
steel_industry,0,recent_median_24,2,0.6999965766850402
steel_industry,0,recent_median_24,3,0.7082942458624613
steel_industry,0,recent_median_24,4,0.7045842940643482
steel_industry,0,recent_median_24,5,0.4799814689567487
steel_industry,0,recent_median_24,6,0.4454574264106945
steel_industry,0,recent_median_24,7,0.4579743297148625
steel_industry,0,recent_median_24,8,0.46756869493938336
steel_industry,0,recent_median_24,9,0.5526181700013284
steel_industry,0,recent_median_24,10,0.6557017150879993
steel_industry,0,recent_median_24,11,0.7004669185503688
steel_industry,0,recent_median_24,12,0.7840481684355206
steel_industry,0,recent_median_24,13,0.8420617921174388
steel_industry,0,recent_median_24,14,0.8613501681837704
steel_industry,0,recent_median_24,15,0.8791968707406124
steel_industry,0,recent_median_24,16,0.8654863266413576
steel_industry,0,recent_median_24,17,0.7644963444663774
steel_industry,0,recent_median_24,18,0.7808440037777119
steel_industry,0,recent_median_24,19,0.7788695801818255
steel_industry,0,recent_median_24,20,0.8086789044453628
steel_industry,0,recent_median_24,21,0.8099003217818457
steel_industry,0,recent_median_24,22,0.8184076665053084
steel_industry,0,recent_median_24,23,0.8803879942520348
steel_industry,0,recent_median_24,24,0.8682806027140956
steel_industry,0,holt_0.3_0.1_0.8,1,0.4276757134311847
steel_industry,0,holt_0.3_0.1_0.8,2,0.4772004632718098
steel_industry,0,holt_0.3_0.1_0.8,3,0.4739843399130077
steel_industry,0,holt_0.3_0.1_0.8,4,0.47920298682259244
steel_industry,0,holt_0.3_0.1_0.8,5,0.24795779677369162
steel_industry,0,holt_0.3_0.1_0.8,6,0.20112457230709674
steel_industry,0,holt_0.3_0.1_0.8,7,0.211610689469837
steel_industry,0,holt_0.3_0.1_0.8,8,0.218598907442097
steel_industry,0,holt_0.3_0.1_0.8,9,0.31236053896056315
steel_industry,0,holt_0.3_0.1_0.8,10,0.4120797658549929
steel_industry,0,holt_0.3_0.1_0.8,11,0.4306000350682515
steel_industry,0,holt_0.3_0.1_0.8,12,0.4830148543780246
steel_industry,0,holt_0.3_0.1_0.8,13,0.5378103785453205
steel_industry,0,holt_0.3_0.1_0.8,14,0.5596672381633833
steel_industry,0,holt_0.3_0.1_0.8,15,0.5767218634693991
steel_industry,0,holt_0.3_0.1_0.8,16,0.5675265549316207
steel_industry,0,holt_0.3_0.1_0.8,17,0.5753799074738909
steel_industry,0,holt_0.3_0.1_0.8,18,0.5970209805766598
steel_industry,0,holt_0.3_0.1_0.8,19,0.5908718537410509
steel_industry,0,holt_0.3_0.1_0.8,20,0.6171462650367043
steel_industry,0,holt_0.3_0.1_0.8,21,0.6178644520374961
steel_industry,0,holt_0.3_0.1_0.8,22,0.6234722282588782
steel_industry,0,holt_0.3_0.1_0.8,23,0.6887411244708281
steel_industry,0,holt_0.3_0.1_0.8,24,0.6847066389305119
steel_industry,0,holt_0.3_0.1_0.95,1,0.4543989075328092
steel_industry,0,holt_0.3_0.1_0.95,2,0.5132417571175125
steel_industry,0,holt_0.3_0.1_0.95,3,0.516434720287015
steel_industry,0,holt_0.3_0.1_0.95,4,0.5335161603187866
steel_industry,0,holt_0.3_0.1_0.95,5,0.3187812271931694
steel_industry,0,holt_0.3_0.1_0.95,6,0.2802760967770707
steel_industry,0,holt_0.3_0.1_0.95,7,0.2996388375341057
steel_industry,0,holt_0.3_0.1_0.95,8,0.3214133332138572
steel_industry,0,holt_0.3_0.1_0.95,9,0.42992277795537914
steel_industry,0,holt_0.3_0.1_0.95,10,0.540376990793499
steel_industry,0,holt_0.3_0.1_0.95,11,0.5660346292716565
steel_industry,0,holt_0.3_0.1_0.95,12,0.6120168873228019
steel_industry,0,holt_0.3_0.1_0.95,13,0.6711908535940728
steel_industry,0,holt_0.3_0.1_0.95,14,0.7048938069272086
steel_industry,0,holt_0.3_0.1_0.95,15,0.7268128241443494
steel_industry,0,holt_0.3_0.1_0.95,16,0.7313479144675565
steel_industry,0,holt_0.3_0.1_0.95,17,0.7690689073231377
steel_industry,0,holt_0.3_0.1_0.95,18,0.8031518182970026
steel_industry,0,holt_0.3_0.1_0.95,19,0.8042826695487942
steel_industry,0,holt_0.3_0.1_0.95,20,0.8347721144687362
steel_industry,0,holt_0.3_0.1_0.95,21,0.8440347996135602
steel_industry,0,holt_0.3_0.1_0.95,22,0.8519009865324826
steel_industry,0,holt_0.3_0.1_0.95,23,0.9177951243570514
steel_industry,0,holt_0.3_0.1_0.95,24,0.9245062488191037
steel_industry,0,history_local,1,0.4289995104352992
steel_industry,0,history_local,2,0.4910771777243403
steel_industry,0,history_local,3,0.49338395462845086
steel_industry,0,history_local,4,0.4960116100700575
steel_industry,0,history_local,5,0.2705705121663035
steel_industry,0,history_local,6,0.23047580557362093
steel_industry,0,history_local,7,0.24075779278811313
steel_industry,0,history_local,8,0.24981386849136175
steel_industry,0,history_local,9,0.34168678154390003
steel_industry,0,history_local,10,0.43891023210374547
steel_industry,0,history_local,11,0.4548764313112255
steel_industry,0,history_local,12,0.5053371169837223
steel_industry,0,history_local,13,0.5537512593380192
steel_industry,0,history_local,14,0.5766723864233635
steel_industry,0,history_local,15,0.5916604715540874
steel_industry,0,history_local,16,0.582637835515595
steel_industry,0,history_local,17,0.5166777058824698
steel_industry,0,history_local,18,0.5337245318633362
steel_industry,0,history_local,19,0.5251689187568598
steel_industry,0,history_local,20,0.5507122701442919
steel_industry,0,history_local,21,0.5508130771327624
steel_industry,0,history_local,22,0.5552103591004887
steel_industry,0,history_local,23,0.6170859307293753
steel_industry,0,history_local,24,0.6083220754002169
steel_industry,0,mean_bank,1,0.4244479132198324
steel_industry,0,mean_bank,2,0.4779707148541165
steel_industry,0,mean_bank,3,0.4822031786990206
steel_industry,0,mean_bank,4,0.4837939858520446
steel_industry,0,mean_bank,5,0.2513224192507745
steel_industry,0,mean_bank,6,0.2124022761965541
steel_industry,0,mean_bank,7,0.22177419831560943
steel_industry,0,mean_bank,8,0.2297306065467029
steel_industry,0,mean_bank,9,0.31839178034994536
steel_industry,0,mean_bank,10,0.4180907314692851
steel_industry,0,mean_bank,11,0.44042804102509386
steel_industry,0,mean_bank,12,0.499271149702022
steel_industry,0,mean_bank,13,0.5515035494290035
steel_industry,0,mean_bank,14,0.5731879237098941
steel_industry,0,mean_bank,15,0.5889975506268811
steel_industry,0,mean_bank,16,0.5782506777723887
steel_industry,0,mean_bank,17,0.5620852397488272
steel_industry,0,mean_bank,18,0.5814086259167672
steel_industry,0,mean_bank,19,0.5741453670312463
steel_industry,0,mean_bank,20,0.5990758004533447
steel_industry,0,mean_bank,21,0.5984093215394453
steel_industry,0,mean_bank,22,0.602688432821308
steel_industry,0,mean_bank,23,0.6626369015517777
steel_industry,0,mean_bank,24,0.656808402968288
steel_industry,17,moirai,1,0.4026229895281899
steel_industry,17,moirai,2,0.4614828664179038
steel_industry,17,moirai,3,0.4747603970642471
steel_industry,17,moirai,4,0.4786792320566856
steel_industry,17,moirai,5,0.2634259540827077
steel_industry,17,moirai,6,0.2370926073820825
steel_industry,17,moirai,7,0.24717210099218734
steel_industry,17,moirai,8,0.26010853845290705
steel_industry,17,moirai,9,0.3504532946923477
steel_industry,17,moirai,10,0.4488910153895654
steel_industry,17,moirai,11,0.4688093933425413
steel_industry,17,moirai,12,0.5087534762392689
steel_industry,17,moirai,13,0.5589254267187296
steel_industry,17,moirai,14,0.5792681832130312
steel_industry,17,moirai,15,0.6025011847542435
steel_industry,17,moirai,16,0.587935179628911
steel_industry,17,moirai,17,0.5281791618429746
steel_industry,17,moirai,18,0.5495576963114069
steel_industry,17,moirai,19,0.5407142801635317
steel_industry,17,moirai,20,0.5573816028660638
steel_industry,17,moirai,21,0.5517973646116511
steel_industry,17,moirai,22,0.5492923325460047
steel_industry,17,moirai,23,0.5810219544581928
steel_industry,17,moirai,24,0.5522217378846069
steel_industry,17,gaugeformer_v13,1,0.4057574254563439
steel_industry,17,gaugeformer_v13,2,0.46842819509350975
steel_industry,17,gaugeformer_v13,3,0.48121544793826976
steel_industry,17,gaugeformer_v13,4,0.484928582265
steel_industry,17,gaugeformer_v13,5,0.26509376873993407
steel_industry,17,gaugeformer_v13,6,0.23515592331885127
steel_industry,17,gaugeformer_v13,7,0.24384028266989763
steel_industry,17,gaugeformer_v13,8,0.2563601969020977
steel_industry,17,gaugeformer_v13,9,0.3466431947082072
steel_industry,17,gaugeformer_v13,10,0.44496792595238094
steel_industry,17,gaugeformer_v13,11,0.4639014124604939
steel_industry,17,gaugeformer_v13,12,0.5054411821159236
steel_industry,17,gaugeformer_v13,13,0.5553940979126989
steel_industry,17,gaugeformer_v13,14,0.5755153657593344
steel_industry,17,gaugeformer_v13,15,0.5953945385372035
steel_industry,17,gaugeformer_v13,16,0.5807542083567602
steel_industry,17,gaugeformer_v13,17,0.5154625599870092
steel_industry,17,gaugeformer_v13,18,0.5333360991264866
steel_industry,17,gaugeformer_v13,19,0.5262705656919272
steel_industry,17,gaugeformer_v13,20,0.5450718939947292
steel_industry,17,gaugeformer_v13,21,0.5440217755098697
steel_industry,17,gaugeformer_v13,22,0.542176725166784
steel_industry,17,gaugeformer_v13,23,0.5919562065334859
steel_industry,17,gaugeformer_v13,24,0.5696430867994189
steel_industry,17,blend_persistence,1,0.3957495783937594
steel_industry,17,blend_persistence,2,0.4534893252769542
steel_industry,17,blend_persistence,3,0.4649724786035589
steel_industry,17,blend_persistence,4,0.4694206145924185
steel_industry,17,blend_persistence,5,0.2506587366505216
steel_industry,17,blend_persistence,6,0.2288945691623857
steel_industry,17,blend_persistence,7,0.2377553995624236
steel_industry,17,blend_persistence,8,0.25214141799700535
steel_industry,17,blend_persistence,9,0.3403414096462446
steel_industry,17,blend_persistence,10,0.43711052103808223
steel_industry,17,blend_persistence,11,0.44933187693401166
steel_industry,17,blend_persistence,12,0.48708002341779655
steel_industry,17,blend_persistence,13,0.5334238170054674
steel_industry,17,blend_persistence,14,0.5541538436715147
steel_industry,17,blend_persistence,15,0.5741428909766308
steel_industry,17,blend_persistence,16,0.5597055195827244
steel_industry,17,blend_persistence,17,0.5376322186545371
steel_industry,17,blend_persistence,18,0.5585630159153726
steel_industry,17,blend_persistence,19,0.5483184935461913
steel_industry,17,blend_persistence,20,0.5634632987155311
steel_industry,17,blend_persistence,21,0.561245798677384
steel_industry,17,blend_persistence,22,0.557990179135752
steel_industry,17,blend_persistence,23,0.6024604261758877
steel_industry,17,blend_persistence,24,0.582371587442548
steel_industry,17,blend_history,1,0.4096409644333836
steel_industry,17,blend_history,2,0.4732811103628229
steel_industry,17,blend_history,3,0.4812804929900137
steel_industry,17,blend_history,4,0.4849129869960064
steel_industry,17,blend_history,5,0.2629393025555336
steel_industry,17,blend_history,6,0.22990831856379923
steel_industry,17,blend_history,7,0.23891484102962657
steel_industry,17,blend_history,8,0.25057863804686153
steel_industry,17,blend_history,9,0.3402383695581117
steel_industry,17,blend_history,10,0.4392744428102335
steel_industry,17,blend_history,11,0.4567556190983574
steel_industry,17,blend_history,12,0.5031866608025082
steel_industry,17,blend_history,13,0.5521247127380986
steel_industry,17,blend_history,14,0.5737409104188498
steel_industry,17,blend_history,15,0.5929090563163615
steel_industry,17,blend_history,16,0.579350335978156
steel_industry,17,blend_history,17,0.518290773456742
steel_industry,17,blend_history,18,0.5365453402243705
steel_industry,17,blend_history,19,0.5271591198885902
steel_industry,17,blend_history,20,0.5471271582218944
steel_industry,17,blend_history,21,0.5457867134044698
steel_industry,17,blend_history,22,0.5444177083294058
steel_industry,17,blend_history,23,0.5947079202220202
steel_industry,17,blend_history,24,0.575572794244131
steel_industry,29,moirai,1,0.40357575723419786
steel_industry,29,moirai,2,0.46198363705867507
steel_industry,29,moirai,3,0.472824055543064
steel_industry,29,moirai,4,0.477439186704909
steel_industry,29,moirai,5,0.2634605109243702
steel_industry,29,moirai,6,0.2356254419450143
steel_industry,29,moirai,7,0.24790479778296573
steel_industry,29,moirai,8,0.260678324719299
steel_industry,29,moirai,9,0.3508459805321574
steel_industry,29,moirai,10,0.4487250931975264
steel_industry,29,moirai,11,0.4668998666448361
steel_industry,29,moirai,12,0.5075587916075972
steel_industry,29,moirai,13,0.5563214087547715
steel_industry,29,moirai,14,0.5818286380647015
steel_industry,29,moirai,15,0.6008282814914204
steel_industry,29,moirai,16,0.5847914863091506
steel_industry,29,moirai,17,0.5257529852139101
steel_industry,29,moirai,18,0.5506665107861473
steel_industry,29,moirai,19,0.5414237802291351
steel_industry,29,moirai,20,0.5529693163364569
steel_industry,29,moirai,21,0.553162833747333
steel_industry,29,moirai,22,0.5493049378144449
steel_industry,29,moirai,23,0.5751076191833623
steel_industry,29,moirai,24,0.5551719547110666
steel_industry,29,gaugeformer_v13,1,0.406408623755054
steel_industry,29,gaugeformer_v13,2,0.46888119408971274
steel_industry,29,gaugeformer_v13,3,0.47983936258364135
steel_industry,29,gaugeformer_v13,4,0.48448316400819935
steel_industry,29,gaugeformer_v13,5,0.2653419242394094
steel_industry,29,gaugeformer_v13,6,0.23475071647400603
steel_industry,29,gaugeformer_v13,7,0.24402374891371711
steel_industry,29,gaugeformer_v13,8,0.25672268870364134
steel_industry,29,gaugeformer_v13,9,0.3472799860025156
steel_industry,29,gaugeformer_v13,10,0.44491414870744184
steel_industry,29,gaugeformer_v13,11,0.4623431445677034
steel_industry,29,gaugeformer_v13,12,0.5063139975197329
steel_industry,29,gaugeformer_v13,13,0.5539553893082013
steel_industry,29,gaugeformer_v13,14,0.578752018046033
steel_industry,29,gaugeformer_v13,15,0.5951649571380746
steel_industry,29,gaugeformer_v13,16,0.5791732462849462
steel_industry,29,gaugeformer_v13,17,0.513492712060893
steel_industry,29,gaugeformer_v13,18,0.53583571058982
steel_industry,29,gaugeformer_v13,19,0.5279864499264705
steel_industry,29,gaugeformer_v13,20,0.5439530219013383
steel_industry,29,gaugeformer_v13,21,0.544026839063338
steel_industry,29,gaugeformer_v13,22,0.5424646473271746
steel_industry,29,gaugeformer_v13,23,0.5878700793116377
steel_industry,29,gaugeformer_v13,24,0.5705352775068299
steel_industry,29,blend_persistence,1,0.3958535097887009
steel_industry,29,blend_persistence,2,0.4534031310848776
steel_industry,29,blend_persistence,3,0.4637341130477553
steel_industry,29,blend_persistence,4,0.4686903977379569
steel_industry,29,blend_persistence,5,0.25063396867749727
steel_industry,29,blend_persistence,6,0.22801790211970707
steel_industry,29,blend_persistence,7,0.2382232872647947
steel_industry,29,blend_persistence,8,0.2524464992061451
steel_industry,29,blend_persistence,9,0.3403421022100848
steel_industry,29,blend_persistence,10,0.43723355107419
steel_industry,29,blend_persistence,11,0.4487909099308562
steel_industry,29,blend_persistence,12,0.4870296985720289
steel_industry,29,blend_persistence,13,0.532262083447883
steel_industry,29,blend_persistence,14,0.5554373493223164
steel_industry,29,blend_persistence,15,0.574064451107769
steel_industry,29,blend_persistence,16,0.557858573405411
steel_industry,29,blend_persistence,17,0.5360113640861196
steel_industry,29,blend_persistence,18,0.559965528826407
steel_industry,29,blend_persistence,19,0.5493748324534666
steel_industry,29,blend_persistence,20,0.5619120475450993
steel_industry,29,blend_persistence,21,0.5616254395841711
steel_industry,29,blend_persistence,22,0.5590213728823669
steel_industry,29,blend_persistence,23,0.599328974493443
steel_industry,29,blend_persistence,24,0.5834639340895174
steel_industry,29,blend_history,1,0.40989461437803
steel_industry,29,blend_history,2,0.4733696298011902
steel_industry,29,blend_history,3,0.4802137875322346
steel_industry,29,blend_history,4,0.48406503324543493
steel_industry,29,blend_history,5,0.2628575098812768
steel_industry,29,blend_history,6,0.229137102496869
steel_industry,29,blend_history,7,0.23898692294340862
steel_industry,29,blend_history,8,0.25106146302393173
steel_industry,29,blend_history,9,0.3407943688722798
steel_industry,29,blend_history,10,0.4392222644075366
steel_industry,29,blend_history,11,0.45549229883425185
steel_industry,29,blend_history,12,0.5029860014162949
steel_industry,29,blend_history,13,0.5512905388973158
steel_industry,29,blend_history,14,0.5752700233086
steel_industry,29,blend_history,15,0.5921680258406751
steel_industry,29,blend_history,16,0.5775329588512698
steel_industry,29,blend_history,17,0.5165296871178298
steel_industry,29,blend_history,18,0.5376756985023308
steel_industry,29,blend_history,19,0.5283504382520282
steel_industry,29,blend_history,20,0.545502392691921
steel_industry,29,blend_history,21,0.546372277918167
steel_industry,29,blend_history,22,0.54511892700031
steel_industry,29,blend_history,23,0.5918216096734602
steel_industry,29,blend_history,24,0.5764006109050176
steel_industry,43,moirai,1,0.40121956872842324
steel_industry,43,moirai,2,0.4630907513441025
steel_industry,43,moirai,3,0.4758193197881824
steel_industry,43,moirai,4,0.47990142016609405
steel_industry,43,moirai,5,0.2636985181874325
steel_industry,43,moirai,6,0.23283811573811763
steel_industry,43,moirai,7,0.24690703551917711
steel_industry,43,moirai,8,0.26270895091889157
steel_industry,43,moirai,9,0.3455197201507966
steel_industry,43,moirai,10,0.4480842584283016
steel_industry,43,moirai,11,0.4663498210106149
steel_industry,43,moirai,12,0.5127597227080766
steel_industry,43,moirai,13,0.556987273055418
steel_industry,43,moirai,14,0.5795406542358602
steel_industry,43,moirai,15,0.6034359118204308
steel_industry,43,moirai,16,0.5874901596454959
steel_industry,43,moirai,17,0.5272208836500378
steel_industry,43,moirai,18,0.5542795456418907
steel_industry,43,moirai,19,0.5428969168883436
steel_industry,43,moirai,20,0.5567096801924504
steel_industry,43,moirai,21,0.5525540743185671
steel_industry,43,moirai,22,0.5491443804548471
steel_industry,43,moirai,23,0.5744488953851244
steel_industry,43,moirai,24,0.5511414858939618
steel_industry,43,gaugeformer_v13,1,0.4049454658179144
steel_industry,43,gaugeformer_v13,2,0.4700978557583412
steel_industry,43,gaugeformer_v13,3,0.4812680858016653
steel_industry,43,gaugeformer_v13,4,0.4854478914290862
steel_industry,43,gaugeformer_v13,5,0.26497031896215806
steel_industry,43,gaugeformer_v13,6,0.23233211911754223
steel_industry,43,gaugeformer_v13,7,0.24342187427971562
steel_industry,43,gaugeformer_v13,8,0.25811636042319497
steel_industry,43,gaugeformer_v13,9,0.3433931577321741
steel_industry,43,gaugeformer_v13,10,0.44415895063041816
steel_industry,43,gaugeformer_v13,11,0.46161243009023684
steel_industry,43,gaugeformer_v13,12,0.5077035574358837
steel_industry,43,gaugeformer_v13,13,0.5539293883836836
steel_industry,43,gaugeformer_v13,14,0.5766077849218348
steel_industry,43,gaugeformer_v13,15,0.5968260452287389
steel_industry,43,gaugeformer_v13,16,0.5812540088587741
steel_industry,43,gaugeformer_v13,17,0.516099301571007
steel_industry,43,gaugeformer_v13,18,0.5379747669753151
steel_industry,43,gaugeformer_v13,19,0.5296912442506433
steel_industry,43,gaugeformer_v13,20,0.5471072095694944
steel_industry,43,gaugeformer_v13,21,0.5466110323553167
steel_industry,43,gaugeformer_v13,22,0.5418291528210524
steel_industry,43,gaugeformer_v13,23,0.587146567258035
steel_industry,43,gaugeformer_v13,24,0.5689421570402724
steel_industry,43,blend_persistence,1,0.3950325406685799
steel_industry,43,blend_persistence,2,0.45440775286002677
steel_industry,43,blend_persistence,3,0.46543533677342813
steel_industry,43,blend_persistence,4,0.47010308295108805
steel_industry,43,blend_persistence,5,0.25084323041809037
steel_industry,43,blend_persistence,6,0.22681949589586614
steel_industry,43,blend_persistence,7,0.23759587830431536
steel_industry,43,blend_persistence,8,0.2535506880399798
steel_industry,43,blend_persistence,9,0.337943277252553
steel_industry,43,blend_persistence,10,0.4366068054290491
steel_industry,43,blend_persistence,11,0.44834453882732456
steel_industry,43,blend_persistence,12,0.4894023889471748
steel_industry,43,blend_persistence,13,0.5319528721007503
steel_industry,43,blend_persistence,14,0.5540447138709235
steel_industry,43,blend_persistence,15,0.5745835544650885
steel_industry,43,blend_persistence,16,0.5587813091722457
steel_industry,43,blend_persistence,17,0.5371200825465642
steel_industry,43,blend_persistence,18,0.5610706049308428
steel_industry,43,blend_persistence,19,0.5508215647308512
steel_industry,43,blend_persistence,20,0.5638983616197805
steel_industry,43,blend_persistence,21,0.5608605442245387
steel_industry,43,blend_persistence,22,0.5586448504986269
steel_industry,43,blend_persistence,23,0.5992812279895687
steel_industry,43,blend_persistence,24,0.5812576644787165
steel_industry,43,blend_history,1,0.40868521559367876
steel_industry,43,blend_history,2,0.4744975807458865
steel_industry,43,blend_history,3,0.4817511625475428
steel_industry,43,blend_history,4,0.4853396909162473
steel_industry,43,blend_history,5,0.2629141809151684
steel_industry,43,blend_history,6,0.227892160297263
steel_industry,43,blend_history,7,0.23846118835091912
steel_industry,43,blend_history,8,0.25170046795150597
steel_industry,43,blend_history,9,0.3387930846995042
steel_industry,43,blend_history,10,0.4392113996589453
steel_industry,43,blend_history,11,0.455755085866926
steel_industry,43,blend_history,12,0.5046131304881799
steel_industry,43,blend_history,13,0.5506748479563657
steel_industry,43,blend_history,14,0.5736082583298869
steel_industry,43,blend_history,15,0.5933889000465365
steel_industry,43,blend_history,16,0.5791214921353126
steel_industry,43,blend_history,17,0.5182074449652966
steel_industry,43,blend_history,18,0.5397572456473398
steel_industry,43,blend_history,19,0.5296243494329115
steel_industry,43,blend_history,20,0.5474941664754671
steel_industry,43,blend_history,21,0.5457830130961292
steel_industry,43,blend_history,22,0.5444699211937806
steel_industry,43,blend_history,23,0.5924580507030811
steel_industry,43,blend_history,24,0.574135686797632
steel_industry,71,moirai,1,0.4012020273225883
steel_industry,71,moirai,2,0.4615465598512314
steel_industry,71,moirai,3,0.4742734874920733
steel_industry,71,moirai,4,0.4799418720529541
steel_industry,71,moirai,5,0.26161844513183474
steel_industry,71,moirai,6,0.23159168341518446
steel_industry,71,moirai,7,0.24367956947079183
steel_industry,71,moirai,8,0.2637974263460023
steel_industry,71,moirai,9,0.3459306919510338
steel_industry,71,moirai,10,0.44923570592806966
steel_industry,71,moirai,11,0.4644098070826424
steel_industry,71,moirai,12,0.5080664602865629
steel_industry,71,moirai,13,0.5615786181784638
steel_industry,71,moirai,14,0.582487654748359
steel_industry,71,moirai,15,0.60082705326346
steel_industry,71,moirai,16,0.5859618076180871
steel_industry,71,moirai,17,0.5283823183363686
steel_industry,71,moirai,18,0.5508068436689498
steel_industry,71,moirai,19,0.5444284669187768
steel_industry,71,moirai,20,0.5534353897697131
steel_industry,71,moirai,21,0.553395200545579
steel_industry,71,moirai,22,0.5502358760179762
steel_industry,71,moirai,23,0.573981963561038
steel_industry,71,moirai,24,0.5572538778570957
steel_industry,71,gaugeformer_v13,1,0.4060090891978715
steel_industry,71,gaugeformer_v13,2,0.4711348023567246
steel_industry,71,gaugeformer_v13,3,0.4820867900456228
steel_industry,71,gaugeformer_v13,4,0.4868520553283014
steel_industry,71,gaugeformer_v13,5,0.2634576233165654
steel_industry,71,gaugeformer_v13,6,0.23005293611117222
steel_industry,71,gaugeformer_v13,7,0.23954909713802428
steel_industry,71,gaugeformer_v13,8,0.2581258457875527
steel_industry,71,gaugeformer_v13,9,0.34299134655013513
steel_industry,71,gaugeformer_v13,10,0.4431484069829072
steel_industry,71,gaugeformer_v13,11,0.4592920518877521
steel_industry,71,gaugeformer_v13,12,0.5041198201811842
steel_industry,71,gaugeformer_v13,13,0.5555981100605807
steel_industry,71,gaugeformer_v13,14,0.5773420431818141
steel_industry,71,gaugeformer_v13,15,0.5932357536791313
steel_industry,71,gaugeformer_v13,16,0.5791396503894792
steel_industry,71,gaugeformer_v13,17,0.5142669927991321
steel_industry,71,gaugeformer_v13,18,0.5339670794541974
steel_industry,71,gaugeformer_v13,19,0.52867460798403
steel_industry,71,gaugeformer_v13,20,0.5450706167312298
steel_industry,71,gaugeformer_v13,21,0.5448406598033408
steel_industry,71,gaugeformer_v13,22,0.5440156093006944
steel_industry,71,gaugeformer_v13,23,0.5867431276011337
steel_industry,71,gaugeformer_v13,24,0.5738185761753622
steel_industry,71,blend_persistence,1,0.3950625521351481
steel_industry,71,blend_persistence,2,0.453550490284858
steel_industry,71,blend_persistence,3,0.4645467975042064
steel_industry,71,blend_persistence,4,0.47009374892596545
steel_industry,71,blend_persistence,5,0.25009675731178965
steel_industry,71,blend_persistence,6,0.2262182530485316
steel_industry,71,blend_persistence,7,0.23651762726041664
steel_industry,71,blend_persistence,8,0.25408885134719456
steel_industry,71,blend_persistence,9,0.33830134814827967
steel_industry,71,blend_persistence,10,0.4371570897029746
steel_industry,71,blend_persistence,11,0.4472306469188484
steel_industry,71,blend_persistence,12,0.48659216719620324
steel_industry,71,blend_persistence,13,0.5350841692442524
steel_industry,71,blend_persistence,14,0.5557927698664261
steel_industry,71,blend_persistence,15,0.5742480765292863
steel_industry,71,blend_persistence,16,0.5593090103093445
steel_industry,71,blend_persistence,17,0.5372280522473668
steel_industry,71,blend_persistence,18,0.5593858117028611
steel_industry,71,blend_persistence,19,0.5502894290870675
steel_industry,71,blend_persistence,20,0.5625386612657846
steel_industry,71,blend_persistence,21,0.5618022458346498
steel_industry,71,blend_persistence,22,0.5594469387463491
steel_industry,71,blend_persistence,23,0.599513293189275
steel_industry,71,blend_persistence,24,0.5841671286539922
steel_industry,71,blend_history,1,0.4088501728718753
steel_industry,71,blend_history,2,0.4737704917913836
steel_industry,71,blend_history,3,0.48084110940144054
steel_industry,71,blend_history,4,0.48548532611709677
steel_industry,71,blend_history,5,0.2621111587243322
steel_industry,71,blend_history,6,0.22688529360737417
steel_industry,71,blend_history,7,0.23794012168046516
steel_industry,71,blend_history,8,0.2526009500357847
steel_industry,71,blend_history,9,0.3386886762587939
steel_industry,71,blend_history,10,0.43896449916239905
steel_industry,71,blend_history,11,0.45461023527194744
steel_industry,71,blend_history,12,0.5022864407470188
steel_industry,71,blend_history,13,0.5541986644372681
steel_industry,71,blend_history,14,0.5754661447564251
steel_industry,71,blend_history,15,0.5925124178470607
steel_industry,71,blend_history,16,0.5794030062688273
steel_industry,71,blend_history,17,0.5181965570266809
steel_industry,71,blend_history,18,0.537997222253902
steel_industry,71,blend_history,19,0.5292181120184082
steel_industry,71,blend_history,20,0.5464451291411518
steel_industry,71,blend_history,21,0.5472398780495447
steel_industry,71,blend_history,22,0.5460871249438156
steel_industry,71,blend_history,23,0.5922699459171583
steel_industry,71,blend_history,24,0.5775837428527802
steel_industry,101,moirai,1,0.4016064041628335
steel_industry,101,moirai,2,0.4611997979630996
steel_industry,101,moirai,3,0.47744345405262256
steel_industry,101,moirai,4,0.4825677296736047
steel_industry,101,moirai,5,0.2618392782520965
steel_industry,101,moirai,6,0.2315589463570661
steel_industry,101,moirai,7,0.24729157686871336
steel_industry,101,moirai,8,0.2618034456460006
steel_industry,101,moirai,9,0.3479664975957633
steel_industry,101,moirai,10,0.44954014322063834
steel_industry,101,moirai,11,0.46481647468659076
steel_industry,101,moirai,12,0.5079935602631539
steel_industry,101,moirai,13,0.5600924973982957
steel_industry,101,moirai,14,0.5838051977864043
steel_industry,101,moirai,15,0.601474002581031
steel_industry,101,moirai,16,0.5845869822148063
steel_industry,101,moirai,17,0.5263777811233575
steel_industry,101,moirai,18,0.5534635814492743
steel_industry,101,moirai,19,0.5395140856808042
steel_industry,101,moirai,20,0.5564191075683272
steel_industry,101,moirai,21,0.5489156096312757
steel_industry,101,moirai,22,0.5474584551553409
steel_industry,101,moirai,23,0.5756195053244754
steel_industry,101,moirai,24,0.5527547124638362
steel_industry,101,gaugeformer_v13,1,0.406771050428157
steel_industry,101,gaugeformer_v13,2,0.4706520706747109
steel_industry,101,gaugeformer_v13,3,0.4839577100371515
steel_industry,101,gaugeformer_v13,4,0.48812412561066426
steel_industry,101,gaugeformer_v13,5,0.26329322081630857
steel_industry,101,gaugeformer_v13,6,0.23062954617689602
steel_industry,101,gaugeformer_v13,7,0.2419065131963812
steel_industry,101,gaugeformer_v13,8,0.25636748622707534
steel_industry,101,gaugeformer_v13,9,0.3440839701018495
steel_industry,101,gaugeformer_v13,10,0.44285075472347285
steel_industry,101,gaugeformer_v13,11,0.4577748028482375
steel_industry,101,gaugeformer_v13,12,0.503650971001299
steel_industry,101,gaugeformer_v13,13,0.5540954047349109
steel_industry,101,gaugeformer_v13,14,0.577626628324751
steel_industry,101,gaugeformer_v13,15,0.5925953279443823
steel_industry,101,gaugeformer_v13,16,0.5770389204856509
steel_industry,101,gaugeformer_v13,17,0.5135250350594541
steel_industry,101,gaugeformer_v13,18,0.5362701910388478
steel_industry,101,gaugeformer_v13,19,0.5255040851631042
steel_industry,101,gaugeformer_v13,20,0.5461591537291415
steel_industry,101,gaugeformer_v13,21,0.5424186504571403
steel_industry,101,gaugeformer_v13,22,0.5411640034483324
steel_industry,101,gaugeformer_v13,23,0.5877087749449972
steel_industry,101,gaugeformer_v13,24,0.5696776730633597
steel_industry,101,blend_persistence,1,0.39485704023569307
steel_industry,101,blend_persistence,2,0.45329966576786535
steel_industry,101,blend_persistence,3,0.4662205437300964
steel_industry,101,blend_persistence,4,0.47123729940995995
steel_industry,101,blend_persistence,5,0.2496368352073643
steel_industry,101,blend_persistence,6,0.22620920016666932
steel_industry,101,blend_persistence,7,0.23748636144695207
steel_industry,101,blend_persistence,8,0.25303282755706946
steel_industry,101,blend_persistence,9,0.3393168109520061
steel_industry,101,blend_persistence,10,0.437851518554723
steel_industry,101,blend_persistence,11,0.44725103930180465
steel_industry,101,blend_persistence,12,0.48711204751683973
steel_industry,101,blend_persistence,13,0.5338353360955005
steel_industry,101,blend_persistence,14,0.5566086895081707
steel_industry,101,blend_persistence,15,0.5739370488922483
steel_industry,101,blend_persistence,16,0.557518089639432
steel_industry,101,blend_persistence,17,0.5368017025233486
steel_industry,101,blend_persistence,18,0.5609598383383194
steel_industry,101,blend_persistence,19,0.5480350994075814
steel_industry,101,blend_persistence,20,0.5638105883485809
steel_industry,101,blend_persistence,21,0.5599031930588331
steel_industry,101,blend_persistence,22,0.5579713881542162
steel_industry,101,blend_persistence,23,0.5999118268597406
steel_industry,101,blend_persistence,24,0.5823109006926879
steel_industry,101,blend_history,1,0.4086506526717519
steel_industry,101,blend_history,2,0.47332317545832187
steel_industry,101,blend_history,3,0.482449031209648
steel_industry,101,blend_history,4,0.4867058594717714
steel_industry,101,blend_history,5,0.2618707928901694
steel_industry,101,blend_history,6,0.2272821117775616
steel_industry,101,blend_history,7,0.23871340851781359
steel_industry,101,blend_history,8,0.2512981469710114
steel_industry,101,blend_history,9,0.3400364252358478
steel_industry,101,blend_history,10,0.439718495033913
steel_industry,101,blend_history,11,0.45425696287260525
steel_industry,101,blend_history,12,0.5026190411228677
steel_industry,101,blend_history,13,0.5525123489097924
steel_industry,101,blend_history,14,0.576018232069507
steel_industry,101,blend_history,15,0.5917388276576409
steel_industry,101,blend_history,16,0.5772296268787704
steel_industry,101,blend_history,17,0.5175267771263988
steel_industry,101,blend_history,18,0.5394678529002963
steel_industry,101,blend_history,19,0.5270002454171632
steel_industry,101,blend_history,20,0.5473036880133602
steel_industry,101,blend_history,21,0.5448701189433547
steel_industry,101,blend_history,22,0.5439603536603469
steel_industry,101,blend_history,23,0.5925455463276121
steel_industry,101,blend_history,24,0.5751682429524321
