backbone,variant,seed,system,condition,replicate,sd_nmae,sd_nrmse,mae_relative_change,mean_sd_normalized_prediction_change,no_op_deletion
gtm,raw,101,building_energy,reference,rep0,0.27122055981160964,0.419760750984816,0.0,0.0,False
gtm,full,101,building_energy,reference,rep0,0.26008840173010744,0.4192348493999946,0.0,0.0,False
gtm,raw,101,building_energy,legal_gauge_direct,rep0,0.2941202668433792,0.44009353151618513,8.443204692032102,0.053695555288603924,False
gtm,full,101,building_energy,legal_gauge_direct,rep0,0.27201434536984065,0.42721330533597884,4.585342352985311,0.033634634744939204,False
gtm,raw,101,building_energy,legal_gauge_canonical_preprocessing,rep0,0.2712206147573469,0.41976070444598385,2.0258691768582082e-05,2.3263887719330063e-06,False
gtm,full,101,building_energy,legal_gauge_canonical_preprocessing,rep0,0.26008845777060013,0.41923483580356385,2.1546709616515614e-05,3.3743286195314075e-06,False
gtm,raw,101,building_energy,permutation,rep0,0.27122055981160964,0.419760750984816,0.0,0.0,False
gtm,full,101,building_energy,permutation,rep0,0.26008840173010744,0.4192348493999946,0.0,0.0,False
gtm,raw,101,building_energy,deletion_30,rep0,0.27122055981160964,0.419760750984816,0.0,0.0,True
gtm,full,101,building_energy,deletion_30,rep0,0.26008840173010744,0.4192348493999946,0.0,0.0,True
gtm,raw,101,building_energy,deletion_50,rep0,0.27122055981160964,0.419760750984816,0.0,0.0,True
gtm,full,101,building_energy,deletion_50,rep0,0.26008840173010744,0.4192348493999946,0.0,0.0,True
gtm,raw,101,building_energy,insertion_1,rep0,0.27122055981160964,0.419760750984816,0.0,0.0,False
gtm,full,101,building_energy,insertion_1,rep0,0.26008840173010744,0.4192348493999946,0.0,0.0,False
gtm,raw,101,building_energy,insertion_4,rep0,0.27122060836737155,0.4197608372204305,1.7902684801285318e-05,6.311872806108185e-07,False
gtm,full,101,building_energy,insertion_4,rep0,0.2600884264601244,0.41923490625226656,9.508312093231552e-06,3.8664111991340445e-07,False
gtm,raw,101,building_energy,permutation,rep1,0.27122055981160964,0.419760750984816,0.0,0.0,False
gtm,full,101,building_energy,permutation,rep1,0.26008840173010744,0.4192348493999946,0.0,0.0,False
gtm,raw,101,building_energy,deletion_30,rep1,0.27122055981160964,0.419760750984816,0.0,0.0,True
gtm,full,101,building_energy,deletion_30,rep1,0.26008840173010744,0.4192348493999946,0.0,0.0,True
gtm,raw,101,building_energy,deletion_50,rep1,0.27122055981160964,0.419760750984816,0.0,0.0,True
gtm,full,101,building_energy,deletion_50,rep1,0.26008840173010744,0.4192348493999946,0.0,0.0,True
gtm,raw,101,building_energy,insertion_1,rep1,0.27122055981160964,0.419760750984816,0.0,0.0,False
gtm,full,101,building_energy,insertion_1,rep1,0.26008840173010744,0.4192348493999946,0.0,0.0,False
gtm,raw,101,building_energy,insertion_4,rep1,0.27122060836737155,0.4197608372204305,1.7902684801285318e-05,6.311872806108185e-07,False
gtm,full,101,building_energy,insertion_4,rep1,0.2600884264601244,0.41923490625226656,9.508312093231552e-06,3.8664111991340445e-07,False
gtm,raw,101,building_energy,permutation,rep2,0.27122055981160964,0.419760750984816,0.0,0.0,False
gtm,full,101,building_energy,permutation,rep2,0.26008840173010744,0.4192348493999946,0.0,0.0,False
gtm,raw,101,building_energy,deletion_30,rep2,0.27122055981160964,0.419760750984816,0.0,0.0,True
gtm,full,101,building_energy,deletion_30,rep2,0.26008840173010744,0.4192348493999946,0.0,0.0,True
gtm,raw,101,building_energy,deletion_50,rep2,0.27122055981160964,0.419760750984816,0.0,0.0,True
gtm,full,101,building_energy,deletion_50,rep2,0.26008840173010744,0.4192348493999946,0.0,0.0,True
gtm,raw,101,building_energy,insertion_1,rep2,0.27122055981160964,0.419760750984816,0.0,0.0,False
gtm,full,101,building_energy,insertion_1,rep2,0.26008840173010744,0.4192348493999946,0.0,0.0,False
gtm,raw,101,building_energy,insertion_4,rep2,0.27122060836737155,0.4197608372204305,1.7902684801285318e-05,6.311872806108185e-07,False
gtm,full,101,building_energy,insertion_4,rep2,0.2600884264601244,0.41923490625226656,9.508312093231552e-06,3.8664111991340445e-07,False
gtm,raw,101,hydraulic,reference,rep0,0.05638584296154989,0.1142186268347635,0.0,0.0,False
gtm,full,101,hydraulic,reference,rep0,0.07036335037774849,0.1339849283455051,0.0,0.0,False
gtm,raw,101,hydraulic,legal_gauge_direct,rep0,18.905282880531626,19.659571095078917,33428.42112056982,18.861169335231093,False
gtm,full,101,hydraulic,legal_gauge_direct,rep0,10.579254368613475,11.464404263520423,14935.177136703012,10.53488166303688,False
gtm,raw,101,hydraulic,legal_gauge_canonical_preprocessing,rep0,0.05638585626958321,0.11421864182065448,2.360172806081806e-05,4.408151852540864e-07,False
gtm,full,101,hydraulic,legal_gauge_canonical_preprocessing,rep0,0.07036332076506277,0.1339848851378726,-4.20853833116297e-05,6.956166618909659e-07,False
gtm,raw,101,hydraulic,permutation,rep0,0.05638584296154989,0.1142186268347635,0.0,0.0,False
gtm,full,101,hydraulic,permutation,rep0,0.07036335037774849,0.1339849283455051,0.0,0.0,False
gtm,raw,101,hydraulic,deletion_30,rep0,0.05638584296154989,0.1142186268347635,0.0,0.0,True
gtm,full,101,hydraulic,deletion_30,rep0,0.07036335037774849,0.1339849283455051,0.0,0.0,True
gtm,raw,101,hydraulic,deletion_50,rep0,0.05638584296154989,0.1142186268347635,0.0,0.0,True
gtm,full,101,hydraulic,deletion_50,rep0,0.07036335037774849,0.1339849283455051,0.0,0.0,True
gtm,raw,101,hydraulic,insertion_1,rep0,0.05638584296154989,0.1142186268347635,0.0,0.0,False
gtm,full,101,hydraulic,insertion_1,rep0,0.07036335037774849,0.1339849283455051,0.0,0.0,False
gtm,raw,101,hydraulic,insertion_4,rep0,0.05638584296154989,0.1142186268347635,0.0,0.0,False
gtm,full,101,hydraulic,insertion_4,rep0,0.07036335037774849,0.1339849283455051,0.0,0.0,False
gtm,raw,101,hydraulic,permutation,rep1,0.05638584296154989,0.1142186268347635,0.0,0.0,False
gtm,full,101,hydraulic,permutation,rep1,0.07036335037774849,0.1339849283455051,0.0,0.0,False
gtm,raw,101,hydraulic,deletion_30,rep1,0.05638584296154989,0.1142186268347635,0.0,0.0,True
gtm,full,101,hydraulic,deletion_30,rep1,0.07036335037774849,0.1339849283455051,0.0,0.0,True
gtm,raw,101,hydraulic,deletion_50,rep1,0.05638584296154989,0.1142186268347635,0.0,0.0,True
gtm,full,101,hydraulic,deletion_50,rep1,0.07036335037774849,0.1339849283455051,0.0,0.0,True
gtm,raw,101,hydraulic,insertion_1,rep1,0.05638584296154989,0.1142186268347635,0.0,0.0,False
gtm,full,101,hydraulic,insertion_1,rep1,0.07036335037774849,0.1339849283455051,0.0,0.0,False
gtm,raw,101,hydraulic,insertion_4,rep1,0.05638584296154989,0.1142186268347635,0.0,0.0,False
gtm,full,101,hydraulic,insertion_4,rep1,0.07036335037774849,0.1339849283455051,0.0,0.0,False
gtm,raw,101,hydraulic,permutation,rep2,0.05638584296154989,0.1142186268347635,0.0,0.0,False
gtm,full,101,hydraulic,permutation,rep2,0.07036335037774849,0.1339849283455051,0.0,0.0,False
gtm,raw,101,hydraulic,deletion_30,rep2,0.05638584296154989,0.1142186268347635,0.0,0.0,True
gtm,full,101,hydraulic,deletion_30,rep2,0.07036335037774849,0.1339849283455051,0.0,0.0,True
gtm,raw,101,hydraulic,deletion_50,rep2,0.05638584296154989,0.1142186268347635,0.0,0.0,True
gtm,full,101,hydraulic,deletion_50,rep2,0.07036335037774849,0.1339849283455051,0.0,0.0,True
gtm,raw,101,hydraulic,insertion_1,rep2,0.05638584296154989,0.1142186268347635,0.0,0.0,False
gtm,full,101,hydraulic,insertion_1,rep2,0.07036335037774849,0.1339849283455051,0.0,0.0,False
gtm,raw,101,hydraulic,insertion_4,rep2,0.05638584296154989,0.1142186268347635,0.0,0.0,False
gtm,full,101,hydraulic,insertion_4,rep2,0.07036335037774849,0.1339849283455051,0.0,0.0,False
gtm,raw,101,metropt,reference,rep0,0.4444072231062542,0.9450396043289644,0.0,0.0,False
gtm,full,101,metropt,reference,rep0,0.43769829000206395,0.9567477301071339,0.0,0.0,False
gtm,raw,101,metropt,legal_gauge_direct,rep0,0.44440601744167235,0.9450483586516487,-0.0002712972515195311,3.536436139290378e-05,False
gtm,full,101,metropt,legal_gauge_direct,rep0,0.43769779444240475,0.9567557565167297,-0.00011321946430387086,2.79563401442832e-05,False
gtm,raw,101,metropt,legal_gauge_canonical_preprocessing,rep0,0.44440723235350266,0.9450395853602741,2.080805172610667e-06,4.797516819461534e-07,False
gtm,full,101,metropt,legal_gauge_canonical_preprocessing,rep0,0.4376983052377179,0.9567477305396472,3.4808575577471856e-06,5.28328450370041e-07,False
gtm,raw,101,metropt,permutation,rep0,0.4444072231062542,0.9450396043289644,0.0,0.0,False
gtm,full,101,metropt,permutation,rep0,0.43769829000206395,0.9567477301071339,0.0,0.0,False
gtm,raw,101,metropt,deletion_30,rep0,0.4444072106542052,0.9450395806547712,-2.8019456865813197e-06,7.078235761773142e-07,False
gtm,full,101,metropt,deletion_30,rep0,0.4376982827981917,0.9567477051432015,-1.6458534202179465e-06,6.152709525404605e-07,False
gtm,raw,101,metropt,deletion_50,rep0,0.4444072106542052,0.9450395806547712,-2.8019456865813197e-06,7.078235761773142e-07,False
gtm,full,101,metropt,deletion_50,rep0,0.4376982827981917,0.9567477051432015,-1.6458534202179465e-06,6.152709525404605e-07,False
gtm,raw,101,metropt,insertion_1,rep0,0.44440722042919195,0.9450396038751077,-6.023894494333604e-07,1.5789668416847876e-07,False
gtm,full,101,metropt,insertion_1,rep0,0.4376982879795703,0.9567477295044451,-4.6207484505345064e-07,1.3787425972071606e-07,False
gtm,raw,101,metropt,insertion_4,rep0,0.4444072231062542,0.9450396043289644,0.0,0.0,False
gtm,full,101,metropt,insertion_4,rep0,0.43769829000206395,0.9567477301071339,0.0,0.0,False
gtm,raw,101,metropt,permutation,rep1,0.4444072231062542,0.9450396043289644,0.0,0.0,False
gtm,full,101,metropt,permutation,rep1,0.43769829000206395,0.9567477301071339,0.0,0.0,False
gtm,raw,101,metropt,deletion_30,rep1,0.4444072106542052,0.9450395806547712,-2.8019456865813197e-06,7.078235761773142e-07,False
gtm,full,101,metropt,deletion_30,rep1,0.4376982827981917,0.9567477051432015,-1.6458534202179465e-06,6.152709525404605e-07,False
gtm,raw,101,metropt,deletion_50,rep1,0.4444072106542052,0.9450395806547712,-2.8019456865813197e-06,7.078235761773142e-07,False
gtm,full,101,metropt,deletion_50,rep1,0.4376982827981917,0.9567477051432015,-1.6458534202179465e-06,6.152709525404605e-07,False
gtm,raw,101,metropt,insertion_1,rep1,0.44440722042919195,0.9450396038751077,-6.023894494333604e-07,1.5789668416847876e-07,False
gtm,full,101,metropt,insertion_1,rep1,0.4376982879795703,0.9567477295044451,-4.6207484505345064e-07,1.3787425972071606e-07,False
gtm,raw,101,metropt,insertion_4,rep1,0.4444072231062542,0.9450396043289644,0.0,0.0,False
gtm,full,101,metropt,insertion_4,rep1,0.43769829000206395,0.9567477301071339,0.0,0.0,False
gtm,raw,101,metropt,permutation,rep2,0.4444072231062542,0.9450396043289644,0.0,0.0,False
gtm,full,101,metropt,permutation,rep2,0.43769829000206395,0.9567477301071339,0.0,0.0,False
gtm,raw,101,metropt,deletion_30,rep2,0.4444072106542052,0.9450395806547712,-2.8019456865813197e-06,7.078235761773142e-07,False
gtm,full,101,metropt,deletion_30,rep2,0.4376982827981917,0.9567477051432015,-1.6458534202179465e-06,6.152709525404605e-07,False
gtm,raw,101,metropt,deletion_50,rep2,0.4444072106542052,0.9450395806547712,-2.8019456865813197e-06,7.078235761773142e-07,False
gtm,full,101,metropt,deletion_50,rep2,0.4376982827981917,0.9567477051432015,-1.6458534202179465e-06,6.152709525404605e-07,False
gtm,raw,101,metropt,insertion_1,rep2,0.44440722042919195,0.9450396038751077,-6.023894494333604e-07,1.5789668416847876e-07,False
gtm,full,101,metropt,insertion_1,rep2,0.4376982879795703,0.9567477295044451,-4.6207484505345064e-07,1.3787425972071606e-07,False
gtm,raw,101,metropt,insertion_4,rep2,0.4444072231062542,0.9450396043289644,0.0,0.0,False
gtm,full,101,metropt,insertion_4,rep2,0.43769829000206395,0.9567477301071339,0.0,0.0,False
gtm,raw,101,pmsm,reference,rep0,0.05877908366087998,0.15159850335741057,0.0,0.0,False
gtm,full,101,pmsm,reference,rep0,0.051987552479664766,0.14315974145331387,0.0,0.0,False
gtm,raw,101,pmsm,legal_gauge_direct,rep0,0.2690061612543757,0.35935119783455244,357.65626903335163,0.21770957227737955,False
gtm,full,101,pmsm,legal_gauge_direct,rep0,0.16907958080054553,0.2598754792296911,225.23089227307244,0.12576707368464105,False
gtm,raw,101,pmsm,legal_gauge_canonical_preprocessing,rep0,0.05877907195924995,0.15159848400718964,-1.990781294258781e-05,3.5688040014980834e-07,False
gtm,full,101,pmsm,legal_gauge_canonical_preprocessing,rep0,0.05198749923301658,0.14315967737009286,-0.00010242191764708863,7.67126339559008e-07,False
gtm,raw,101,pmsm,permutation,rep0,0.05877908366087998,0.15159850335741057,0.0,0.0,False
gtm,full,101,pmsm,permutation,rep0,0.051987552479664766,0.14315974145331387,0.0,0.0,False
gtm,raw,101,pmsm,deletion_30,rep0,0.05877908366087998,0.15159850335741057,0.0,0.0,True
gtm,full,101,pmsm,deletion_30,rep0,0.051987552479664766,0.14315974145331387,0.0,0.0,True
gtm,raw,101,pmsm,deletion_50,rep0,0.05877908366087998,0.15159850335741057,0.0,0.0,True
gtm,full,101,pmsm,deletion_50,rep0,0.051987552479664766,0.14315974145331387,0.0,0.0,True
gtm,raw,101,pmsm,insertion_1,rep0,0.058779082216040134,0.1515985028836735,-2.458085013312683e-06,1.583046297699582e-08,False
gtm,full,101,pmsm,insertion_1,rep0,0.05198755160251941,0.1431597418638393,-1.687221873325484e-06,9.076694591357176e-09,False
gtm,raw,101,pmsm,insertion_4,rep0,0.05877908366087998,0.15159850335741057,0.0,0.0,False
gtm,full,101,pmsm,insertion_4,rep0,0.051987552479664766,0.14315974145331387,0.0,0.0,False
gtm,raw,101,pmsm,permutation,rep1,0.05877908366087998,0.15159850335741057,0.0,0.0,False
gtm,full,101,pmsm,permutation,rep1,0.051987552479664766,0.14315974145331387,0.0,0.0,False
gtm,raw,101,pmsm,deletion_30,rep1,0.05877908366087998,0.15159850335741057,0.0,0.0,True
gtm,full,101,pmsm,deletion_30,rep1,0.051987552479664766,0.14315974145331387,0.0,0.0,True
gtm,raw,101,pmsm,deletion_50,rep1,0.05877908366087998,0.15159850335741057,0.0,0.0,True
gtm,full,101,pmsm,deletion_50,rep1,0.051987552479664766,0.14315974145331387,0.0,0.0,True
gtm,raw,101,pmsm,insertion_1,rep1,0.058779082216040134,0.1515985028836735,-2.458085013312683e-06,1.583046297699582e-08,False
gtm,full,101,pmsm,insertion_1,rep1,0.05198755160251941,0.1431597418638393,-1.687221873325484e-06,9.076694591357176e-09,False
gtm,raw,101,pmsm,insertion_4,rep1,0.05877908366087998,0.15159850335741057,0.0,0.0,False
gtm,full,101,pmsm,insertion_4,rep1,0.051987552479664766,0.14315974145331387,0.0,0.0,False
gtm,raw,101,pmsm,permutation,rep2,0.05877908366087998,0.15159850335741057,0.0,0.0,False
gtm,full,101,pmsm,permutation,rep2,0.051987552479664766,0.14315974145331387,0.0,0.0,False
gtm,raw,101,pmsm,deletion_30,rep2,0.05877908366087998,0.15159850335741057,0.0,0.0,True
gtm,full,101,pmsm,deletion_30,rep2,0.051987552479664766,0.14315974145331387,0.0,0.0,True
gtm,raw,101,pmsm,deletion_50,rep2,0.05877908366087998,0.15159850335741057,0.0,0.0,True
gtm,full,101,pmsm,deletion_50,rep2,0.051987552479664766,0.14315974145331387,0.0,0.0,True
gtm,raw,101,pmsm,insertion_1,rep2,0.058779082216040134,0.1515985028836735,-2.458085013312683e-06,1.583046297699582e-08,False
gtm,full,101,pmsm,insertion_1,rep2,0.05198755160251941,0.1431597418638393,-1.687221873325484e-06,9.076694591357176e-09,False
gtm,raw,101,pmsm,insertion_4,rep2,0.05877908366087998,0.15159850335741057,0.0,0.0,False
gtm,full,101,pmsm,insertion_4,rep2,0.051987552479664766,0.14315974145331387,0.0,0.0,False
gtm,raw,101,steel_industry,reference,rep0,0.36334424944962446,0.5887679572084389,0.0,0.0,False
gtm,full,101,steel_industry,reference,rep0,0.3518300779267779,0.6019078835531964,0.0,0.0,False
gtm,raw,101,steel_industry,legal_gauge_direct,rep0,0.36368694383179917,0.5890698716447744,0.09431672104176503,0.006433508125486089,False
gtm,full,101,steel_industry,legal_gauge_direct,rep0,0.35216446548271635,0.6019082668318967,0.09504234484694063,0.005133226301364793,False
gtm,raw,101,steel_industry,legal_gauge_canonical_preprocessing,rep0,0.3633442438397362,0.58876795965916,-1.543959560201813e-06,1.6183692859952627e-07,False
gtm,full,101,steel_industry,legal_gauge_canonical_preprocessing,rep0,0.3518300729437892,0.6019078864483044,-1.4163054840032885e-06,1.4520922480461156e-07,False
gtm,raw,101,steel_industry,permutation,rep0,0.36334424944962446,0.5887679572084389,0.0,0.0,False
gtm,full,101,steel_industry,permutation,rep0,0.3518300779267779,0.6019078835531964,0.0,0.0,False
gtm,raw,101,steel_industry,deletion_30,rep0,0.36334424944962446,0.5887679572084389,0.0,0.0,False
gtm,full,101,steel_industry,deletion_30,rep0,0.3518300779267779,0.6019078835531964,0.0,0.0,False
gtm,raw,101,steel_industry,deletion_50,rep0,0.36334424944962446,0.5887679572084389,0.0,0.0,False
gtm,full,101,steel_industry,deletion_50,rep0,0.3518300779267779,0.6019078835531964,0.0,0.0,False
gtm,raw,101,steel_industry,insertion_1,rep0,0.3633442495234032,0.5887679570731648,2.0305468417802786e-08,1.4286475013899236e-07,False
gtm,full,101,steel_industry,insertion_1,rep0,0.3518300777429227,0.6019078824592459,-5.225682109255558e-08,1.2179735058159224e-07,False
gtm,raw,101,steel_industry,insertion_4,rep0,0.3633442519739545,0.5887679635257544,6.947488584430062e-07,1.4621460165827128e-07,False
gtm,full,101,steel_industry,insertion_4,rep0,0.3518300810355542,0.6019078891239187,8.836016363034105e-07,1.2488835883779367e-07,False
gtm,raw,101,steel_industry,permutation,rep1,0.36334424944962446,0.5887679572084389,0.0,0.0,False
gtm,full,101,steel_industry,permutation,rep1,0.3518300779267779,0.6019078835531964,0.0,0.0,False
gtm,raw,101,steel_industry,deletion_30,rep1,0.36334424944962446,0.5887679572084389,0.0,0.0,False
gtm,full,101,steel_industry,deletion_30,rep1,0.3518300779267779,0.6019078835531964,0.0,0.0,False
gtm,raw,101,steel_industry,deletion_50,rep1,0.36334424944962446,0.5887679572084389,0.0,0.0,False
gtm,full,101,steel_industry,deletion_50,rep1,0.3518300779267779,0.6019078835531964,0.0,0.0,False
gtm,raw,101,steel_industry,insertion_1,rep1,0.3633442495234032,0.5887679570731648,2.0305468417802786e-08,1.4286475013899236e-07,False
gtm,full,101,steel_industry,insertion_1,rep1,0.3518300777429227,0.6019078824592459,-5.225682109255558e-08,1.2179735058159224e-07,False
gtm,raw,101,steel_industry,insertion_4,rep1,0.3633442519739545,0.5887679635257544,6.947488584430062e-07,1.4621460165827128e-07,False
gtm,full,101,steel_industry,insertion_4,rep1,0.3518300810355542,0.6019078891239187,8.836016363034105e-07,1.2488835883779367e-07,False
gtm,raw,101,steel_industry,permutation,rep2,0.36334424944962446,0.5887679572084389,0.0,0.0,False
gtm,full,101,steel_industry,permutation,rep2,0.3518300779267779,0.6019078835531964,0.0,0.0,False
gtm,raw,101,steel_industry,deletion_30,rep2,0.36334424944962446,0.5887679572084389,0.0,0.0,False
gtm,full,101,steel_industry,deletion_30,rep2,0.3518300779267779,0.6019078835531964,0.0,0.0,False
gtm,raw,101,steel_industry,deletion_50,rep2,0.36334424944962446,0.5887679572084389,0.0,0.0,False
gtm,full,101,steel_industry,deletion_50,rep2,0.3518300779267779,0.6019078835531964,0.0,0.0,False
gtm,raw,101,steel_industry,insertion_1,rep2,0.3633442495234032,0.5887679570731648,2.0305468417802786e-08,1.4286475013899236e-07,False
gtm,full,101,steel_industry,insertion_1,rep2,0.3518300777429227,0.6019078824592459,-5.225682109255558e-08,1.2179735058159224e-07,False
gtm,raw,101,steel_industry,insertion_4,rep2,0.3633442519739545,0.5887679635257544,6.947488584430062e-07,1.4621460165827128e-07,False
gtm,full,101,steel_industry,insertion_4,rep2,0.3518300810355542,0.6019078891239187,8.836016363034105e-07,1.2488835883779367e-07,False
gtm,raw,17,building_energy,reference,rep0,0.2728545830219898,0.41853150269622785,0.0,0.0,False
gtm,full,17,building_energy,reference,rep0,0.2610561909618736,0.41779183792418,0.0,0.0,False
gtm,raw,17,building_energy,legal_gauge_direct,rep0,0.3052739395589019,0.44297110582147514,11.881551036399273,0.06755842600018086,False
gtm,full,17,building_energy,legal_gauge_direct,rep0,0.2771345193568868,0.4258174229186844,6.158953111118293,0.04048143847096466,False
gtm,raw,17,building_energy,legal_gauge_canonical_preprocessing,rep0,0.272854628977211,0.4185314786040193,1.6842385686111072e-05,2.2812443845031917e-06,False
gtm,full,17,building_energy,legal_gauge_canonical_preprocessing,rep0,0.2610562269519141,0.41779179801417776,1.3786319486008836e-05,3.373158443830287e-06,False
gtm,raw,17,building_energy,permutation,rep0,0.2728545830219898,0.41853150269622785,0.0,0.0,False
gtm,full,17,building_energy,permutation,rep0,0.2610561909618736,0.41779183792418,0.0,0.0,False
gtm,raw,17,building_energy,deletion_30,rep0,0.2728545830219898,0.41853150269622785,0.0,0.0,True
gtm,full,17,building_energy,deletion_30,rep0,0.2610561909618736,0.41779183792418,0.0,0.0,True
gtm,raw,17,building_energy,deletion_50,rep0,0.2728545830219898,0.41853150269622785,0.0,0.0,True
gtm,full,17,building_energy,deletion_50,rep0,0.2610561909618736,0.41779183792418,0.0,0.0,True
gtm,raw,17,building_energy,insertion_1,rep0,0.2728545830219898,0.41853150269622785,0.0,0.0,False
gtm,full,17,building_energy,insertion_1,rep0,0.2610561909618736,0.41779183792418,0.0,0.0,False
gtm,raw,17,building_energy,insertion_4,rep0,0.2728546013024275,0.41853154420338845,6.699699706125273e-06,4.4248652701199265e-07,False
gtm,full,17,building_energy,insertion_4,rep0,0.2610562059044018,0.417791870672238,5.723874307861365e-06,2.710961290934561e-07,False
gtm,raw,17,building_energy,permutation,rep1,0.2728545830219898,0.41853150269622785,0.0,0.0,False
gtm,full,17,building_energy,permutation,rep1,0.2610561909618736,0.41779183792418,0.0,0.0,False
gtm,raw,17,building_energy,deletion_30,rep1,0.2728545830219898,0.41853150269622785,0.0,0.0,True
gtm,full,17,building_energy,deletion_30,rep1,0.2610561909618736,0.41779183792418,0.0,0.0,True
gtm,raw,17,building_energy,deletion_50,rep1,0.2728545830219898,0.41853150269622785,0.0,0.0,True
gtm,full,17,building_energy,deletion_50,rep1,0.2610561909618736,0.41779183792418,0.0,0.0,True
gtm,raw,17,building_energy,insertion_1,rep1,0.2728545830219898,0.41853150269622785,0.0,0.0,False
gtm,full,17,building_energy,insertion_1,rep1,0.2610561909618736,0.41779183792418,0.0,0.0,False
gtm,raw,17,building_energy,insertion_4,rep1,0.2728546013024275,0.41853154420338845,6.699699706125273e-06,4.4248652701199265e-07,False
gtm,full,17,building_energy,insertion_4,rep1,0.2610562059044018,0.417791870672238,5.723874307861365e-06,2.710961290934561e-07,False
gtm,raw,17,building_energy,permutation,rep2,0.2728545830219898,0.41853150269622785,0.0,0.0,False
gtm,full,17,building_energy,permutation,rep2,0.2610561909618736,0.41779183792418,0.0,0.0,False
gtm,raw,17,building_energy,deletion_30,rep2,0.2728545830219898,0.41853150269622785,0.0,0.0,True
gtm,full,17,building_energy,deletion_30,rep2,0.2610561909618736,0.41779183792418,0.0,0.0,True
gtm,raw,17,building_energy,deletion_50,rep2,0.2728545830219898,0.41853150269622785,0.0,0.0,True
gtm,full,17,building_energy,deletion_50,rep2,0.2610561909618736,0.41779183792418,0.0,0.0,True
gtm,raw,17,building_energy,insertion_1,rep2,0.2728545830219898,0.41853150269622785,0.0,0.0,False
gtm,full,17,building_energy,insertion_1,rep2,0.2610561909618736,0.41779183792418,0.0,0.0,False
gtm,raw,17,building_energy,insertion_4,rep2,0.2728546013024275,0.41853154420338845,6.699699706125273e-06,4.4248652701199265e-07,False
gtm,full,17,building_energy,insertion_4,rep2,0.2610562059044018,0.417791870672238,5.723874307861365e-06,2.710961290934561e-07,False
gtm,raw,17,hydraulic,reference,rep0,0.057445186682621614,0.10895818599374328,0.0,0.0,False
gtm,full,17,hydraulic,reference,rep0,0.07137689904527826,0.13211471694170782,0.0,0.0,False
gtm,raw,17,hydraulic,legal_gauge_direct,rep0,13.622320094057052,14.180912405236366,23613.597049164247,13.577879696385882,False
gtm,full,17,hydraulic,legal_gauge_direct,rep0,7.628540905149038,8.281755768846537,10587.688884200248,7.584833553818709,False
gtm,raw,17,hydraulic,legal_gauge_canonical_preprocessing,rep0,0.057445198388242226,0.10895819193981872,2.037702597768032e-05,4.439501291282615e-07,False
gtm,full,17,hydraulic,legal_gauge_canonical_preprocessing,rep0,0.07137685870431831,0.13211466112112574,-5.6518229973878675e-05,6.863933466568171e-07,False
gtm,raw,17,hydraulic,permutation,rep0,0.057445186682621614,0.10895818599374328,0.0,0.0,False
gtm,full,17,hydraulic,permutation,rep0,0.07137689904527826,0.13211471694170782,0.0,0.0,False
gtm,raw,17,hydraulic,deletion_30,rep0,0.057445186682621614,0.10895818599374328,0.0,0.0,True
gtm,full,17,hydraulic,deletion_30,rep0,0.07137689904527826,0.13211471694170782,0.0,0.0,True
gtm,raw,17,hydraulic,deletion_50,rep0,0.057445186682621614,0.10895818599374328,0.0,0.0,True
gtm,full,17,hydraulic,deletion_50,rep0,0.07137689904527826,0.13211471694170782,0.0,0.0,True
gtm,raw,17,hydraulic,insertion_1,rep0,0.057445186682621614,0.10895818599374328,0.0,0.0,False
gtm,full,17,hydraulic,insertion_1,rep0,0.07137689904527826,0.13211471694170782,0.0,0.0,False
gtm,raw,17,hydraulic,insertion_4,rep0,0.057445186682621614,0.10895818599374328,0.0,0.0,False
gtm,full,17,hydraulic,insertion_4,rep0,0.07137689904527826,0.13211471694170782,0.0,0.0,False
gtm,raw,17,hydraulic,permutation,rep1,0.057445186682621614,0.10895818599374328,0.0,0.0,False
gtm,full,17,hydraulic,permutation,rep1,0.07137689904527826,0.13211471694170782,0.0,0.0,False
gtm,raw,17,hydraulic,deletion_30,rep1,0.057445186682621614,0.10895818599374328,0.0,0.0,True
gtm,full,17,hydraulic,deletion_30,rep1,0.07137689904527826,0.13211471694170782,0.0,0.0,True
gtm,raw,17,hydraulic,deletion_50,rep1,0.057445186682621614,0.10895818599374328,0.0,0.0,True
gtm,full,17,hydraulic,deletion_50,rep1,0.07137689904527826,0.13211471694170782,0.0,0.0,True
gtm,raw,17,hydraulic,insertion_1,rep1,0.057445186682621614,0.10895818599374328,0.0,0.0,False
gtm,full,17,hydraulic,insertion_1,rep1,0.07137689904527826,0.13211471694170782,0.0,0.0,False
gtm,raw,17,hydraulic,insertion_4,rep1,0.057445186682621614,0.10895818599374328,0.0,0.0,False
gtm,full,17,hydraulic,insertion_4,rep1,0.07137689904527826,0.13211471694170782,0.0,0.0,False
gtm,raw,17,hydraulic,permutation,rep2,0.057445186682621614,0.10895818599374328,0.0,0.0,False
gtm,full,17,hydraulic,permutation,rep2,0.07137689904527826,0.13211471694170782,0.0,0.0,False
gtm,raw,17,hydraulic,deletion_30,rep2,0.057445186682621614,0.10895818599374328,0.0,0.0,True
gtm,full,17,hydraulic,deletion_30,rep2,0.07137689904527826,0.13211471694170782,0.0,0.0,True
gtm,raw,17,hydraulic,deletion_50,rep2,0.057445186682621614,0.10895818599374328,0.0,0.0,True
gtm,full,17,hydraulic,deletion_50,rep2,0.07137689904527826,0.13211471694170782,0.0,0.0,True
gtm,raw,17,hydraulic,insertion_1,rep2,0.057445186682621614,0.10895818599374328,0.0,0.0,False
gtm,full,17,hydraulic,insertion_1,rep2,0.07137689904527826,0.13211471694170782,0.0,0.0,False
gtm,raw,17,hydraulic,insertion_4,rep2,0.057445186682621614,0.10895818599374328,0.0,0.0,False
gtm,full,17,hydraulic,insertion_4,rep2,0.07137689904527826,0.13211471694170782,0.0,0.0,False
gtm,raw,17,metropt,reference,rep0,0.4475209668413741,0.9431680409020772,0.0,0.0,False
gtm,full,17,metropt,reference,rep0,0.43997474386461544,0.9548115057041855,0.0,0.0,False
gtm,raw,17,metropt,legal_gauge_direct,rep0,0.44751318051090255,0.9431766599886072,-0.0017398805974400133,4.0548511243698463e-05,False
gtm,full,17,metropt,legal_gauge_direct,rep0,0.43996980342907877,0.9548195126940149,-0.0011228907126015208,3.055976446058275e-05,False
gtm,raw,17,metropt,legal_gauge_canonical_preprocessing,rep0,0.4475209768902557,0.9431680316436699,2.2454549331030194e-06,4.763867527770717e-07,False
gtm,full,17,metropt,legal_gauge_canonical_preprocessing,rep0,0.4399747560128559,0.9548115129576294,2.7611222419565706e-06,5.018229225940744e-07,False
gtm,raw,17,metropt,permutation,rep0,0.4475209668413741,0.9431680409020772,0.0,0.0,False
gtm,full,17,metropt,permutation,rep0,0.43997474386461544,0.9548115057041855,0.0,0.0,False
gtm,raw,17,metropt,deletion_30,rep0,0.44752085003767345,0.9431680209009995,-2.6100162742181965e-05,5.629917859863068e-07,False
gtm,full,17,metropt,deletion_30,rep0,0.4399746284845495,0.9548114775678241,-2.622424754017416e-05,4.985562198617957e-07,False
gtm,raw,17,metropt,deletion_50,rep0,0.44752085003767345,0.9431680209009995,-2.6100162742181965e-05,5.629917859863068e-07,False
gtm,full,17,metropt,deletion_50,rep0,0.4399746284845495,0.9548114775678241,-2.622424754017416e-05,4.985562198617957e-07,False
gtm,raw,17,metropt,insertion_1,rep0,0.4475209644512426,0.9431680350686078,-5.340825670607785e-07,1.5165575595108362e-07,False
gtm,full,17,metropt,insertion_1,rep0,0.4399747414634604,0.9548115014812034,-5.457483798210205e-07,1.337542204503235e-07,False
gtm,raw,17,metropt,insertion_4,rep0,0.4475209668413741,0.9431680409020772,0.0,0.0,False
gtm,full,17,metropt,insertion_4,rep0,0.43997474386461544,0.9548115057041855,0.0,0.0,False
gtm,raw,17,metropt,permutation,rep1,0.4475209668413741,0.9431680409020772,0.0,0.0,False
gtm,full,17,metropt,permutation,rep1,0.43997474386461544,0.9548115057041855,0.0,0.0,False
gtm,raw,17,metropt,deletion_30,rep1,0.44752085003767345,0.9431680209009995,-2.6100162742181965e-05,5.629917859863068e-07,False
gtm,full,17,metropt,deletion_30,rep1,0.4399746284845495,0.9548114775678241,-2.622424754017416e-05,4.985562198617957e-07,False
gtm,raw,17,metropt,deletion_50,rep1,0.44752085003767345,0.9431680209009995,-2.6100162742181965e-05,5.629917859863068e-07,False
gtm,full,17,metropt,deletion_50,rep1,0.4399746284845495,0.9548114775678241,-2.622424754017416e-05,4.985562198617957e-07,False
gtm,raw,17,metropt,insertion_1,rep1,0.4475209644512426,0.9431680350686078,-5.340825670607785e-07,1.5165575595108362e-07,False
gtm,full,17,metropt,insertion_1,rep1,0.4399747414634604,0.9548115014812034,-5.457483798210205e-07,1.337542204503235e-07,False
gtm,raw,17,metropt,insertion_4,rep1,0.4475209668413741,0.9431680409020772,0.0,0.0,False
gtm,full,17,metropt,insertion_4,rep1,0.43997474386461544,0.9548115057041855,0.0,0.0,False
gtm,raw,17,metropt,permutation,rep2,0.4475209668413741,0.9431680409020772,0.0,0.0,False
gtm,full,17,metropt,permutation,rep2,0.43997474386461544,0.9548115057041855,0.0,0.0,False
gtm,raw,17,metropt,deletion_30,rep2,0.44752085003767345,0.9431680209009995,-2.6100162742181965e-05,5.629917859863068e-07,False
gtm,full,17,metropt,deletion_30,rep2,0.4399746284845495,0.9548114775678241,-2.622424754017416e-05,4.985562198617957e-07,False
gtm,raw,17,metropt,deletion_50,rep2,0.44752085003767345,0.9431680209009995,-2.6100162742181965e-05,5.629917859863068e-07,False
gtm,full,17,metropt,deletion_50,rep2,0.4399746284845495,0.9548114775678241,-2.622424754017416e-05,4.985562198617957e-07,False
gtm,raw,17,metropt,insertion_1,rep2,0.4475209644512426,0.9431680350686078,-5.340825670607785e-07,1.5165575595108362e-07,False
gtm,full,17,metropt,insertion_1,rep2,0.4399747414634604,0.9548115014812034,-5.457483798210205e-07,1.337542204503235e-07,False
gtm,raw,17,metropt,insertion_4,rep2,0.4475209668413741,0.9431680409020772,0.0,0.0,False
gtm,full,17,metropt,insertion_4,rep2,0.43997474386461544,0.9548115057041855,0.0,0.0,False
gtm,raw,17,pmsm,reference,rep0,0.05941009841464273,0.15206339457551446,0.0,0.0,False
gtm,full,17,pmsm,reference,rep0,0.05219301818749302,0.14269788043731468,0.0,0.0,False
gtm,raw,17,pmsm,legal_gauge_direct,rep0,0.2075991051394248,0.2973545652442671,249.43403677018335,0.15587546584047435,False
gtm,full,17,pmsm,legal_gauge_direct,rep0,0.1352409022833306,0.2247801383688992,159.11684547060415,0.09221849820935936,False
gtm,raw,17,pmsm,legal_gauge_canonical_preprocessing,rep0,0.059410096066471935,0.15206338028782498,-3.952477545254851e-06,3.567722207709325e-07,False
gtm,full,17,pmsm,legal_gauge_canonical_preprocessing,rep0,0.05219298874453343,0.14269784259401755,-5.641168228098792e-05,7.574530761707164e-07,False
gtm,raw,17,pmsm,permutation,rep0,0.05941009841464273,0.15206339457551446,0.0,0.0,False
gtm,full,17,pmsm,permutation,rep0,0.05219301818749302,0.14269788043731468,0.0,0.0,False
gtm,raw,17,pmsm,deletion_30,rep0,0.05941009841464273,0.15206339457551446,0.0,0.0,True
gtm,full,17,pmsm,deletion_30,rep0,0.05219301818749302,0.14269788043731468,0.0,0.0,True
gtm,raw,17,pmsm,deletion_50,rep0,0.05941009841464273,0.15206339457551446,0.0,0.0,True
gtm,full,17,pmsm,deletion_50,rep0,0.05219301818749302,0.14269788043731468,0.0,0.0,True
gtm,raw,17,pmsm,insertion_1,rep0,0.059410098871653015,0.15206339564763613,7.69246799592338e-07,1.4609620050062524e-08,False
gtm,full,17,pmsm,insertion_1,rep0,0.05219301869546906,0.14269788095467198,9.732643357907023e-07,8.137769324963177e-09,False
gtm,raw,17,pmsm,insertion_4,rep0,0.05941009841464273,0.15206339457551446,0.0,0.0,False
gtm,full,17,pmsm,insertion_4,rep0,0.05219301818749302,0.14269788043731468,0.0,0.0,False
gtm,raw,17,pmsm,permutation,rep1,0.05941009841464273,0.15206339457551446,0.0,0.0,False
gtm,full,17,pmsm,permutation,rep1,0.05219301818749302,0.14269788043731468,0.0,0.0,False
gtm,raw,17,pmsm,deletion_30,rep1,0.05941009841464273,0.15206339457551446,0.0,0.0,True
gtm,full,17,pmsm,deletion_30,rep1,0.05219301818749302,0.14269788043731468,0.0,0.0,True
gtm,raw,17,pmsm,deletion_50,rep1,0.05941009841464273,0.15206339457551446,0.0,0.0,True
gtm,full,17,pmsm,deletion_50,rep1,0.05219301818749302,0.14269788043731468,0.0,0.0,True
gtm,raw,17,pmsm,insertion_1,rep1,0.059410098871653015,0.15206339564763613,7.69246799592338e-07,1.4609620050062524e-08,False
gtm,full,17,pmsm,insertion_1,rep1,0.05219301869546906,0.14269788095467198,9.732643357907023e-07,8.137769324963177e-09,False
gtm,raw,17,pmsm,insertion_4,rep1,0.05941009841464273,0.15206339457551446,0.0,0.0,False
gtm,full,17,pmsm,insertion_4,rep1,0.05219301818749302,0.14269788043731468,0.0,0.0,False
gtm,raw,17,pmsm,permutation,rep2,0.05941009841464273,0.15206339457551446,0.0,0.0,False
gtm,full,17,pmsm,permutation,rep2,0.05219301818749302,0.14269788043731468,0.0,0.0,False
gtm,raw,17,pmsm,deletion_30,rep2,0.05941009841464273,0.15206339457551446,0.0,0.0,True
gtm,full,17,pmsm,deletion_30,rep2,0.05219301818749302,0.14269788043731468,0.0,0.0,True
gtm,raw,17,pmsm,deletion_50,rep2,0.05941009841464273,0.15206339457551446,0.0,0.0,True
gtm,full,17,pmsm,deletion_50,rep2,0.05219301818749302,0.14269788043731468,0.0,0.0,True
gtm,raw,17,pmsm,insertion_1,rep2,0.059410098871653015,0.15206339564763613,7.69246799592338e-07,1.4609620050062524e-08,False
gtm,full,17,pmsm,insertion_1,rep2,0.05219301869546906,0.14269788095467198,9.732643357907023e-07,8.137769324963177e-09,False
gtm,raw,17,pmsm,insertion_4,rep2,0.05941009841464273,0.15206339457551446,0.0,0.0,False
gtm,full,17,pmsm,insertion_4,rep2,0.05219301818749302,0.14269788043731468,0.0,0.0,False
gtm,raw,17,steel_industry,reference,rep0,0.3585457384963301,0.5914763599094078,0.0,0.0,False
gtm,full,17,steel_industry,reference,rep0,0.35015168532122265,0.6066404702790628,0.0,0.0,False
gtm,raw,17,steel_industry,legal_gauge_direct,rep0,0.35971813810150643,0.5925368928768269,0.32698746053798633,0.00906804084209462,False
gtm,full,17,steel_industry,legal_gauge_direct,rep0,0.3514509595813838,0.6073125458239657,0.37106040456986733,0.0072438920053341195,False
gtm,raw,17,steel_industry,legal_gauge_canonical_preprocessing,rep0,0.35854573238028775,0.5914763578134272,-1.7057913859197527e-06,1.6273881675617787e-07,False
gtm,full,17,steel_industry,legal_gauge_canonical_preprocessing,rep0,0.35015167836301997,0.6066404673691684,-1.987196684982706e-06,1.4513252826706844e-07,False
gtm,raw,17,steel_industry,permutation,rep0,0.3585457384963301,0.5914763599094078,0.0,0.0,False
gtm,full,17,steel_industry,permutation,rep0,0.35015168532122265,0.6066404702790628,0.0,0.0,False
gtm,raw,17,steel_industry,deletion_30,rep0,0.3585457384963301,0.5914763599094078,0.0,0.0,False
gtm,full,17,steel_industry,deletion_30,rep0,0.35015168532122265,0.6066404702790628,0.0,0.0,False
gtm,raw,17,steel_industry,deletion_50,rep0,0.3585457384963301,0.5914763599094078,0.0,0.0,False
gtm,full,17,steel_industry,deletion_50,rep0,0.35015168532122265,0.6066404702790628,0.0,0.0,False
gtm,raw,17,steel_industry,insertion_1,rep0,0.35854573821382635,0.5914763587728691,-7.879155106138569e-08,1.431753316832366e-07,False
gtm,full,17,steel_industry,insertion_1,rep0,0.3501516838562879,0.606640467632628,-4.183714596983634e-07,1.221490514822661e-07,False
gtm,raw,17,steel_industry,insertion_4,rep0,0.358545739768591,0.5914763604949507,3.54839224669945e-07,1.4313491272175203e-07,False
gtm,full,17,steel_industry,insertion_4,rep0,0.350151686233333,0.6066404707529798,2.604900517511055e-07,1.2247738590405903e-07,False
gtm,raw,17,steel_industry,permutation,rep1,0.3585457384963301,0.5914763599094078,0.0,0.0,False
gtm,full,17,steel_industry,permutation,rep1,0.35015168532122265,0.6066404702790628,0.0,0.0,False
gtm,raw,17,steel_industry,deletion_30,rep1,0.3585457384963301,0.5914763599094078,0.0,0.0,False
gtm,full,17,steel_industry,deletion_30,rep1,0.35015168532122265,0.6066404702790628,0.0,0.0,False
gtm,raw,17,steel_industry,deletion_50,rep1,0.3585457384963301,0.5914763599094078,0.0,0.0,False
gtm,full,17,steel_industry,deletion_50,rep1,0.35015168532122265,0.6066404702790628,0.0,0.0,False
gtm,raw,17,steel_industry,insertion_1,rep1,0.35854573821382635,0.5914763587728691,-7.879155106138569e-08,1.431753316832366e-07,False
gtm,full,17,steel_industry,insertion_1,rep1,0.3501516838562879,0.606640467632628,-4.183714596983634e-07,1.221490514822661e-07,False
gtm,raw,17,steel_industry,insertion_4,rep1,0.358545739768591,0.5914763604949507,3.54839224669945e-07,1.4313491272175203e-07,False
gtm,full,17,steel_industry,insertion_4,rep1,0.350151686233333,0.6066404707529798,2.604900517511055e-07,1.2247738590405903e-07,False
gtm,raw,17,steel_industry,permutation,rep2,0.3585457384963301,0.5914763599094078,0.0,0.0,False
gtm,full,17,steel_industry,permutation,rep2,0.35015168532122265,0.6066404702790628,0.0,0.0,False
gtm,raw,17,steel_industry,deletion_30,rep2,0.3585457384963301,0.5914763599094078,0.0,0.0,False
gtm,full,17,steel_industry,deletion_30,rep2,0.35015168532122265,0.6066404702790628,0.0,0.0,False
gtm,raw,17,steel_industry,deletion_50,rep2,0.3585457384963301,0.5914763599094078,0.0,0.0,False
gtm,full,17,steel_industry,deletion_50,rep2,0.35015168532122265,0.6066404702790628,0.0,0.0,False
gtm,raw,17,steel_industry,insertion_1,rep2,0.35854573821382635,0.5914763587728691,-7.879155106138569e-08,1.431753316832366e-07,False
gtm,full,17,steel_industry,insertion_1,rep2,0.3501516838562879,0.606640467632628,-4.183714596983634e-07,1.221490514822661e-07,False
gtm,raw,17,steel_industry,insertion_4,rep2,0.358545739768591,0.5914763604949507,3.54839224669945e-07,1.4313491272175203e-07,False
gtm,full,17,steel_industry,insertion_4,rep2,0.350151686233333,0.6066404707529798,2.604900517511055e-07,1.2247738590405903e-07,False
gtm,raw,29,building_energy,reference,rep0,0.27086914668666007,0.4189007101161566,0.0,0.0,False
gtm,full,29,building_energy,reference,rep0,0.26015057894175697,0.41873951955028865,0.0,0.0,False
gtm,raw,29,building_energy,legal_gauge_direct,rep0,0.3083588038780806,0.44933003267989624,13.840504778784712,0.07247897009435054,False
gtm,full,29,building_energy,legal_gauge_direct,rep0,0.2791867914355936,0.42984932814905624,7.317382329600153,0.04228750875862243,False
gtm,raw,29,building_energy,legal_gauge_canonical_preprocessing,rep0,0.2708692010340394,0.41890066062509485,2.0064071515335513e-05,2.2063804504156257e-06,False
gtm,full,29,building_energy,legal_gauge_canonical_preprocessing,rep0,0.26015062618906387,0.41873950337393107,1.816152286338024e-05,3.345959968096088e-06,False
gtm,raw,29,building_energy,permutation,rep0,0.27086914668666007,0.4189007101161566,0.0,0.0,False
gtm,full,29,building_energy,permutation,rep0,0.26015057894175697,0.41873951955028865,0.0,0.0,False
gtm,raw,29,building_energy,deletion_30,rep0,0.27086914668666007,0.4189007101161566,0.0,0.0,True
gtm,full,29,building_energy,deletion_30,rep0,0.26015057894175697,0.41873951955028865,0.0,0.0,True
gtm,raw,29,building_energy,deletion_50,rep0,0.27086914668666007,0.4189007101161566,0.0,0.0,True
gtm,full,29,building_energy,deletion_50,rep0,0.26015057894175697,0.41873951955028865,0.0,0.0,True
gtm,raw,29,building_energy,insertion_1,rep0,0.27086914668666007,0.4189007101161566,0.0,0.0,False
gtm,full,29,building_energy,insertion_1,rep0,0.26015057894175697,0.41873951955028865,0.0,0.0,False
gtm,raw,29,building_energy,insertion_4,rep0,0.27086914305820103,0.4189007081464816,-1.3395615838796004e-06,8.921622489774349e-08,False
gtm,full,29,building_energy,insertion_4,rep0,0.2601505764803828,0.4187395185970267,-9.461344152583706e-07,5.318155261353769e-08,False
gtm,raw,29,building_energy,permutation,rep1,0.27086914668666007,0.4189007101161566,0.0,0.0,False
gtm,full,29,building_energy,permutation,rep1,0.26015057894175697,0.41873951955028865,0.0,0.0,False
gtm,raw,29,building_energy,deletion_30,rep1,0.27086914668666007,0.4189007101161566,0.0,0.0,True
gtm,full,29,building_energy,deletion_30,rep1,0.26015057894175697,0.41873951955028865,0.0,0.0,True
gtm,raw,29,building_energy,deletion_50,rep1,0.27086914668666007,0.4189007101161566,0.0,0.0,True
gtm,full,29,building_energy,deletion_50,rep1,0.26015057894175697,0.41873951955028865,0.0,0.0,True
gtm,raw,29,building_energy,insertion_1,rep1,0.27086914668666007,0.4189007101161566,0.0,0.0,False
gtm,full,29,building_energy,insertion_1,rep1,0.26015057894175697,0.41873951955028865,0.0,0.0,False
gtm,raw,29,building_energy,insertion_4,rep1,0.27086914305820103,0.4189007081464816,-1.3395615838796004e-06,8.921622489774349e-08,False
gtm,full,29,building_energy,insertion_4,rep1,0.2601505764803828,0.4187395185970267,-9.461344152583706e-07,5.318155261353769e-08,False
gtm,raw,29,building_energy,permutation,rep2,0.27086914668666007,0.4189007101161566,0.0,0.0,False
gtm,full,29,building_energy,permutation,rep2,0.26015057894175697,0.41873951955028865,0.0,0.0,False
gtm,raw,29,building_energy,deletion_30,rep2,0.27086914668666007,0.4189007101161566,0.0,0.0,True
gtm,full,29,building_energy,deletion_30,rep2,0.26015057894175697,0.41873951955028865,0.0,0.0,True
gtm,raw,29,building_energy,deletion_50,rep2,0.27086914668666007,0.4189007101161566,0.0,0.0,True
gtm,full,29,building_energy,deletion_50,rep2,0.26015057894175697,0.41873951955028865,0.0,0.0,True
gtm,raw,29,building_energy,insertion_1,rep2,0.27086914668666007,0.4189007101161566,0.0,0.0,False
gtm,full,29,building_energy,insertion_1,rep2,0.26015057894175697,0.41873951955028865,0.0,0.0,False
gtm,raw,29,building_energy,insertion_4,rep2,0.27086914305820103,0.4189007081464816,-1.3395615838796004e-06,8.921622489774349e-08,False
gtm,full,29,building_energy,insertion_4,rep2,0.2601505764803828,0.4187395185970267,-9.461344152583706e-07,5.318155261353769e-08,False
gtm,raw,29,hydraulic,reference,rep0,0.054792703418502293,0.10949026122701394,0.0,0.0,False
gtm,full,29,hydraulic,reference,rep0,0.06983151699720447,0.13217473894328868,0.0,0.0,False
gtm,raw,29,hydraulic,legal_gauge_direct,rep0,21.0437371761692,22.27688841072567,38306.093992915106,20.99919083633163,False
gtm,full,29,hydraulic,legal_gauge_direct,rep0,11.774568628248355,12.987426477839744,16761.39602082498,11.730313027066561,False
gtm,raw,29,hydraulic,legal_gauge_canonical_preprocessing,rep0,0.054792701117978154,0.1094902504995311,-4.198595793258875e-06,4.276060505230736e-07,False
gtm,full,29,hydraulic,legal_gauge_canonical_preprocessing,rep0,0.06983148981929965,0.13217469900250442,-3.891925306476196e-05,6.730532268485108e-07,False
gtm,raw,29,hydraulic,permutation,rep0,0.054792703418502293,0.10949026122701394,0.0,0.0,False
gtm,full,29,hydraulic,permutation,rep0,0.06983151699720447,0.13217473894328868,0.0,0.0,False
gtm,raw,29,hydraulic,deletion_30,rep0,0.054792703418502293,0.10949026122701394,0.0,0.0,True
gtm,full,29,hydraulic,deletion_30,rep0,0.06983151699720447,0.13217473894328868,0.0,0.0,True
gtm,raw,29,hydraulic,deletion_50,rep0,0.054792703418502293,0.10949026122701394,0.0,0.0,True
gtm,full,29,hydraulic,deletion_50,rep0,0.06983151699720447,0.13217473894328868,0.0,0.0,True
gtm,raw,29,hydraulic,insertion_1,rep0,0.054792703418502293,0.10949026122701394,0.0,0.0,False
gtm,full,29,hydraulic,insertion_1,rep0,0.06983151699720447,0.13217473894328868,0.0,0.0,False
gtm,raw,29,hydraulic,insertion_4,rep0,0.054792703418502293,0.10949026122701394,0.0,0.0,False
gtm,full,29,hydraulic,insertion_4,rep0,0.06983151699720447,0.13217473894328868,0.0,0.0,False
gtm,raw,29,hydraulic,permutation,rep1,0.054792703418502293,0.10949026122701394,0.0,0.0,False
gtm,full,29,hydraulic,permutation,rep1,0.06983151699720447,0.13217473894328868,0.0,0.0,False
gtm,raw,29,hydraulic,deletion_30,rep1,0.054792703418502293,0.10949026122701394,0.0,0.0,True
gtm,full,29,hydraulic,deletion_30,rep1,0.06983151699720447,0.13217473894328868,0.0,0.0,True
gtm,raw,29,hydraulic,deletion_50,rep1,0.054792703418502293,0.10949026122701394,0.0,0.0,True
gtm,full,29,hydraulic,deletion_50,rep1,0.06983151699720447,0.13217473894328868,0.0,0.0,True
gtm,raw,29,hydraulic,insertion_1,rep1,0.054792703418502293,0.10949026122701394,0.0,0.0,False
gtm,full,29,hydraulic,insertion_1,rep1,0.06983151699720447,0.13217473894328868,0.0,0.0,False
gtm,raw,29,hydraulic,insertion_4,rep1,0.054792703418502293,0.10949026122701394,0.0,0.0,False
gtm,full,29,hydraulic,insertion_4,rep1,0.06983151699720447,0.13217473894328868,0.0,0.0,False
gtm,raw,29,hydraulic,permutation,rep2,0.054792703418502293,0.10949026122701394,0.0,0.0,False
gtm,full,29,hydraulic,permutation,rep2,0.06983151699720447,0.13217473894328868,0.0,0.0,False
gtm,raw,29,hydraulic,deletion_30,rep2,0.054792703418502293,0.10949026122701394,0.0,0.0,True
gtm,full,29,hydraulic,deletion_30,rep2,0.06983151699720447,0.13217473894328868,0.0,0.0,True
gtm,raw,29,hydraulic,deletion_50,rep2,0.054792703418502293,0.10949026122701394,0.0,0.0,True
gtm,full,29,hydraulic,deletion_50,rep2,0.06983151699720447,0.13217473894328868,0.0,0.0,True
gtm,raw,29,hydraulic,insertion_1,rep2,0.054792703418502293,0.10949026122701394,0.0,0.0,False
gtm,full,29,hydraulic,insertion_1,rep2,0.06983151699720447,0.13217473894328868,0.0,0.0,False
gtm,raw,29,hydraulic,insertion_4,rep2,0.054792703418502293,0.10949026122701394,0.0,0.0,False
gtm,full,29,hydraulic,insertion_4,rep2,0.06983151699720447,0.13217473894328868,0.0,0.0,False
gtm,raw,29,metropt,reference,rep0,0.44653380152957206,0.9451501102075098,0.0,0.0,False
gtm,full,29,metropt,reference,rep0,0.4411156207339744,0.958167207470655,0.0,0.0,False
gtm,raw,29,metropt,legal_gauge_direct,rep0,0.44652597169526126,0.945162736939725,-0.0017534695657905885,4.131574395020192e-05,False
gtm,full,29,metropt,legal_gauge_direct,rep0,0.4411103805528173,0.9581787250916832,-0.001187938243585318,3.188717157297821e-05,False
gtm,raw,29,metropt,legal_gauge_canonical_preprocessing,rep0,0.4465338395346868,0.9451501275344488,8.511139482081376e-06,4.408485343403592e-07,False
gtm,full,29,metropt,legal_gauge_canonical_preprocessing,rep0,0.44111565966176863,0.9581672418158869,8.824850539213003e-06,4.6223940850279056e-07,False
gtm,raw,29,metropt,permutation,rep0,0.44653380152957206,0.9451501102075098,0.0,0.0,False
gtm,full,29,metropt,permutation,rep0,0.4411156207339744,0.958167207470655,0.0,0.0,False
gtm,raw,29,metropt,deletion_30,rep0,0.44653382682905723,0.9451501402615872,5.665749180927548e-06,4.296281484073871e-07,False
gtm,full,29,metropt,deletion_30,rep0,0.44111564143033233,0.9581672336909366,4.691821575697475e-06,3.765205430165919e-07,False
gtm,raw,29,metropt,deletion_50,rep0,0.44653382682905723,0.9451501402615872,5.665749180927548e-06,4.296281484073871e-07,False
gtm,full,29,metropt,deletion_50,rep0,0.44111564143033233,0.9581672336909366,4.691821575697475e-06,3.765205430165919e-07,False
gtm,raw,29,metropt,insertion_1,rep0,0.4465338028201859,0.9451501123772053,2.890293782087383e-07,1.564236240583358e-07,False
gtm,full,29,metropt,insertion_1,rep0,0.4411156225801215,0.9581672095381114,4.185177315818578e-07,1.385772768454214e-07,False
gtm,raw,29,metropt,insertion_4,rep0,0.44653380152957206,0.9451501102075098,0.0,0.0,False
gtm,full,29,metropt,insertion_4,rep0,0.4411156207339744,0.958167207470655,0.0,0.0,False
gtm,raw,29,metropt,permutation,rep1,0.44653380152957206,0.9451501102075098,0.0,0.0,False
gtm,full,29,metropt,permutation,rep1,0.4411156207339744,0.958167207470655,0.0,0.0,False
gtm,raw,29,metropt,deletion_30,rep1,0.44653382682905723,0.9451501402615872,5.665749180927548e-06,4.296281484073871e-07,False
gtm,full,29,metropt,deletion_30,rep1,0.44111564143033233,0.9581672336909366,4.691821575697475e-06,3.765205430165919e-07,False
gtm,raw,29,metropt,deletion_50,rep1,0.44653382682905723,0.9451501402615872,5.665749180927548e-06,4.296281484073871e-07,False
gtm,full,29,metropt,deletion_50,rep1,0.44111564143033233,0.9581672336909366,4.691821575697475e-06,3.765205430165919e-07,False
gtm,raw,29,metropt,insertion_1,rep1,0.4465338028201859,0.9451501123772053,2.890293782087383e-07,1.564236240583358e-07,False
gtm,full,29,metropt,insertion_1,rep1,0.4411156225801215,0.9581672095381114,4.185177315818578e-07,1.385772768454214e-07,False
gtm,raw,29,metropt,insertion_4,rep1,0.44653380152957206,0.9451501102075098,0.0,0.0,False
gtm,full,29,metropt,insertion_4,rep1,0.4411156207339744,0.958167207470655,0.0,0.0,False
gtm,raw,29,metropt,permutation,rep2,0.44653380152957206,0.9451501102075098,0.0,0.0,False
gtm,full,29,metropt,permutation,rep2,0.4411156207339744,0.958167207470655,0.0,0.0,False
gtm,raw,29,metropt,deletion_30,rep2,0.44653382682905723,0.9451501402615872,5.665749180927548e-06,4.296281484073871e-07,False
gtm,full,29,metropt,deletion_30,rep2,0.44111564143033233,0.9581672336909366,4.691821575697475e-06,3.765205430165919e-07,False
gtm,raw,29,metropt,deletion_50,rep2,0.44653382682905723,0.9451501402615872,5.665749180927548e-06,4.296281484073871e-07,False
gtm,full,29,metropt,deletion_50,rep2,0.44111564143033233,0.9581672336909366,4.691821575697475e-06,3.765205430165919e-07,False
gtm,raw,29,metropt,insertion_1,rep2,0.4465338028201859,0.9451501123772053,2.890293782087383e-07,1.564236240583358e-07,False
gtm,full,29,metropt,insertion_1,rep2,0.4411156225801215,0.9581672095381114,4.185177315818578e-07,1.385772768454214e-07,False
gtm,raw,29,metropt,insertion_4,rep2,0.44653380152957206,0.9451501102075098,0.0,0.0,False
gtm,full,29,metropt,insertion_4,rep2,0.4411156207339744,0.958167207470655,0.0,0.0,False
gtm,raw,29,pmsm,reference,rep0,0.05945849494406058,0.15089748068869124,0.0,0.0,False
gtm,full,29,pmsm,reference,rep0,0.05218618508815618,0.1421624947445249,0.0,0.0,False
gtm,raw,29,pmsm,legal_gauge_direct,rep0,0.28952324284659,0.3840872618048678,386.9333526167752,0.23757430947342584,False
gtm,full,29,pmsm,legal_gauge_direct,rep0,0.1802112140670622,0.2728845319349601,245.3236019506659,0.13668829053875528,False
gtm,raw,29,pmsm,legal_gauge_canonical_preprocessing,rep0,0.05945847260478648,0.15089744953624526,-3.757120680125681e-05,3.4713433193379797e-07,False
gtm,full,29,pmsm,legal_gauge_canonical_preprocessing,rep0,0.05218615590253164,0.1421624509841942,-5.592595913039844e-05,7.67228093554514e-07,False
gtm,raw,29,pmsm,permutation,rep0,0.05945849494406058,0.15089748068869124,0.0,0.0,False
gtm,full,29,pmsm,permutation,rep0,0.05218618508815618,0.1421624947445249,0.0,0.0,False
gtm,raw,29,pmsm,deletion_30,rep0,0.05945849494406058,0.15089748068869124,0.0,0.0,True
gtm,full,29,pmsm,deletion_30,rep0,0.05218618508815618,0.1421624947445249,0.0,0.0,True
gtm,raw,29,pmsm,deletion_50,rep0,0.05945849494406058,0.15089748068869124,0.0,0.0,True
gtm,full,29,pmsm,deletion_50,rep0,0.05218618508815618,0.1421624947445249,0.0,0.0,True
gtm,raw,29,pmsm,insertion_1,rep0,0.05945849570432244,0.1508974805309696,1.278642969282373e-06,1.3638491963116558e-08,False
gtm,full,29,pmsm,insertion_1,rep0,0.05218618538829823,0.14216249414954749,5.751369824835706e-07,7.94051180177659e-09,False
gtm,raw,29,pmsm,insertion_4,rep0,0.05945849494406058,0.15089748068869124,0.0,0.0,False
gtm,full,29,pmsm,insertion_4,rep0,0.05218618508815618,0.1421624947445249,0.0,0.0,False
gtm,raw,29,pmsm,permutation,rep1,0.05945849494406058,0.15089748068869124,0.0,0.0,False
gtm,full,29,pmsm,permutation,rep1,0.05218618508815618,0.1421624947445249,0.0,0.0,False
gtm,raw,29,pmsm,deletion_30,rep1,0.05945849494406058,0.15089748068869124,0.0,0.0,True
gtm,full,29,pmsm,deletion_30,rep1,0.05218618508815618,0.1421624947445249,0.0,0.0,True
gtm,raw,29,pmsm,deletion_50,rep1,0.05945849494406058,0.15089748068869124,0.0,0.0,True
gtm,full,29,pmsm,deletion_50,rep1,0.05218618508815618,0.1421624947445249,0.0,0.0,True
gtm,raw,29,pmsm,insertion_1,rep1,0.05945849570432244,0.1508974805309696,1.278642969282373e-06,1.3638491963116558e-08,False
gtm,full,29,pmsm,insertion_1,rep1,0.05218618538829823,0.14216249414954749,5.751369824835706e-07,7.94051180177659e-09,False
gtm,raw,29,pmsm,insertion_4,rep1,0.05945849494406058,0.15089748068869124,0.0,0.0,False
gtm,full,29,pmsm,insertion_4,rep1,0.05218618508815618,0.1421624947445249,0.0,0.0,False
gtm,raw,29,pmsm,permutation,rep2,0.05945849494406058,0.15089748068869124,0.0,0.0,False
gtm,full,29,pmsm,permutation,rep2,0.05218618508815618,0.1421624947445249,0.0,0.0,False
gtm,raw,29,pmsm,deletion_30,rep2,0.05945849494406058,0.15089748068869124,0.0,0.0,True
gtm,full,29,pmsm,deletion_30,rep2,0.05218618508815618,0.1421624947445249,0.0,0.0,True
gtm,raw,29,pmsm,deletion_50,rep2,0.05945849494406058,0.15089748068869124,0.0,0.0,True
gtm,full,29,pmsm,deletion_50,rep2,0.05218618508815618,0.1421624947445249,0.0,0.0,True
gtm,raw,29,pmsm,insertion_1,rep2,0.05945849570432244,0.1508974805309696,1.278642969282373e-06,1.3638491963116558e-08,False
gtm,full,29,pmsm,insertion_1,rep2,0.05218618538829823,0.14216249414954749,5.751369824835706e-07,7.94051180177659e-09,False
gtm,raw,29,pmsm,insertion_4,rep2,0.05945849494406058,0.15089748068869124,0.0,0.0,False
gtm,full,29,pmsm,insertion_4,rep2,0.05218618508815618,0.1421624947445249,0.0,0.0,False
gtm,raw,29,steel_industry,reference,rep0,0.36118338430591745,0.5885202991024302,0.0,0.0,False
gtm,full,29,steel_industry,reference,rep0,0.3493701075252275,0.5998658546368193,0.0,0.0,False
gtm,raw,29,steel_industry,legal_gauge_direct,rep0,0.36196330439460217,0.5894385066394497,0.21593465330180805,0.007770355808814693,False
gtm,full,29,steel_industry,legal_gauge_direct,rep0,0.35006342946142416,0.6001641220581971,0.19844912923656643,0.006106592868508483,False
gtm,raw,29,steel_industry,legal_gauge_canonical_preprocessing,rep0,0.3611833786698774,0.5885202949979185,-1.5604372571864644e-06,1.5995353872025805e-07,False
gtm,full,29,steel_industry,legal_gauge_canonical_preprocessing,rep0,0.34937010146152037,0.5998658530101361,-1.7356113213295998e-06,1.4335318914325407e-07,False
gtm,raw,29,steel_industry,permutation,rep0,0.36118338430591745,0.5885202991024302,0.0,0.0,False
gtm,full,29,steel_industry,permutation,rep0,0.3493701075252275,0.5998658546368193,0.0,0.0,False
gtm,raw,29,steel_industry,deletion_30,rep0,0.36118338430591745,0.5885202991024302,0.0,0.0,False
gtm,full,29,steel_industry,deletion_30,rep0,0.3493701075252275,0.5998658546368193,0.0,0.0,False
gtm,raw,29,steel_industry,deletion_50,rep0,0.36118338430591745,0.5885202991024302,0.0,0.0,False
gtm,full,29,steel_industry,deletion_50,rep0,0.3493701075252275,0.5998658546368193,0.0,0.0,False
gtm,raw,29,steel_industry,insertion_1,rep0,0.36118338451547327,0.5885202969766679,5.8019233861728026e-08,1.3876758997243777e-07,False
gtm,full,29,steel_industry,insertion_1,rep0,0.3493701083432637,0.599865854293408,2.3414601368898502e-07,1.1758929973452877e-07,False
gtm,raw,29,steel_industry,insertion_4,rep0,0.36118338485259355,0.5885202994122791,1.5135692699175252e-07,1.4158484697069839e-07,False
gtm,full,29,steel_industry,insertion_4,rep0,0.3493701073651075,0.5998658548627748,-4.5831061168399856e-08,1.206675040354196e-07,False
gtm,raw,29,steel_industry,permutation,rep1,0.36118338430591745,0.5885202991024302,0.0,0.0,False
gtm,full,29,steel_industry,permutation,rep1,0.3493701075252275,0.5998658546368193,0.0,0.0,False
gtm,raw,29,steel_industry,deletion_30,rep1,0.36118338430591745,0.5885202991024302,0.0,0.0,False
gtm,full,29,steel_industry,deletion_30,rep1,0.3493701075252275,0.5998658546368193,0.0,0.0,False
gtm,raw,29,steel_industry,deletion_50,rep1,0.36118338430591745,0.5885202991024302,0.0,0.0,False
gtm,full,29,steel_industry,deletion_50,rep1,0.3493701075252275,0.5998658546368193,0.0,0.0,False
gtm,raw,29,steel_industry,insertion_1,rep1,0.36118338451547327,0.5885202969766679,5.8019233861728026e-08,1.3876758997243777e-07,False
gtm,full,29,steel_industry,insertion_1,rep1,0.3493701083432637,0.599865854293408,2.3414601368898502e-07,1.1758929973452877e-07,False
gtm,raw,29,steel_industry,insertion_4,rep1,0.36118338485259355,0.5885202994122791,1.5135692699175252e-07,1.4158484697069839e-07,False
gtm,full,29,steel_industry,insertion_4,rep1,0.3493701073651075,0.5998658548627748,-4.5831061168399856e-08,1.206675040354196e-07,False
gtm,raw,29,steel_industry,permutation,rep2,0.36118338430591745,0.5885202991024302,0.0,0.0,False
gtm,full,29,steel_industry,permutation,rep2,0.3493701075252275,0.5998658546368193,0.0,0.0,False
gtm,raw,29,steel_industry,deletion_30,rep2,0.36118338430591745,0.5885202991024302,0.0,0.0,False
gtm,full,29,steel_industry,deletion_30,rep2,0.3493701075252275,0.5998658546368193,0.0,0.0,False
gtm,raw,29,steel_industry,deletion_50,rep2,0.36118338430591745,0.5885202991024302,0.0,0.0,False
gtm,full,29,steel_industry,deletion_50,rep2,0.3493701075252275,0.5998658546368193,0.0,0.0,False
gtm,raw,29,steel_industry,insertion_1,rep2,0.36118338451547327,0.5885202969766679,5.8019233861728026e-08,1.3876758997243777e-07,False
gtm,full,29,steel_industry,insertion_1,rep2,0.3493701083432637,0.599865854293408,2.3414601368898502e-07,1.1758929973452877e-07,False
gtm,raw,29,steel_industry,insertion_4,rep2,0.36118338485259355,0.5885202994122791,1.5135692699175252e-07,1.4158484697069839e-07,False
gtm,full,29,steel_industry,insertion_4,rep2,0.3493701073651075,0.5998658548627748,-4.5831061168399856e-08,1.206675040354196e-07,False
gtm,raw,43,building_energy,reference,rep0,0.2735342419191279,0.42151763961000877,0.0,0.0,False
gtm,full,43,building_energy,reference,rep0,0.2617409092726035,0.41964894914822926,0.0,0.0,False
gtm,raw,43,building_energy,legal_gauge_direct,rep0,0.32252233454327517,0.4618555263328489,17.909309006596285,0.09022702403503824,False
gtm,full,43,building_energy,legal_gauge_direct,rep0,0.28619430943961394,0.4351410209947659,9.342597698987198,0.05374504246667444,False
gtm,raw,43,building_energy,legal_gauge_canonical_preprocessing,rep0,0.2735342490490921,0.42151753159411987,2.6066075520247978e-06,2.1903197276900592e-06,False
gtm,full,43,building_energy,legal_gauge_canonical_preprocessing,rep0,0.26174093406132104,0.41964889837605635,9.470708106640302e-06,3.29496110557602e-06,False
gtm,raw,43,building_energy,permutation,rep0,0.2735342419191279,0.42151763961000877,0.0,0.0,False
gtm,full,43,building_energy,permutation,rep0,0.2617409092726035,0.41964894914822926,0.0,0.0,False
gtm,raw,43,building_energy,deletion_30,rep0,0.2735342419191279,0.42151763961000877,0.0,0.0,True
gtm,full,43,building_energy,deletion_30,rep0,0.2617409092726035,0.41964894914822926,0.0,0.0,True
gtm,raw,43,building_energy,deletion_50,rep0,0.2735342419191279,0.42151763961000877,0.0,0.0,True
gtm,full,43,building_energy,deletion_50,rep0,0.2617409092726035,0.41964894914822926,0.0,0.0,True
gtm,raw,43,building_energy,insertion_1,rep0,0.2735342419191279,0.42151763961000877,0.0,0.0,False
gtm,full,43,building_energy,insertion_1,rep0,0.2617409092726035,0.41964894914822926,0.0,0.0,False
gtm,raw,43,building_energy,insertion_4,rep0,0.2735342039410483,0.42151756776770427,-1.3884214022930053e-05,7.326398974373991e-07,False
gtm,full,43,building_energy,insertion_4,rep0,0.26174089217022034,0.41964891282911815,-6.53408870343597e-06,4.3719635200370135e-07,False
gtm,raw,43,building_energy,permutation,rep1,0.2735342419191279,0.42151763961000877,0.0,0.0,False
gtm,full,43,building_energy,permutation,rep1,0.2617409092726035,0.41964894914822926,0.0,0.0,False
gtm,raw,43,building_energy,deletion_30,rep1,0.2735342419191279,0.42151763961000877,0.0,0.0,True
gtm,full,43,building_energy,deletion_30,rep1,0.2617409092726035,0.41964894914822926,0.0,0.0,True
gtm,raw,43,building_energy,deletion_50,rep1,0.2735342419191279,0.42151763961000877,0.0,0.0,True
gtm,full,43,building_energy,deletion_50,rep1,0.2617409092726035,0.41964894914822926,0.0,0.0,True
gtm,raw,43,building_energy,insertion_1,rep1,0.2735342419191279,0.42151763961000877,0.0,0.0,False
gtm,full,43,building_energy,insertion_1,rep1,0.2617409092726035,0.41964894914822926,0.0,0.0,False
gtm,raw,43,building_energy,insertion_4,rep1,0.2735342039410483,0.42151756776770427,-1.3884214022930053e-05,7.326398974373991e-07,False
gtm,full,43,building_energy,insertion_4,rep1,0.26174089217022034,0.41964891282911815,-6.53408870343597e-06,4.3719635200370135e-07,False
gtm,raw,43,building_energy,permutation,rep2,0.2735342419191279,0.42151763961000877,0.0,0.0,False
gtm,full,43,building_energy,permutation,rep2,0.2617409092726035,0.41964894914822926,0.0,0.0,False
gtm,raw,43,building_energy,deletion_30,rep2,0.2735342419191279,0.42151763961000877,0.0,0.0,True
gtm,full,43,building_energy,deletion_30,rep2,0.2617409092726035,0.41964894914822926,0.0,0.0,True
gtm,raw,43,building_energy,deletion_50,rep2,0.2735342419191279,0.42151763961000877,0.0,0.0,True
gtm,full,43,building_energy,deletion_50,rep2,0.2617409092726035,0.41964894914822926,0.0,0.0,True
gtm,raw,43,building_energy,insertion_1,rep2,0.2735342419191279,0.42151763961000877,0.0,0.0,False
gtm,full,43,building_energy,insertion_1,rep2,0.2617409092726035,0.41964894914822926,0.0,0.0,False
gtm,raw,43,building_energy,insertion_4,rep2,0.2735342039410483,0.42151756776770427,-1.3884214022930053e-05,7.326398974373991e-07,False
gtm,full,43,building_energy,insertion_4,rep2,0.26174089217022034,0.41964891282911815,-6.53408870343597e-06,4.3719635200370135e-07,False
gtm,raw,43,hydraulic,reference,rep0,0.05741626719522994,0.11614834563000424,0.0,0.0,False
gtm,full,43,hydraulic,reference,rep0,0.07237335461535023,0.13663408228117777,0.0,0.0,False
gtm,raw,43,hydraulic,legal_gauge_direct,rep0,9.172843158428096,9.595746872236,15876.035375546255,9.129517104518976,False
gtm,full,43,hydraulic,legal_gauge_direct,rep0,5.144357447217618,5.617734758082026,7008.082076005512,5.096897863873695,False
gtm,raw,43,hydraulic,legal_gauge_canonical_preprocessing,rep0,0.05741627465557498,0.11614833764869087,1.2993434439501073e-05,4.384442809883108e-07,False
gtm,full,43,hydraulic,legal_gauge_canonical_preprocessing,rep0,0.07237332037847309,0.13663403088047849,-4.7305914341322364e-05,6.70803607770913e-07,False
gtm,raw,43,hydraulic,permutation,rep0,0.05741626719522994,0.11614834563000424,0.0,0.0,False
gtm,full,43,hydraulic,permutation,rep0,0.07237335461535023,0.13663408228117777,0.0,0.0,False
gtm,raw,43,hydraulic,deletion_30,rep0,0.05741626719522994,0.11614834563000424,0.0,0.0,True
gtm,full,43,hydraulic,deletion_30,rep0,0.07237335461535023,0.13663408228117777,0.0,0.0,True
gtm,raw,43,hydraulic,deletion_50,rep0,0.05741626719522994,0.11614834563000424,0.0,0.0,True
gtm,full,43,hydraulic,deletion_50,rep0,0.07237335461535023,0.13663408228117777,0.0,0.0,True
gtm,raw,43,hydraulic,insertion_1,rep0,0.05741626719522994,0.11614834563000424,0.0,0.0,False
gtm,full,43,hydraulic,insertion_1,rep0,0.07237335461535023,0.13663408228117777,0.0,0.0,False
gtm,raw,43,hydraulic,insertion_4,rep0,0.05741626719522994,0.11614834563000424,0.0,0.0,False
gtm,full,43,hydraulic,insertion_4,rep0,0.07237335461535023,0.13663408228117777,0.0,0.0,False
gtm,raw,43,hydraulic,permutation,rep1,0.05741626719522994,0.11614834563000424,0.0,0.0,False
gtm,full,43,hydraulic,permutation,rep1,0.07237335461535023,0.13663408228117777,0.0,0.0,False
gtm,raw,43,hydraulic,deletion_30,rep1,0.05741626719522994,0.11614834563000424,0.0,0.0,True
gtm,full,43,hydraulic,deletion_30,rep1,0.07237335461535023,0.13663408228117777,0.0,0.0,True
gtm,raw,43,hydraulic,deletion_50,rep1,0.05741626719522994,0.11614834563000424,0.0,0.0,True
gtm,full,43,hydraulic,deletion_50,rep1,0.07237335461535023,0.13663408228117777,0.0,0.0,True
gtm,raw,43,hydraulic,insertion_1,rep1,0.05741626719522994,0.11614834563000424,0.0,0.0,False
gtm,full,43,hydraulic,insertion_1,rep1,0.07237335461535023,0.13663408228117777,0.0,0.0,False
gtm,raw,43,hydraulic,insertion_4,rep1,0.05741626719522994,0.11614834563000424,0.0,0.0,False
gtm,full,43,hydraulic,insertion_4,rep1,0.07237335461535023,0.13663408228117777,0.0,0.0,False
gtm,raw,43,hydraulic,permutation,rep2,0.05741626719522994,0.11614834563000424,0.0,0.0,False
gtm,full,43,hydraulic,permutation,rep2,0.07237335461535023,0.13663408228117777,0.0,0.0,False
gtm,raw,43,hydraulic,deletion_30,rep2,0.05741626719522994,0.11614834563000424,0.0,0.0,True
gtm,full,43,hydraulic,deletion_30,rep2,0.07237335461535023,0.13663408228117777,0.0,0.0,True
gtm,raw,43,hydraulic,deletion_50,rep2,0.05741626719522994,0.11614834563000424,0.0,0.0,True
gtm,full,43,hydraulic,deletion_50,rep2,0.07237335461535023,0.13663408228117777,0.0,0.0,True
gtm,raw,43,hydraulic,insertion_1,rep2,0.05741626719522994,0.11614834563000424,0.0,0.0,False
gtm,full,43,hydraulic,insertion_1,rep2,0.07237335461535023,0.13663408228117777,0.0,0.0,False
gtm,raw,43,hydraulic,insertion_4,rep2,0.05741626719522994,0.11614834563000424,0.0,0.0,False
gtm,full,43,hydraulic,insertion_4,rep2,0.07237335461535023,0.13663408228117777,0.0,0.0,False
gtm,raw,43,metropt,reference,rep0,0.4550814347543781,0.9415487436703623,0.0,0.0,False
gtm,full,43,metropt,reference,rep0,0.438257520830247,0.9472063044726171,0.0,0.0,False
gtm,raw,43,metropt,legal_gauge_direct,rep0,0.4550762379490388,0.9415666364648957,-0.0011419506361853848,4.024117606189914e-05,False
gtm,full,43,metropt,legal_gauge_direct,rep0,0.43825372313361927,0.947220445143234,-0.0008665445422439966,2.9640664622701208e-05,False
gtm,raw,43,metropt,legal_gauge_canonical_preprocessing,rep0,0.45508142466015816,0.941548718399378,-2.218112893359603e-06,4.471548981023512e-07,False
gtm,full,43,metropt,legal_gauge_canonical_preprocessing,rep0,0.4382575224052547,0.9472063038374109,3.5937950393361007e-07,4.84344507804277e-07,False
gtm,raw,43,metropt,permutation,rep0,0.4550814347543781,0.9415487436703623,0.0,0.0,False
gtm,full,43,metropt,permutation,rep0,0.438257520830247,0.9472063044726171,0.0,0.0,False
gtm,raw,43,metropt,deletion_30,rep0,0.4550814332960507,0.9415487415393465,-3.2045416320514164e-07,1.5059386354816217e-07,False
gtm,full,43,metropt,deletion_30,rep0,0.43825751797658696,0.9472063010453355,-6.51137721519035e-07,1.2420598354006287e-07,False
gtm,raw,43,metropt,deletion_50,rep0,0.4550814332960507,0.9415487415393465,-3.2045416320514164e-07,1.5059386354816217e-07,False
gtm,full,43,metropt,deletion_50,rep0,0.43825751797658696,0.9472063010453355,-6.51137721519035e-07,1.2420598354006287e-07,False
gtm,raw,43,metropt,insertion_1,rep0,0.45508143633489795,0.9415487450743536,3.4730482934008933e-07,1.4750668042364197e-07,False
gtm,full,43,metropt,insertion_1,rep0,0.4382575214717486,0.9472063043886205,1.463754895070224e-07,1.21216186088449e-07,False
gtm,raw,43,metropt,insertion_4,rep0,0.4550814347543781,0.9415487436703623,0.0,0.0,False
gtm,full,43,metropt,insertion_4,rep0,0.438257520830247,0.9472063044726171,0.0,0.0,False
gtm,raw,43,metropt,permutation,rep1,0.4550814347543781,0.9415487436703623,0.0,0.0,False
gtm,full,43,metropt,permutation,rep1,0.438257520830247,0.9472063044726171,0.0,0.0,False
gtm,raw,43,metropt,deletion_30,rep1,0.4550814332960507,0.9415487415393465,-3.2045416320514164e-07,1.5059386354816217e-07,False
gtm,full,43,metropt,deletion_30,rep1,0.43825751797658696,0.9472063010453355,-6.51137721519035e-07,1.2420598354006287e-07,False
gtm,raw,43,metropt,deletion_50,rep1,0.4550814332960507,0.9415487415393465,-3.2045416320514164e-07,1.5059386354816217e-07,False
gtm,full,43,metropt,deletion_50,rep1,0.43825751797658696,0.9472063010453355,-6.51137721519035e-07,1.2420598354006287e-07,False
gtm,raw,43,metropt,insertion_1,rep1,0.45508143633489795,0.9415487450743536,3.4730482934008933e-07,1.4750668042364197e-07,False
gtm,full,43,metropt,insertion_1,rep1,0.4382575214717486,0.9472063043886205,1.463754895070224e-07,1.21216186088449e-07,False
gtm,raw,43,metropt,insertion_4,rep1,0.4550814347543781,0.9415487436703623,0.0,0.0,False
gtm,full,43,metropt,insertion_4,rep1,0.438257520830247,0.9472063044726171,0.0,0.0,False
gtm,raw,43,metropt,permutation,rep2,0.4550814347543781,0.9415487436703623,0.0,0.0,False
gtm,full,43,metropt,permutation,rep2,0.438257520830247,0.9472063044726171,0.0,0.0,False
gtm,raw,43,metropt,deletion_30,rep2,0.4550814332960507,0.9415487415393465,-3.2045416320514164e-07,1.5059386354816217e-07,False
gtm,full,43,metropt,deletion_30,rep2,0.43825751797658696,0.9472063010453355,-6.51137721519035e-07,1.2420598354006287e-07,False
gtm,raw,43,metropt,deletion_50,rep2,0.4550814332960507,0.9415487415393465,-3.2045416320514164e-07,1.5059386354816217e-07,False
gtm,full,43,metropt,deletion_50,rep2,0.43825751797658696,0.9472063010453355,-6.51137721519035e-07,1.2420598354006287e-07,False
gtm,raw,43,metropt,insertion_1,rep2,0.45508143633489795,0.9415487450743536,3.4730482934008933e-07,1.4750668042364197e-07,False
gtm,full,43,metropt,insertion_1,rep2,0.4382575214717486,0.9472063043886205,1.463754895070224e-07,1.21216186088449e-07,False
gtm,raw,43,metropt,insertion_4,rep2,0.4550814347543781,0.9415487436703623,0.0,0.0,False
gtm,full,43,metropt,insertion_4,rep2,0.438257520830247,0.9472063044726171,0.0,0.0,False
gtm,raw,43,pmsm,reference,rep0,0.05829439522156952,0.14948320024212816,0.0,0.0,False
gtm,full,43,pmsm,reference,rep0,0.051547174173962075,0.14092556279076116,0.0,0.0,False
gtm,raw,43,pmsm,legal_gauge_direct,rep0,0.15645693740279745,0.24413683474264092,168.3910465287867,0.10543344136850476,False
gtm,full,43,pmsm,legal_gauge_direct,rep0,0.10619588861155187,0.19352685767919478,106.01689678111276,0.06356818049599788,False
gtm,raw,43,pmsm,legal_gauge_canonical_preprocessing,rep0,0.058294396748648315,0.1494831796989946,2.6195979829779503e-06,3.5033353670000037e-07,False
gtm,full,43,pmsm,legal_gauge_canonical_preprocessing,rep0,0.05154714059402619,0.1409255400318322,-6.514408680269312e-05,7.37440223565541e-07,False
gtm,raw,43,pmsm,permutation,rep0,0.05829439522156952,0.14948320024212816,0.0,0.0,False
gtm,full,43,pmsm,permutation,rep0,0.051547174173962075,0.14092556279076116,0.0,0.0,False
gtm,raw,43,pmsm,deletion_30,rep0,0.05829439522156952,0.14948320024212816,0.0,0.0,True
gtm,full,43,pmsm,deletion_30,rep0,0.051547174173962075,0.14092556279076116,0.0,0.0,True
gtm,raw,43,pmsm,deletion_50,rep0,0.05829439522156952,0.14948320024212816,0.0,0.0,True
gtm,full,43,pmsm,deletion_50,rep0,0.051547174173962075,0.14092556279076116,0.0,0.0,True
gtm,raw,43,pmsm,insertion_1,rep0,0.05829439507178141,0.14948320033447257,-2.5695112704227085e-07,1.4233270168025907e-08,False
gtm,full,43,pmsm,insertion_1,rep0,0.05154717349214342,0.14092556216267932,-1.3227081208100344e-06,8.291000404788997e-09,False
gtm,raw,43,pmsm,insertion_4,rep0,0.05829439522156952,0.14948320024212816,0.0,0.0,False
gtm,full,43,pmsm,insertion_4,rep0,0.051547174173962075,0.14092556279076116,0.0,0.0,False
gtm,raw,43,pmsm,permutation,rep1,0.05829439522156952,0.14948320024212816,0.0,0.0,False
gtm,full,43,pmsm,permutation,rep1,0.051547174173962075,0.14092556279076116,0.0,0.0,False
gtm,raw,43,pmsm,deletion_30,rep1,0.05829439522156952,0.14948320024212816,0.0,0.0,True
gtm,full,43,pmsm,deletion_30,rep1,0.051547174173962075,0.14092556279076116,0.0,0.0,True
gtm,raw,43,pmsm,deletion_50,rep1,0.05829439522156952,0.14948320024212816,0.0,0.0,True
gtm,full,43,pmsm,deletion_50,rep1,0.051547174173962075,0.14092556279076116,0.0,0.0,True
gtm,raw,43,pmsm,insertion_1,rep1,0.05829439507178141,0.14948320033447257,-2.5695112704227085e-07,1.4233270168025907e-08,False
gtm,full,43,pmsm,insertion_1,rep1,0.05154717349214342,0.14092556216267932,-1.3227081208100344e-06,8.291000404788997e-09,False
gtm,raw,43,pmsm,insertion_4,rep1,0.05829439522156952,0.14948320024212816,0.0,0.0,False
gtm,full,43,pmsm,insertion_4,rep1,0.051547174173962075,0.14092556279076116,0.0,0.0,False
gtm,raw,43,pmsm,permutation,rep2,0.05829439522156952,0.14948320024212816,0.0,0.0,False
gtm,full,43,pmsm,permutation,rep2,0.051547174173962075,0.14092556279076116,0.0,0.0,False
gtm,raw,43,pmsm,deletion_30,rep2,0.05829439522156952,0.14948320024212816,0.0,0.0,True
gtm,full,43,pmsm,deletion_30,rep2,0.051547174173962075,0.14092556279076116,0.0,0.0,True
gtm,raw,43,pmsm,deletion_50,rep2,0.05829439522156952,0.14948320024212816,0.0,0.0,True
gtm,full,43,pmsm,deletion_50,rep2,0.051547174173962075,0.14092556279076116,0.0,0.0,True
gtm,raw,43,pmsm,insertion_1,rep2,0.05829439507178141,0.14948320033447257,-2.5695112704227085e-07,1.4233270168025907e-08,False
gtm,full,43,pmsm,insertion_1,rep2,0.05154717349214342,0.14092556216267932,-1.3227081208100344e-06,8.291000404788997e-09,False
gtm,raw,43,pmsm,insertion_4,rep2,0.05829439522156952,0.14948320024212816,0.0,0.0,False
gtm,full,43,pmsm,insertion_4,rep2,0.051547174173962075,0.14092556279076116,0.0,0.0,False
gtm,raw,43,steel_industry,reference,rep0,0.3568162827520573,0.5829031201391641,0.0,0.0,False
gtm,full,43,steel_industry,reference,rep0,0.3460078796617577,0.5966501637279243,0.0,0.0,False
gtm,raw,43,steel_industry,legal_gauge_direct,rep0,0.3567207276526416,0.5831643971057276,-0.0267799156133397,0.007906618205240296,False
gtm,full,43,steel_industry,legal_gauge_direct,rep0,0.34573878827517907,0.5963812950842355,-0.07777030593687506,0.006223522147877339,False
gtm,raw,43,steel_industry,legal_gauge_canonical_preprocessing,rep0,0.3568162776152629,0.5829031199464636,-1.439618824150557e-06,1.6078144600017104e-07,False
gtm,full,43,steel_industry,legal_gauge_canonical_preprocessing,rep0,0.3460078737340093,0.5966501652375088,-1.7131830620797928e-06,1.4431038894530847e-07,False
gtm,raw,43,steel_industry,permutation,rep0,0.3568162827520573,0.5829031201391641,0.0,0.0,False
gtm,full,43,steel_industry,permutation,rep0,0.3460078796617577,0.5966501637279243,0.0,0.0,False
gtm,raw,43,steel_industry,deletion_30,rep0,0.3568162827520573,0.5829031201391641,0.0,0.0,False
gtm,full,43,steel_industry,deletion_30,rep0,0.3460078796617577,0.5966501637279243,0.0,0.0,False
gtm,raw,43,steel_industry,deletion_50,rep0,0.3568162827520573,0.5829031201391641,0.0,0.0,False
gtm,full,43,steel_industry,deletion_50,rep0,0.3460078796617577,0.5966501637279243,0.0,0.0,False
gtm,raw,43,steel_industry,insertion_1,rep0,0.35681628220790773,0.5829031203114577,-1.5250132268107564e-07,1.4001753430044558e-07,False
gtm,full,43,steel_industry,insertion_1,rep0,0.3460078792402072,0.5966501650423889,-1.2183263287113277e-07,1.1910941139138075e-07,False
gtm,raw,43,steel_industry,insertion_4,rep0,0.35681628375811403,0.58290312262977,2.8195370482819726e-07,1.4366871611832695e-07,False
gtm,full,43,steel_industry,insertion_4,rep0,0.34600788022053275,0.5966501665854966,1.6149199755233212e-07,1.2224192723984425e-07,False
gtm,raw,43,steel_industry,permutation,rep1,0.3568162827520573,0.5829031201391641,0.0,0.0,False
gtm,full,43,steel_industry,permutation,rep1,0.3460078796617577,0.5966501637279243,0.0,0.0,False
gtm,raw,43,steel_industry,deletion_30,rep1,0.3568162827520573,0.5829031201391641,0.0,0.0,False
gtm,full,43,steel_industry,deletion_30,rep1,0.3460078796617577,0.5966501637279243,0.0,0.0,False
gtm,raw,43,steel_industry,deletion_50,rep1,0.3568162827520573,0.5829031201391641,0.0,0.0,False
gtm,full,43,steel_industry,deletion_50,rep1,0.3460078796617577,0.5966501637279243,0.0,0.0,False
gtm,raw,43,steel_industry,insertion_1,rep1,0.35681628220790773,0.5829031203114577,-1.5250132268107564e-07,1.4001753430044558e-07,False
gtm,full,43,steel_industry,insertion_1,rep1,0.3460078792402072,0.5966501650423889,-1.2183263287113277e-07,1.1910941139138075e-07,False
gtm,raw,43,steel_industry,insertion_4,rep1,0.35681628375811403,0.58290312262977,2.8195370482819726e-07,1.4366871611832695e-07,False
gtm,full,43,steel_industry,insertion_4,rep1,0.34600788022053275,0.5966501665854966,1.6149199755233212e-07,1.2224192723984425e-07,False
gtm,raw,43,steel_industry,permutation,rep2,0.3568162827520573,0.5829031201391641,0.0,0.0,False
gtm,full,43,steel_industry,permutation,rep2,0.3460078796617577,0.5966501637279243,0.0,0.0,False
gtm,raw,43,steel_industry,deletion_30,rep2,0.3568162827520573,0.5829031201391641,0.0,0.0,False
gtm,full,43,steel_industry,deletion_30,rep2,0.3460078796617577,0.5966501637279243,0.0,0.0,False
gtm,raw,43,steel_industry,deletion_50,rep2,0.3568162827520573,0.5829031201391641,0.0,0.0,False
gtm,full,43,steel_industry,deletion_50,rep2,0.3460078796617577,0.5966501637279243,0.0,0.0,False
gtm,raw,43,steel_industry,insertion_1,rep2,0.35681628220790773,0.5829031203114577,-1.5250132268107564e-07,1.4001753430044558e-07,False
gtm,full,43,steel_industry,insertion_1,rep2,0.3460078792402072,0.5966501650423889,-1.2183263287113277e-07,1.1910941139138075e-07,False
gtm,raw,43,steel_industry,insertion_4,rep2,0.35681628375811403,0.58290312262977,2.8195370482819726e-07,1.4366871611832695e-07,False
gtm,full,43,steel_industry,insertion_4,rep2,0.34600788022053275,0.5966501665854966,1.6149199755233212e-07,1.2224192723984425e-07,False
gtm,raw,71,building_energy,reference,rep0,0.27163342850053207,0.41766319834526755,0.0,0.0,False
gtm,full,71,building_energy,reference,rep0,0.2603836484329823,0.4182230189769846,0.0,0.0,False
gtm,raw,71,building_energy,legal_gauge_direct,rep0,0.3285585664615692,0.4660917526376353,20.956602534259016,0.09788728642479692,False
gtm,full,71,building_energy,legal_gauge_direct,rep0,0.28838346743521703,0.4364846605655221,10.753293907179184,0.05750474075440073,False
gtm,raw,71,building_energy,legal_gauge_canonical_preprocessing,rep0,0.2716335022503291,0.41766317151226495,2.715048639245765e-05,2.245872584636816e-06,False
gtm,full,71,building_energy,legal_gauge_canonical_preprocessing,rep0,0.26038373704607665,0.4182230395407643,3.4031743112450386e-05,3.345374448368894e-06,False
gtm,raw,71,building_energy,permutation,rep0,0.27163342850053207,0.41766319834526755,0.0,0.0,False
gtm,full,71,building_energy,permutation,rep0,0.2603836484329823,0.4182230189769846,0.0,0.0,False
gtm,raw,71,building_energy,deletion_30,rep0,0.27163342850053207,0.41766319834526755,0.0,0.0,True
gtm,full,71,building_energy,deletion_30,rep0,0.2603836484329823,0.4182230189769846,0.0,0.0,True
gtm,raw,71,building_energy,deletion_50,rep0,0.27163342850053207,0.41766319834526755,0.0,0.0,True
gtm,full,71,building_energy,deletion_50,rep0,0.2603836484329823,0.4182230189769846,0.0,0.0,True
gtm,raw,71,building_energy,insertion_1,rep0,0.27163342850053207,0.41766319834526755,0.0,0.0,False
gtm,full,71,building_energy,insertion_1,rep0,0.2603836484329823,0.4182230189769846,0.0,0.0,False
gtm,raw,71,building_energy,insertion_4,rep0,0.2716334022513961,0.41766322545634615,-9.663440958540548e-06,9.090031864028456e-07,False
gtm,full,71,building_energy,insertion_4,rep0,0.2603836452615536,0.41822306147659105,-1.2179830366498834e-06,5.211826313974621e-07,False
gtm,raw,71,building_energy,permutation,rep1,0.27163342850053207,0.41766319834526755,0.0,0.0,False
gtm,full,71,building_energy,permutation,rep1,0.2603836484329823,0.4182230189769846,0.0,0.0,False
gtm,raw,71,building_energy,deletion_30,rep1,0.27163342850053207,0.41766319834526755,0.0,0.0,True
gtm,full,71,building_energy,deletion_30,rep1,0.2603836484329823,0.4182230189769846,0.0,0.0,True
gtm,raw,71,building_energy,deletion_50,rep1,0.27163342850053207,0.41766319834526755,0.0,0.0,True
gtm,full,71,building_energy,deletion_50,rep1,0.2603836484329823,0.4182230189769846,0.0,0.0,True
gtm,raw,71,building_energy,insertion_1,rep1,0.27163342850053207,0.41766319834526755,0.0,0.0,False
gtm,full,71,building_energy,insertion_1,rep1,0.2603836484329823,0.4182230189769846,0.0,0.0,False
gtm,raw,71,building_energy,insertion_4,rep1,0.2716334022513961,0.41766322545634615,-9.663440958540548e-06,9.090031864028456e-07,False
gtm,full,71,building_energy,insertion_4,rep1,0.2603836452615536,0.41822306147659105,-1.2179830366498834e-06,5.211826313974621e-07,False
gtm,raw,71,building_energy,permutation,rep2,0.27163342850053207,0.41766319834526755,0.0,0.0,False
gtm,full,71,building_energy,permutation,rep2,0.2603836484329823,0.4182230189769846,0.0,0.0,False
gtm,raw,71,building_energy,deletion_30,rep2,0.27163342850053207,0.41766319834526755,0.0,0.0,True
gtm,full,71,building_energy,deletion_30,rep2,0.2603836484329823,0.4182230189769846,0.0,0.0,True
gtm,raw,71,building_energy,deletion_50,rep2,0.27163342850053207,0.41766319834526755,0.0,0.0,True
gtm,full,71,building_energy,deletion_50,rep2,0.2603836484329823,0.4182230189769846,0.0,0.0,True
gtm,raw,71,building_energy,insertion_1,rep2,0.27163342850053207,0.41766319834526755,0.0,0.0,False
gtm,full,71,building_energy,insertion_1,rep2,0.2603836484329823,0.4182230189769846,0.0,0.0,False
gtm,raw,71,building_energy,insertion_4,rep2,0.2716334022513961,0.41766322545634615,-9.663440958540548e-06,9.090031864028456e-07,False
gtm,full,71,building_energy,insertion_4,rep2,0.2603836452615536,0.41822306147659105,-1.2179830366498834e-06,5.211826313974621e-07,False
gtm,raw,71,hydraulic,reference,rep0,0.05991542457221478,0.12838574948652304,0.0,0.0,False
gtm,full,71,hydraulic,reference,rep0,0.07234355766489604,0.13924147539888823,0.0,0.0,False
gtm,raw,71,hydraulic,legal_gauge_direct,rep0,15.331295118742593,16.326682301448834,25488.227452622174,15.284126927630291,False
gtm,full,71,hydraulic,legal_gauge_direct,rep0,8.583205970001629,9.524850409386149,11764.50631825443,8.534251802893744,False
gtm,raw,71,hydraulic,legal_gauge_canonical_preprocessing,rep0,0.05991543284626017,0.1283857513831681,1.3809541443698947e-05,4.4128820833289413e-07,False
gtm,full,71,hydraulic,legal_gauge_canonical_preprocessing,rep0,0.07234352954615693,0.13924143195854605,-3.8868338825270854e-05,6.714273491641632e-07,False
gtm,raw,71,hydraulic,permutation,rep0,0.05991542457221478,0.12838574948652304,0.0,0.0,False
gtm,full,71,hydraulic,permutation,rep0,0.07234355766489604,0.13924147539888823,0.0,0.0,False
gtm,raw,71,hydraulic,deletion_30,rep0,0.05991542457221478,0.12838574948652304,0.0,0.0,True
gtm,full,71,hydraulic,deletion_30,rep0,0.07234355766489604,0.13924147539888823,0.0,0.0,True
gtm,raw,71,hydraulic,deletion_50,rep0,0.05991542457221478,0.12838574948652304,0.0,0.0,True
gtm,full,71,hydraulic,deletion_50,rep0,0.07234355766489604,0.13924147539888823,0.0,0.0,True
gtm,raw,71,hydraulic,insertion_1,rep0,0.05991542457221478,0.12838574948652304,0.0,0.0,False
gtm,full,71,hydraulic,insertion_1,rep0,0.07234355766489604,0.13924147539888823,0.0,0.0,False
gtm,raw,71,hydraulic,insertion_4,rep0,0.05991542457221478,0.12838574948652304,0.0,0.0,False
gtm,full,71,hydraulic,insertion_4,rep0,0.07234355766489604,0.13924147539888823,0.0,0.0,False
gtm,raw,71,hydraulic,permutation,rep1,0.05991542457221478,0.12838574948652304,0.0,0.0,False
gtm,full,71,hydraulic,permutation,rep1,0.07234355766489604,0.13924147539888823,0.0,0.0,False
gtm,raw,71,hydraulic,deletion_30,rep1,0.05991542457221478,0.12838574948652304,0.0,0.0,True
gtm,full,71,hydraulic,deletion_30,rep1,0.07234355766489604,0.13924147539888823,0.0,0.0,True
gtm,raw,71,hydraulic,deletion_50,rep1,0.05991542457221478,0.12838574948652304,0.0,0.0,True
gtm,full,71,hydraulic,deletion_50,rep1,0.07234355766489604,0.13924147539888823,0.0,0.0,True
gtm,raw,71,hydraulic,insertion_1,rep1,0.05991542457221478,0.12838574948652304,0.0,0.0,False
gtm,full,71,hydraulic,insertion_1,rep1,0.07234355766489604,0.13924147539888823,0.0,0.0,False
gtm,raw,71,hydraulic,insertion_4,rep1,0.05991542457221478,0.12838574948652304,0.0,0.0,False
gtm,full,71,hydraulic,insertion_4,rep1,0.07234355766489604,0.13924147539888823,0.0,0.0,False
gtm,raw,71,hydraulic,permutation,rep2,0.05991542457221478,0.12838574948652304,0.0,0.0,False
gtm,full,71,hydraulic,permutation,rep2,0.07234355766489604,0.13924147539888823,0.0,0.0,False
gtm,raw,71,hydraulic,deletion_30,rep2,0.05991542457221478,0.12838574948652304,0.0,0.0,True
gtm,full,71,hydraulic,deletion_30,rep2,0.07234355766489604,0.13924147539888823,0.0,0.0,True
gtm,raw,71,hydraulic,deletion_50,rep2,0.05991542457221478,0.12838574948652304,0.0,0.0,True
gtm,full,71,hydraulic,deletion_50,rep2,0.07234355766489604,0.13924147539888823,0.0,0.0,True
gtm,raw,71,hydraulic,insertion_1,rep2,0.05991542457221478,0.12838574948652304,0.0,0.0,False
gtm,full,71,hydraulic,insertion_1,rep2,0.07234355766489604,0.13924147539888823,0.0,0.0,False
gtm,raw,71,hydraulic,insertion_4,rep2,0.05991542457221478,0.12838574948652304,0.0,0.0,False
gtm,full,71,hydraulic,insertion_4,rep2,0.07234355766489604,0.13924147539888823,0.0,0.0,False
gtm,raw,71,metropt,reference,rep0,0.4557358960668605,0.9397346752474905,0.0,0.0,False
gtm,full,71,metropt,reference,rep0,0.4397598406413232,0.9476850192177825,0.0,0.0,False
gtm,raw,71,metropt,legal_gauge_direct,rep0,0.4557109012526799,0.9397679388588436,-0.005484495383467625,7.665582005898562e-05,False
gtm,full,71,metropt,legal_gauge_direct,rep0,0.439746519724987,0.9477088368565333,-0.003029134337673156,5.053792070559354e-05,False
gtm,raw,71,metropt,legal_gauge_canonical_preprocessing,rep0,0.4557359407301374,0.9397347057740744,9.80025434138554e-06,4.6802626449900584e-07,False
gtm,full,71,metropt,legal_gauge_canonical_preprocessing,rep0,0.4397598917450139,0.947685053407995,1.1620817996771393e-05,4.6411469319898505e-07,False
gtm,raw,71,metropt,permutation,rep0,0.4557358960668605,0.9397346752474905,0.0,0.0,False
gtm,full,71,metropt,permutation,rep0,0.4397598406413232,0.9476850192177825,0.0,0.0,False
gtm,raw,71,metropt,deletion_30,rep0,0.4557361550120688,0.9397348414250627,5.681913812782824e-05,1.6264741981887168e-06,False
gtm,full,71,metropt,deletion_30,rep0,0.43976008530193605,0.9476851765969982,5.5635051277036496e-05,1.4006190400310476e-06,False
gtm,raw,71,metropt,deletion_50,rep0,0.4557361550120688,0.9397348414250627,5.681913812782824e-05,1.6264741981887168e-06,False
gtm,full,71,metropt,deletion_50,rep0,0.43976008530193605,0.9476851765969982,5.5635051277036496e-05,1.4006190400310476e-06,False
gtm,raw,71,metropt,insertion_1,rep0,0.4557359009709044,0.939734679506655,1.076071454164662e-06,1.508632015010576e-07,False
gtm,full,71,metropt,insertion_1,rep0,0.43975984613774627,0.9476850243963225,1.249869274744242e-06,1.2691094155245065e-07,False
gtm,raw,71,metropt,insertion_4,rep0,0.4557358960668605,0.9397346752474905,0.0,0.0,False
gtm,full,71,metropt,insertion_4,rep0,0.4397598406413232,0.9476850192177825,0.0,0.0,False
gtm,raw,71,metropt,permutation,rep1,0.4557358960668605,0.9397346752474905,0.0,0.0,False
gtm,full,71,metropt,permutation,rep1,0.4397598406413232,0.9476850192177825,0.0,0.0,False
gtm,raw,71,metropt,deletion_30,rep1,0.4557361550120688,0.9397348414250627,5.681913812782824e-05,1.6264741981887168e-06,False
gtm,full,71,metropt,deletion_30,rep1,0.43976008530193605,0.9476851765969982,5.5635051277036496e-05,1.4006190400310476e-06,False
gtm,raw,71,metropt,deletion_50,rep1,0.4557361550120688,0.9397348414250627,5.681913812782824e-05,1.6264741981887168e-06,False
gtm,full,71,metropt,deletion_50,rep1,0.43976008530193605,0.9476851765969982,5.5635051277036496e-05,1.4006190400310476e-06,False
gtm,raw,71,metropt,insertion_1,rep1,0.4557359009709044,0.939734679506655,1.076071454164662e-06,1.508632015010576e-07,False
gtm,full,71,metropt,insertion_1,rep1,0.43975984613774627,0.9476850243963225,1.249869274744242e-06,1.2691094155245065e-07,False
gtm,raw,71,metropt,insertion_4,rep1,0.4557358960668605,0.9397346752474905,0.0,0.0,False
gtm,full,71,metropt,insertion_4,rep1,0.4397598406413232,0.9476850192177825,0.0,0.0,False
gtm,raw,71,metropt,permutation,rep2,0.4557358960668605,0.9397346752474905,0.0,0.0,False
gtm,full,71,metropt,permutation,rep2,0.4397598406413232,0.9476850192177825,0.0,0.0,False
gtm,raw,71,metropt,deletion_30,rep2,0.4557361550120688,0.9397348414250627,5.681913812782824e-05,1.6264741981887168e-06,False
gtm,full,71,metropt,deletion_30,rep2,0.43976008530193605,0.9476851765969982,5.5635051277036496e-05,1.4006190400310476e-06,False
gtm,raw,71,metropt,deletion_50,rep2,0.4557361550120688,0.9397348414250627,5.681913812782824e-05,1.6264741981887168e-06,False
gtm,full,71,metropt,deletion_50,rep2,0.43976008530193605,0.9476851765969982,5.5635051277036496e-05,1.4006190400310476e-06,False
gtm,raw,71,metropt,insertion_1,rep2,0.4557359009709044,0.939734679506655,1.076071454164662e-06,1.508632015010576e-07,False
gtm,full,71,metropt,insertion_1,rep2,0.43975984613774627,0.9476850243963225,1.249869274744242e-06,1.2691094155245065e-07,False
gtm,raw,71,metropt,insertion_4,rep2,0.4557358960668605,0.9397346752474905,0.0,0.0,False
gtm,full,71,metropt,insertion_4,rep2,0.4397598406413232,0.9476850192177825,0.0,0.0,False
gtm,raw,71,pmsm,reference,rep0,0.05897996011181569,0.15254965280621122,0.0,0.0,False
gtm,full,71,pmsm,reference,rep0,0.05210484012217983,0.14353741363703817,0.0,0.0,False
gtm,raw,71,pmsm,legal_gauge_direct,rep0,0.2275569041013791,0.320672727172395,285.8207154938237,0.1761771930641575,False
gtm,full,71,pmsm,legal_gauge_direct,rep0,0.14654156482905734,0.23813070886730592,181.24367042569233,0.10404222574356342,False
gtm,raw,71,pmsm,legal_gauge_canonical_preprocessing,rep0,0.058979952318954025,0.15254964463462453,-1.3212727922873313e-05,3.444962470749962e-07,False
gtm,full,71,pmsm,legal_gauge_canonical_preprocessing,rep0,0.05210480808035334,0.14353737914485784,-6.149491375007088e-05,7.571336293085476e-07,False
gtm,raw,71,pmsm,permutation,rep0,0.05897996011181569,0.15254965280621122,0.0,0.0,False
gtm,full,71,pmsm,permutation,rep0,0.05210484012217983,0.14353741363703817,0.0,0.0,False
gtm,raw,71,pmsm,deletion_30,rep0,0.05897996011181569,0.15254965280621122,0.0,0.0,True
gtm,full,71,pmsm,deletion_30,rep0,0.05210484012217983,0.14353741363703817,0.0,0.0,True
gtm,raw,71,pmsm,deletion_50,rep0,0.05897996011181569,0.15254965280621122,0.0,0.0,True
gtm,full,71,pmsm,deletion_50,rep0,0.05210484012217983,0.14353741363703817,0.0,0.0,True
gtm,raw,71,pmsm,insertion_1,rep0,0.05897996000357455,0.15254965196872447,-1.835218865764432e-07,1.4744130486590858e-08,False
gtm,full,71,pmsm,insertion_1,rep0,0.05210484118069833,0.14353741515943966,2.031516643796749e-06,8.841549556256808e-09,False
gtm,raw,71,pmsm,insertion_4,rep0,0.05897996011181569,0.15254965280621122,0.0,0.0,False
gtm,full,71,pmsm,insertion_4,rep0,0.05210484012217983,0.14353741363703817,0.0,0.0,False
gtm,raw,71,pmsm,permutation,rep1,0.05897996011181569,0.15254965280621122,0.0,0.0,False
gtm,full,71,pmsm,permutation,rep1,0.05210484012217983,0.14353741363703817,0.0,0.0,False
gtm,raw,71,pmsm,deletion_30,rep1,0.05897996011181569,0.15254965280621122,0.0,0.0,True
gtm,full,71,pmsm,deletion_30,rep1,0.05210484012217983,0.14353741363703817,0.0,0.0,True
gtm,raw,71,pmsm,deletion_50,rep1,0.05897996011181569,0.15254965280621122,0.0,0.0,True
gtm,full,71,pmsm,deletion_50,rep1,0.05210484012217983,0.14353741363703817,0.0,0.0,True
gtm,raw,71,pmsm,insertion_1,rep1,0.05897996000357455,0.15254965196872447,-1.835218865764432e-07,1.4744130486590858e-08,False
gtm,full,71,pmsm,insertion_1,rep1,0.05210484118069833,0.14353741515943966,2.031516643796749e-06,8.841549556256808e-09,False
gtm,raw,71,pmsm,insertion_4,rep1,0.05897996011181569,0.15254965280621122,0.0,0.0,False
gtm,full,71,pmsm,insertion_4,rep1,0.05210484012217983,0.14353741363703817,0.0,0.0,False
gtm,raw,71,pmsm,permutation,rep2,0.05897996011181569,0.15254965280621122,0.0,0.0,False
gtm,full,71,pmsm,permutation,rep2,0.05210484012217983,0.14353741363703817,0.0,0.0,False
gtm,raw,71,pmsm,deletion_30,rep2,0.05897996011181569,0.15254965280621122,0.0,0.0,True
gtm,full,71,pmsm,deletion_30,rep2,0.05210484012217983,0.14353741363703817,0.0,0.0,True
gtm,raw,71,pmsm,deletion_50,rep2,0.05897996011181569,0.15254965280621122,0.0,0.0,True
gtm,full,71,pmsm,deletion_50,rep2,0.05210484012217983,0.14353741363703817,0.0,0.0,True
gtm,raw,71,pmsm,insertion_1,rep2,0.05897996000357455,0.15254965196872447,-1.835218865764432e-07,1.4744130486590858e-08,False
gtm,full,71,pmsm,insertion_1,rep2,0.05210484118069833,0.14353741515943966,2.031516643796749e-06,8.841549556256808e-09,False
gtm,raw,71,pmsm,insertion_4,rep2,0.05897996011181569,0.15254965280621122,0.0,0.0,False
gtm,full,71,pmsm,insertion_4,rep2,0.05210484012217983,0.14353741363703817,0.0,0.0,False
gtm,raw,71,steel_industry,reference,rep0,0.3616414057308146,0.5866091060796036,0.0,0.0,False
gtm,full,71,steel_industry,reference,rep0,0.3512122258578398,0.60110697151216,0.0,0.0,False
gtm,raw,71,steel_industry,legal_gauge_direct,rep0,0.36068570663147986,0.5861251699573689,-0.26426705686629637,0.0077850655677842665,False
gtm,full,71,steel_industry,legal_gauge_direct,rep0,0.3503878683499783,0.6003315101427742,-0.23471777095684931,0.005923672245200692,False
gtm,raw,71,steel_industry,legal_gauge_canonical_preprocessing,rep0,0.3616413959363972,0.5866091019086145,-2.708323010303104e-06,1.6199011431569572e-07,False
gtm,full,71,steel_industry,legal_gauge_canonical_preprocessing,rep0,0.35121221618911774,0.6011069676327339,-2.7529571400286557e-06,1.451004782034105e-07,False
gtm,raw,71,steel_industry,permutation,rep0,0.3616414057308146,0.5866091060796036,0.0,0.0,False
gtm,full,71,steel_industry,permutation,rep0,0.3512122258578398,0.60110697151216,0.0,0.0,False
gtm,raw,71,steel_industry,deletion_30,rep0,0.3616414057308146,0.5866091060796036,0.0,0.0,False
gtm,full,71,steel_industry,deletion_30,rep0,0.3512122258578398,0.60110697151216,0.0,0.0,False
gtm,raw,71,steel_industry,deletion_50,rep0,0.3616414057308146,0.5866091060796036,0.0,0.0,False
gtm,full,71,steel_industry,deletion_50,rep0,0.3512122258578398,0.60110697151216,0.0,0.0,False
gtm,raw,71,steel_industry,insertion_1,rep0,0.36164140563006353,0.5866091041632787,-2.7859381468431366e-08,1.3877659578033708e-07,False
gtm,full,71,steel_industry,insertion_1,rep0,0.35121222519283757,0.6011069693028923,-1.8934483980714845e-07,1.1931361742557116e-07,False
gtm,raw,71,steel_industry,insertion_4,rep0,0.3616414048618741,0.5866091045071363,-2.402768206621886e-07,1.4390355009684567e-07,False
gtm,full,71,steel_industry,insertion_4,rep0,0.35121222479851905,0.6011069696924916,-3.0161840802733764e-07,1.232871087139408e-07,False
gtm,raw,71,steel_industry,permutation,rep1,0.3616414057308146,0.5866091060796036,0.0,0.0,False
gtm,full,71,steel_industry,permutation,rep1,0.3512122258578398,0.60110697151216,0.0,0.0,False
gtm,raw,71,steel_industry,deletion_30,rep1,0.3616414057308146,0.5866091060796036,0.0,0.0,False
gtm,full,71,steel_industry,deletion_30,rep1,0.3512122258578398,0.60110697151216,0.0,0.0,False
gtm,raw,71,steel_industry,deletion_50,rep1,0.3616414057308146,0.5866091060796036,0.0,0.0,False
gtm,full,71,steel_industry,deletion_50,rep1,0.3512122258578398,0.60110697151216,0.0,0.0,False
gtm,raw,71,steel_industry,insertion_1,rep1,0.36164140563006353,0.5866091041632787,-2.7859381468431366e-08,1.3877659578033708e-07,False
gtm,full,71,steel_industry,insertion_1,rep1,0.35121222519283757,0.6011069693028923,-1.8934483980714845e-07,1.1931361742557116e-07,False
gtm,raw,71,steel_industry,insertion_4,rep1,0.3616414048618741,0.5866091045071363,-2.402768206621886e-07,1.4390355009684567e-07,False
gtm,full,71,steel_industry,insertion_4,rep1,0.35121222479851905,0.6011069696924916,-3.0161840802733764e-07,1.232871087139408e-07,False
gtm,raw,71,steel_industry,permutation,rep2,0.3616414057308146,0.5866091060796036,0.0,0.0,False
gtm,full,71,steel_industry,permutation,rep2,0.3512122258578398,0.60110697151216,0.0,0.0,False
gtm,raw,71,steel_industry,deletion_30,rep2,0.3616414057308146,0.5866091060796036,0.0,0.0,False
gtm,full,71,steel_industry,deletion_30,rep2,0.3512122258578398,0.60110697151216,0.0,0.0,False
gtm,raw,71,steel_industry,deletion_50,rep2,0.3616414057308146,0.5866091060796036,0.0,0.0,False
gtm,full,71,steel_industry,deletion_50,rep2,0.3512122258578398,0.60110697151216,0.0,0.0,False
gtm,raw,71,steel_industry,insertion_1,rep2,0.36164140563006353,0.5866091041632787,-2.7859381468431366e-08,1.3877659578033708e-07,False
gtm,full,71,steel_industry,insertion_1,rep2,0.35121222519283757,0.6011069693028923,-1.8934483980714845e-07,1.1931361742557116e-07,False
gtm,raw,71,steel_industry,insertion_4,rep2,0.3616414048618741,0.5866091045071363,-2.402768206621886e-07,1.4390355009684567e-07,False
gtm,full,71,steel_industry,insertion_4,rep2,0.35121222479851905,0.6011069696924916,-3.0161840802733764e-07,1.232871087139408e-07,False
moirai,raw,101,building_energy,reference,rep0,0.24649353521246342,0.42083863038485975,0.0,0.0,False
moirai,full,101,building_energy,reference,rep0,0.24713288280588616,0.42123101102543503,0.0,0.0,False
moirai,raw,101,building_energy,legal_gauge_direct,rep0,0.24654690377782557,0.42135246308414015,0.02165110144416449,0.005168257721890467,False
moirai,full,101,building_energy,legal_gauge_direct,rep0,0.2469314994346924,0.4210607177069233,-0.08148788979730481,0.00809002235987403,False
moirai,raw,101,building_energy,legal_gauge_canonical_preprocessing,rep0,0.2463811613026064,0.42090335502709675,-0.0455889886767924,0.0036159016984429262,False
moirai,full,101,building_energy,legal_gauge_canonical_preprocessing,rep0,0.24698487170773292,0.42091051472013563,-0.059891300774206346,0.0066518487812275715,False
moirai,raw,101,building_energy,permutation,rep0,0.24649353521246342,0.42083863038485975,0.0,0.0,False
moirai,full,101,building_energy,permutation,rep0,0.24713288280588616,0.42123101102543503,0.0,0.0,False
moirai,raw,101,building_energy,deletion_30,rep0,0.24649353521246342,0.42083863038485975,0.0,0.0,True
moirai,full,101,building_energy,deletion_30,rep0,0.24713288280588616,0.42123101102543503,0.0,0.0,True
moirai,raw,101,building_energy,deletion_50,rep0,0.24649353521246342,0.42083863038485975,0.0,0.0,True
moirai,full,101,building_energy,deletion_50,rep0,0.24713288280588616,0.42123101102543503,0.0,0.0,True
moirai,raw,101,building_energy,insertion_1,rep0,0.2456860086208184,0.41944026147215585,-0.3276055864706473,0.03676458871524215,False
moirai,full,101,building_energy,insertion_1,rep0,0.24591804255852162,0.41944949626831707,-0.491573696535863,0.03237793015747986,False
moirai,raw,101,building_energy,insertion_4,rep0,0.2446584438702929,0.41709944731355747,-0.7444784872709831,0.04476861336958655,False
moirai,full,101,building_energy,insertion_4,rep0,0.24490099948490762,0.4171767833334401,-0.9031106243889031,0.03894097979614681,False
moirai,raw,101,building_energy,permutation,rep1,0.24649353521246342,0.42083863038485975,0.0,0.0,False
moirai,full,101,building_energy,permutation,rep1,0.24713288280588616,0.42123101102543503,0.0,0.0,False
moirai,raw,101,building_energy,deletion_30,rep1,0.24649353521246342,0.42083863038485975,0.0,0.0,True
moirai,full,101,building_energy,deletion_30,rep1,0.24713288280588616,0.42123101102543503,0.0,0.0,True
moirai,raw,101,building_energy,deletion_50,rep1,0.24649353521246342,0.42083863038485975,0.0,0.0,True
moirai,full,101,building_energy,deletion_50,rep1,0.24713288280588616,0.42123101102543503,0.0,0.0,True
moirai,raw,101,building_energy,insertion_1,rep1,0.24577542898331733,0.41971379681911275,-0.29132862593216347,0.036724682744637964,False
moirai,full,101,building_energy,insertion_1,rep1,0.24574636176070916,0.41938677488986537,-0.5610427189756351,0.032810949246006194,False
moirai,raw,101,building_energy,insertion_4,rep1,0.24442594786888558,0.41680753907179535,-0.8387998256407458,0.044773253337794965,False
moirai,full,101,building_energy,insertion_4,rep1,0.24460554023691505,0.41690888476970955,-1.0226654341892072,0.0390315610802058,False
moirai,raw,101,building_energy,permutation,rep2,0.24649353521246342,0.42083863038485975,0.0,0.0,False
moirai,full,101,building_energy,permutation,rep2,0.24713288280588616,0.42123101102543503,0.0,0.0,False
moirai,raw,101,building_energy,deletion_30,rep2,0.24649353521246342,0.42083863038485975,0.0,0.0,True
moirai,full,101,building_energy,deletion_30,rep2,0.24713288280588616,0.42123101102543503,0.0,0.0,True
moirai,raw,101,building_energy,deletion_50,rep2,0.24649353521246342,0.42083863038485975,0.0,0.0,True
moirai,full,101,building_energy,deletion_50,rep2,0.24713288280588616,0.42123101102543503,0.0,0.0,True
moirai,raw,101,building_energy,insertion_1,rep2,0.24547729167702714,0.4193686167860408,-0.41227999531928683,0.03693567091264413,False
moirai,full,101,building_energy,insertion_1,rep2,0.2454939050171547,0.4193401920211158,-0.663196969226798,0.032138848030418415,False
moirai,raw,101,building_energy,insertion_4,rep2,0.2447927991083163,0.4172049299847779,-0.6899718902084739,0.044705939720255626,False
moirai,full,101,building_energy,insertion_4,rep2,0.2449534033019955,0.4174179361739879,-0.8819059119714812,0.0382693975272375,False
moirai,raw,101,hydraulic,reference,rep0,0.1077063935680892,0.19404081308220544,0.0,0.0,False
moirai,full,101,hydraulic,reference,rep0,0.10568971598897599,0.1916124199000726,0.0,0.0,False
moirai,raw,101,hydraulic,legal_gauge_direct,rep0,0.13522215648569208,0.21916165367149495,25.54700979771283,0.03790171450783343,False
moirai,full,101,hydraulic,legal_gauge_direct,rep0,0.12177449714908081,0.2068051339456454,15.21887064374603,0.024093910251589547,False
moirai,raw,101,hydraulic,legal_gauge_canonical_preprocessing,rep0,0.13522234785145681,0.21916186260966516,25.54718747125513,0.037901732390334335,False
moirai,full,101,hydraulic,legal_gauge_canonical_preprocessing,rep0,0.12177457460933644,0.20680521434860366,15.218943933994655,0.024093896150038707,False
moirai,raw,101,hydraulic,permutation,rep0,0.1077063935680892,0.19404081308220544,0.0,0.0,False
moirai,full,101,hydraulic,permutation,rep0,0.10568971598897599,0.1916124199000726,0.0,0.0,False
moirai,raw,101,hydraulic,deletion_30,rep0,0.1077063935680892,0.19404081308220544,0.0,0.0,True
moirai,full,101,hydraulic,deletion_30,rep0,0.10568971598897599,0.1916124199000726,0.0,0.0,True
moirai,raw,101,hydraulic,deletion_50,rep0,0.1077063935680892,0.19404081308220544,0.0,0.0,True
moirai,full,101,hydraulic,deletion_50,rep0,0.10568971598897599,0.1916124199000726,0.0,0.0,True
moirai,raw,101,hydraulic,insertion_1,rep0,0.1077644641765981,0.19394585891408478,0.05391565587253844,0.011690140331167791,False
moirai,full,101,hydraulic,insertion_1,rep0,0.10575998799910605,0.1914192445102605,0.06648897621921446,0.008134342464637014,False
moirai,raw,101,hydraulic,insertion_4,rep0,0.10742761842266942,0.19361739192575206,-0.25882878089641403,0.013401278071863814,False
moirai,full,101,hydraulic,insertion_4,rep0,0.10578734356062076,0.19177050326343584,0.09237187434107952,0.009484433627719311,False
moirai,raw,101,hydraulic,permutation,rep1,0.1077063935680892,0.19404081308220544,0.0,0.0,False
moirai,full,101,hydraulic,permutation,rep1,0.10568971598897599,0.1916124199000726,0.0,0.0,False
moirai,raw,101,hydraulic,deletion_30,rep1,0.1077063935680892,0.19404081308220544,0.0,0.0,True
moirai,full,101,hydraulic,deletion_30,rep1,0.10568971598897599,0.1916124199000726,0.0,0.0,True
moirai,raw,101,hydraulic,deletion_50,rep1,0.1077063935680892,0.19404081308220544,0.0,0.0,True
moirai,full,101,hydraulic,deletion_50,rep1,0.10568971598897599,0.1916124199000726,0.0,0.0,True
moirai,raw,101,hydraulic,insertion_1,rep1,0.10776781311318705,0.1940053549581107,0.057024976014097284,0.011711004848089976,False
moirai,full,101,hydraulic,insertion_1,rep1,0.10592139132876523,0.19198971923499283,0.21920329487250534,0.007944769511048782,False
moirai,raw,101,hydraulic,insertion_4,rep1,0.10766815929426436,0.19373038474916326,-0.03549861113923969,0.013467559985913558,False
moirai,full,101,hydraulic,insertion_4,rep1,0.10584268920182918,0.19185879771158665,0.14473803001717744,0.009611965810266071,False
moirai,raw,101,hydraulic,permutation,rep2,0.1077063935680892,0.19404081308220544,0.0,0.0,False
moirai,full,101,hydraulic,permutation,rep2,0.10568971598897599,0.1916124199000726,0.0,0.0,False
moirai,raw,101,hydraulic,deletion_30,rep2,0.1077063935680892,0.19404081308220544,0.0,0.0,True
moirai,full,101,hydraulic,deletion_30,rep2,0.10568971598897599,0.1916124199000726,0.0,0.0,True
moirai,raw,101,hydraulic,deletion_50,rep2,0.1077063935680892,0.19404081308220544,0.0,0.0,True
moirai,full,101,hydraulic,deletion_50,rep2,0.10568971598897599,0.1916124199000726,0.0,0.0,True
moirai,raw,101,hydraulic,insertion_1,rep2,0.10773353556809424,0.1939364625903706,0.02519998962540182,0.011714865258480561,False
moirai,full,101,hydraulic,insertion_1,rep2,0.10587366764829978,0.1918744974159668,0.17404877816398212,0.00795667165548057,False
moirai,raw,101,hydraulic,insertion_4,rep2,0.10728374584790319,0.19335142504010142,-0.3924072714576732,0.01274003718090123,False
moirai,full,101,hydraulic,insertion_4,rep2,0.10561398465772548,0.19165516790001416,-0.07165439942936613,0.008667513752029392,False
moirai,raw,101,metropt,reference,rep0,0.37358824990590606,0.9917682421665794,0.0,0.0,False
moirai,full,101,metropt,reference,rep0,0.3721495785737356,0.9908241736727226,0.0,0.0,False
moirai,raw,101,metropt,legal_gauge_direct,rep0,0.3733401247617766,0.9900723541043861,-0.06641674201262049,0.005359542663790001,False
moirai,full,101,metropt,legal_gauge_direct,rep0,0.3718434552576458,0.9890444144699043,-0.08225813858584452,0.004975609054142141,False
moirai,raw,101,metropt,legal_gauge_canonical_preprocessing,rep0,0.37327077614780796,0.9901295747591662,-0.08497958867230704,0.005138181328730974,False
moirai,full,101,metropt,legal_gauge_canonical_preprocessing,rep0,0.37177441208036266,0.9891014842103596,-0.10081067263618682,0.004753204709466878,False
moirai,raw,101,metropt,permutation,rep0,0.3735882537421841,0.9917682510918089,1.0268732975049488e-06,8.247486605231195e-08,False
moirai,full,101,metropt,permutation,rep0,0.3721495817491695,0.9908241815016481,8.532681672335229e-07,7.487854941655698e-08,False
moirai,raw,101,metropt,deletion_30,rep0,0.3718995757257834,0.9872453036339394,-0.4520147998626767,0.02580918969090304,False
moirai,full,101,metropt,deletion_30,rep0,0.3708529997922651,0.9877626822319427,-0.34840259296803344,0.02388916627508248,False
moirai,raw,101,metropt,deletion_50,rep0,0.37331926046881286,0.9902174749106168,-0.07200157851884326,0.03144749412483682,False
moirai,full,101,metropt,deletion_50,rep0,0.3719903061209032,0.9902840942521637,-0.04279796673229974,0.0294208957695652,False
moirai,raw,101,metropt,insertion_1,rep0,0.37551674105828503,0.9937992408919711,0.5162076571906926,0.02256168161179682,False
moirai,full,101,metropt,insertion_1,rep0,0.37391932522260685,0.9926195078432066,0.4755471323261595,0.020873726163658353,False
moirai,raw,101,metropt,insertion_4,rep0,0.3743346813235662,0.9906627898501874,0.19980056060331375,0.028562201987053018,False
moirai,full,101,metropt,insertion_4,rep0,0.37318253631996806,0.990948697060214,0.2775652064933798,0.026488994313698326,False
moirai,raw,101,metropt,permutation,rep1,0.37358824744752483,0.9917682434185845,-6.580456513027855e-07,7.897426539315296e-08,False
moirai,full,101,metropt,permutation,rep1,0.37214957603005827,0.990824174107489,-6.835093935286807e-07,7.268455627575855e-08,False
moirai,raw,101,metropt,deletion_30,rep1,0.3724959493972065,0.9893447028405482,-0.292380852174734,0.02847084941080815,False
moirai,full,101,metropt,deletion_30,rep1,0.3711473774921833,0.9887040974993445,-0.2693006090167427,0.0264461918829147,False
moirai,raw,101,metropt,deletion_50,rep1,0.37040314351799797,0.9851677860959347,-0.8525713506006394,0.03154124912140713,False
moirai,full,101,metropt,deletion_50,rep1,0.3695683619810696,0.9861271175187439,-0.6935965378648268,0.029366302452297887,False
moirai,raw,101,metropt,insertion_1,rep1,0.3718027591413451,0.9875970116229092,-0.4779301182546991,0.023494208908946417,False
moirai,full,101,metropt,insertion_1,rep1,0.3707098372429774,0.9878407525618301,-0.38687168107942593,0.021684300634364478,False
moirai,raw,101,metropt,insertion_4,rep1,0.3765056056906492,0.9939496765067534,0.7809013761749695,0.026836273216135777,False
moirai,full,101,metropt,insertion_4,rep1,0.37502121315598486,0.9933351814680521,0.7716345113851331,0.025030463758592688,False
moirai,raw,101,metropt,permutation,rep2,0.373588251957438,0.9917682490545875,5.491425314474441e-07,8.071550158487557e-08,False
moirai,full,101,metropt,permutation,rep2,0.37214957986857505,0.9908241790124753,3.479352139734715e-07,7.356105503875288e-08,False
moirai,raw,101,metropt,deletion_30,rep2,0.3722328186606746,0.9876321426017495,-0.36281420670293274,0.026071374457207492,False
moirai,full,101,metropt,deletion_30,rep2,0.3711801692193209,0.9881424508882954,-0.2604891716201707,0.02416601023116452,False
moirai,raw,101,metropt,deletion_50,rep2,0.3707570798834182,0.9837768260385271,-0.7578316564294862,0.03565583949615956,False
moirai,full,101,metropt,deletion_50,rep2,0.36950162060174113,0.9846640683328675,-0.711530557724338,0.03327776053364296,False
moirai,raw,101,metropt,insertion_1,rep2,0.375738456789001,0.9941252987789329,0.5755552760656979,0.02251865318641299,False
moirai,full,101,metropt,insertion_1,rep2,0.37414420987205704,0.9929497620175435,0.5359756971822671,0.020832193412868016,False
moirai,raw,101,metropt,insertion_4,rep2,0.37777888526031106,0.9987666695342389,1.121725684750663,0.034827035904830966,False
moirai,full,101,metropt,insertion_4,rep2,0.3754311014475592,0.9953263791552207,0.8817752491887987,0.03224788631997085,False
moirai,raw,101,pmsm,reference,rep0,0.05084434741798441,0.14963494553578213,0.0,0.0,False
moirai,full,101,pmsm,reference,rep0,0.050345166614900204,0.14862536457337452,0.0,0.0,False
moirai,raw,101,pmsm,legal_gauge_direct,rep0,0.05090441106974621,0.1494464621677753,0.11813240765592425,0.0008681805493138572,False
moirai,full,101,pmsm,legal_gauge_direct,rep0,0.05016364192508391,0.14791873665770733,-0.36056031198548055,0.0020054898199427648,False
moirai,raw,101,pmsm,legal_gauge_canonical_preprocessing,rep0,0.05088321580565645,0.14982194328009782,0.07644583841839303,0.00036406543593652863,False
moirai,full,101,pmsm,legal_gauge_canonical_preprocessing,rep0,0.050450186967857795,0.14897635321033656,0.20860066619883266,0.001118158638220665,False
moirai,raw,101,pmsm,permutation,rep0,0.05084434741798441,0.14963494553578213,0.0,0.0,False
moirai,full,101,pmsm,permutation,rep0,0.050345166614900204,0.14862536457337452,0.0,0.0,False
moirai,raw,101,pmsm,deletion_30,rep0,0.05084434741798441,0.14963494553578213,0.0,0.0,True
moirai,full,101,pmsm,deletion_30,rep0,0.050345166614900204,0.14862536457337452,0.0,0.0,True
moirai,raw,101,pmsm,deletion_50,rep0,0.05084434741798441,0.14963494553578213,0.0,0.0,True
moirai,full,101,pmsm,deletion_50,rep0,0.050345166614900204,0.14862536457337452,0.0,0.0,True
moirai,raw,101,pmsm,insertion_1,rep0,0.05048067001036443,0.1473195134524621,-0.7152759865914682,0.009292148793596858,False
moirai,full,101,pmsm,insertion_1,rep0,0.05001259793087931,0.14613826798083404,-0.6605771842305597,0.009027841021223813,False
moirai,raw,101,pmsm,insertion_4,rep0,0.05099862934451585,0.14720988699648385,0.3034396828090147,0.013223125448599068,False
moirai,full,101,pmsm,insertion_4,rep0,0.05052856746900231,0.14624394239729085,0.3642869145810579,0.01259005047388178,False
moirai,raw,101,pmsm,permutation,rep1,0.05084434741798441,0.14963494553578213,0.0,0.0,False
moirai,full,101,pmsm,permutation,rep1,0.050345166614900204,0.14862536457337452,0.0,0.0,False
moirai,raw,101,pmsm,deletion_30,rep1,0.05084434741798441,0.14963494553578213,0.0,0.0,True
moirai,full,101,pmsm,deletion_30,rep1,0.050345166614900204,0.14862536457337452,0.0,0.0,True
moirai,raw,101,pmsm,deletion_50,rep1,0.05084434741798441,0.14963494553578213,0.0,0.0,True
moirai,full,101,pmsm,deletion_50,rep1,0.050345166614900204,0.14862536457337452,0.0,0.0,True
moirai,raw,101,pmsm,insertion_1,rep1,0.05064072411004674,0.14894018646200854,-0.4004836688407232,0.008780104129613019,False
moirai,full,101,pmsm,insertion_1,rep1,0.05008963190784644,0.1475161345147537,-0.5075655206554397,0.008472485857154658,False
moirai,raw,101,pmsm,insertion_4,rep1,0.05129992407360543,0.1482448035523764,0.8960222301130027,0.01297815451210711,False
moirai,full,101,pmsm,insertion_4,rep1,0.05073668656989871,0.14722251883805806,0.7776713860008,0.012153897238376626,False
moirai,raw,101,pmsm,permutation,rep2,0.05084434741798441,0.14963494553578213,0.0,0.0,False
moirai,full,101,pmsm,permutation,rep2,0.050345166614900204,0.14862536457337452,0.0,0.0,False
moirai,raw,101,pmsm,deletion_30,rep2,0.05084434741798441,0.14963494553578213,0.0,0.0,True
moirai,full,101,pmsm,deletion_30,rep2,0.050345166614900204,0.14862536457337452,0.0,0.0,True
moirai,raw,101,pmsm,deletion_50,rep2,0.05084434741798441,0.14963494553578213,0.0,0.0,True
moirai,full,101,pmsm,deletion_50,rep2,0.050345166614900204,0.14862536457337452,0.0,0.0,True
moirai,raw,101,pmsm,insertion_1,rep2,0.05054615231642274,0.14809642741258092,-0.5864862402702342,0.009141191425637688,False
moirai,full,101,pmsm,insertion_1,rep2,0.0500314541843653,0.14674071362176014,-0.6231232343206883,0.008807182049712696,False
moirai,raw,101,pmsm,insertion_4,rep2,0.05119827924762508,0.14782764333504986,0.6961085108066145,0.013442378258015766,False
moirai,full,101,pmsm,insertion_4,rep2,0.05072198516304804,0.14682328930461863,0.7484701580793063,0.012603319434673478,False
moirai,raw,101,steel_industry,reference,rep0,0.4957463553810289,0.9431439961877018,0.0,0.0,False
moirai,full,101,steel_industry,reference,rep0,0.48918863652533345,0.9317578030261323,0.0,0.0,False
moirai,raw,101,steel_industry,legal_gauge_direct,rep0,0.4957006613907792,0.9431039174588085,-0.009217211534440217,5.889869991171857e-05,False
moirai,full,101,steel_industry,legal_gauge_direct,rep0,0.48916587090434893,0.9317400669277817,-0.004653750983718563,3.0311628537565258e-05,False
moirai,raw,101,steel_industry,legal_gauge_canonical_preprocessing,rep0,0.4957006614921998,0.9431039172355227,-0.009217191076260622,5.8897087335608264e-05,False
moirai,full,101,steel_industry,legal_gauge_canonical_preprocessing,rep0,0.4891658721424642,0.9317400674879753,-0.004653497888040814,3.0308447375231606e-05,False
moirai,raw,101,steel_industry,permutation,rep0,0.4957463553810289,0.9431439961877018,0.0,0.0,False
moirai,full,101,steel_industry,permutation,rep0,0.48918863652533345,0.9317578030261323,0.0,0.0,False
moirai,raw,101,steel_industry,deletion_30,rep0,0.5059368432298793,0.9583413051502664,2.0555850261406494,0.06074989529833419,False
moirai,full,101,steel_industry,deletion_30,rep0,0.49692557517583075,0.9434747979202778,1.5815859308286662,0.04048735287966545,False
moirai,raw,101,steel_industry,deletion_50,rep0,0.5059368432298793,0.9583413051502664,2.0555850261406494,0.06074989529833419,False
moirai,full,101,steel_industry,deletion_50,rep0,0.49692557517583075,0.9434747979202778,1.5815859308286662,0.04048735287966545,False
moirai,raw,101,steel_industry,insertion_1,rep0,0.49625100327759963,0.9480184537465762,0.10179558378857756,0.06532918052103545,False
moirai,full,101,steel_industry,insertion_1,rep0,0.49436544210787015,0.9432746419748529,1.0582432207148385,0.04952958773414885,False
moirai,raw,101,steel_industry,insertion_4,rep0,0.497622105966391,0.9457049455152949,0.37836901169356896,0.11237970513111077,False
moirai,full,101,steel_industry,insertion_4,rep0,0.4970252500783383,0.9471030664644224,1.601961486404857,0.07221350327922045,False
moirai,raw,101,steel_industry,permutation,rep1,0.4957463553810289,0.9431439961877018,0.0,0.0,False
moirai,full,101,steel_industry,permutation,rep1,0.48918863652533345,0.9317578030261323,0.0,0.0,False
moirai,raw,101,steel_industry,deletion_30,rep1,0.5059368432298793,0.9583413051502664,2.0555850261406494,0.06074989529833419,False
moirai,full,101,steel_industry,deletion_30,rep1,0.49692557517583075,0.9434747979202778,1.5815859308286662,0.04048735287966545,False
moirai,raw,101,steel_industry,deletion_50,rep1,0.5059368432298793,0.9583413051502664,2.0555850261406494,0.06074989529833419,False
moirai,full,101,steel_industry,deletion_50,rep1,0.49692557517583075,0.9434747979202778,1.5815859308286662,0.04048735287966545,False
moirai,raw,101,steel_industry,insertion_1,rep1,0.49722835898304096,0.948646688005144,0.2989439228197721,0.06549317697302191,False
moirai,full,101,steel_industry,insertion_1,rep1,0.4952359633833354,0.9439957149926663,1.23619528469745,0.04861183792993661,False
moirai,raw,101,steel_industry,insertion_4,rep1,0.49845638387666347,0.94610135199274,0.5466562620620063,0.11347118388526294,False
moirai,full,101,steel_industry,insertion_4,rep1,0.49629568828497594,0.9445803723885502,1.4528243767319093,0.07349485255990457,False
moirai,raw,101,steel_industry,permutation,rep2,0.4957463553810289,0.9431439961877018,0.0,0.0,False
moirai,full,101,steel_industry,permutation,rep2,0.48918863652533345,0.9317578030261323,0.0,0.0,False
moirai,raw,101,steel_industry,deletion_30,rep2,0.5059368432298793,0.9583413051502664,2.0555850261406494,0.06074989529833419,False
moirai,full,101,steel_industry,deletion_30,rep2,0.49692557517583075,0.9434747979202778,1.5815859308286662,0.04048735287966545,False
moirai,raw,101,steel_industry,deletion_50,rep2,0.5059368432298793,0.9583413051502664,2.0555850261406494,0.06074989529833419,False
moirai,full,101,steel_industry,deletion_50,rep2,0.49692557517583075,0.9434747979202778,1.5815859308286662,0.04048735287966545,False
moirai,raw,101,steel_industry,insertion_1,rep2,0.4968642277547203,0.9488562827078122,0.22549280727079957,0.06544509793648841,False
moirai,full,101,steel_industry,insertion_1,rep2,0.49509154686117707,0.9444514844799805,1.2066736418432589,0.049314726059765036,False
moirai,raw,101,steel_industry,insertion_4,rep2,0.4973636396627016,0.9444609995244708,0.32623220808747355,0.11344091030443389,False
moirai,full,101,steel_industry,insertion_4,rep2,0.4971538825464963,0.9471237123079101,1.6282565510391533,0.07251417451727228,False
moirai,raw,17,building_energy,reference,rep0,0.24681889492826517,0.4209705995716756,0.0,0.0,False
moirai,full,17,building_energy,reference,rep0,0.24699752858651744,0.42080432014983127,0.0,0.0,False
moirai,raw,17,building_energy,legal_gauge_direct,rep0,0.24696129496975072,0.42154351377825583,0.05769414109360049,0.0053390198665768445,False
moirai,full,17,building_energy,legal_gauge_direct,rep0,0.24720204365483944,0.4211272865681196,0.0828004512807734,0.00682653654362906,False
moirai,raw,17,building_energy,legal_gauge_canonical_preprocessing,rep0,0.24673679325701564,0.42106238546911456,-0.03326393276065209,0.0036944299341557106,False
moirai,full,17,building_energy,legal_gauge_canonical_preprocessing,rep0,0.24694065920768152,0.42067684590527193,-0.023024270389004897,0.005484543465706055,False
moirai,raw,17,building_energy,permutation,rep0,0.24681889492826517,0.4209705995716756,0.0,0.0,False
moirai,full,17,building_energy,permutation,rep0,0.24699752858651744,0.42080432014983127,0.0,0.0,False
moirai,raw,17,building_energy,deletion_30,rep0,0.24681889492826517,0.4209705995716756,0.0,0.0,True
moirai,full,17,building_energy,deletion_30,rep0,0.24699752858651744,0.42080432014983127,0.0,0.0,True
moirai,raw,17,building_energy,deletion_50,rep0,0.24681889492826517,0.4209705995716756,0.0,0.0,True
moirai,full,17,building_energy,deletion_50,rep0,0.24699752858651744,0.42080432014983127,0.0,0.0,True
moirai,raw,17,building_energy,insertion_1,rep0,0.24565589903795468,0.4186169725199752,-0.4711940269599313,0.037867020662824456,False
moirai,full,17,building_energy,insertion_1,rep0,0.2458288514046559,0.41903099464211285,-0.4731533908656771,0.03202056196339155,False
moirai,raw,17,building_energy,insertion_4,rep0,0.24449546405214753,0.41631312995957565,-0.9413504897155089,0.04580596102479528,False
moirai,full,17,building_energy,insertion_4,rep0,0.24451661746128167,0.4163609032344556,-1.004427509632655,0.03893179939241063,False
moirai,raw,17,building_energy,permutation,rep1,0.24681889492826517,0.4209705995716756,0.0,0.0,False
moirai,full,17,building_energy,permutation,rep1,0.24699752858651744,0.42080432014983127,0.0,0.0,False
moirai,raw,17,building_energy,deletion_30,rep1,0.24681889492826517,0.4209705995716756,0.0,0.0,True
moirai,full,17,building_energy,deletion_30,rep1,0.24699752858651744,0.42080432014983127,0.0,0.0,True
moirai,raw,17,building_energy,deletion_50,rep1,0.24681889492826517,0.4209705995716756,0.0,0.0,True
moirai,full,17,building_energy,deletion_50,rep1,0.24699752858651744,0.42080432014983127,0.0,0.0,True
moirai,raw,17,building_energy,insertion_1,rep1,0.24569323712214935,0.41893067442965204,-0.4560663017484812,0.03775387161987837,False
moirai,full,17,building_energy,insertion_1,rep1,0.24597409075825338,0.4194900087568121,-0.4143514447779495,0.032183874004781524,False
moirai,raw,17,building_energy,insertion_4,rep1,0.24431388381857136,0.4160735026512886,-1.0149186959215073,0.04580547383319668,False
moirai,full,17,building_energy,insertion_4,rep1,0.2441121457312277,0.4160627269549468,-1.1681828849874787,0.03855889886768597,False
moirai,raw,17,building_energy,permutation,rep2,0.24681889492826517,0.4209705995716756,0.0,0.0,False
moirai,full,17,building_energy,permutation,rep2,0.24699752858651744,0.42080432014983127,0.0,0.0,False
moirai,raw,17,building_energy,deletion_30,rep2,0.24681889492826517,0.4209705995716756,0.0,0.0,True
moirai,full,17,building_energy,deletion_30,rep2,0.24699752858651744,0.42080432014983127,0.0,0.0,True
moirai,raw,17,building_energy,deletion_50,rep2,0.24681889492826517,0.4209705995716756,0.0,0.0,True
moirai,full,17,building_energy,deletion_50,rep2,0.24699752858651744,0.42080432014983127,0.0,0.0,True
moirai,raw,17,building_energy,insertion_1,rep2,0.24534542937587547,0.4185430999276075,-0.5969824768958354,0.037952396441346584,False
moirai,full,17,building_energy,insertion_1,rep2,0.24556876737138583,0.41900238840744713,-0.5784516239121573,0.032995633675021875,False
moirai,raw,17,building_energy,insertion_4,rep2,0.2445585012426258,0.4163044489038515,-0.9158106336617067,0.04566699796418656,False
moirai,full,17,building_energy,insertion_4,rep2,0.24449723794928216,0.4162275569408208,-1.0122735444130115,0.038712102430659964,False
moirai,raw,17,hydraulic,reference,rep0,0.10767949285274908,0.19396156751723548,0.0,0.0,False
moirai,full,17,hydraulic,reference,rep0,0.10582639022487188,0.19192930036868827,0.0,0.0,False
moirai,raw,17,hydraulic,legal_gauge_direct,rep0,0.1367190489500243,0.22043993863310685,26.968511206666435,0.03938395205264558,False
moirai,full,17,hydraulic,legal_gauge_direct,rep0,0.12249815848744662,0.2073405378732352,15.753885422292768,0.02465251930145086,False
moirai,raw,17,hydraulic,legal_gauge_canonical_preprocessing,rep0,0.13671918059601082,0.22044009192382283,26.968633463916202,0.039383949195321066,False
moirai,full,17,hydraulic,legal_gauge_canonical_preprocessing,rep0,0.12249822052300878,0.20734060756544265,15.7539440424177,0.024652512437505943,False
moirai,raw,17,hydraulic,permutation,rep0,0.10767949285274908,0.19396156751723548,0.0,0.0,False
moirai,full,17,hydraulic,permutation,rep0,0.10582639022487188,0.19192930036868827,0.0,0.0,False
moirai,raw,17,hydraulic,deletion_30,rep0,0.10767949285274908,0.19396156751723548,0.0,0.0,True
moirai,full,17,hydraulic,deletion_30,rep0,0.10582639022487188,0.19192930036868827,0.0,0.0,True
moirai,raw,17,hydraulic,deletion_50,rep0,0.10767949285274908,0.19396156751723548,0.0,0.0,True
moirai,full,17,hydraulic,deletion_50,rep0,0.10582639022487188,0.19192930036868827,0.0,0.0,True
moirai,raw,17,hydraulic,insertion_1,rep0,0.10761951460065086,0.19373249410105403,-0.055700719337747895,0.012283649416505504,False
moirai,full,17,hydraulic,insertion_1,rep0,0.10571545132784106,0.19164759246879962,-0.10483103202809652,0.008353675696896254,False
moirai,raw,17,hydraulic,insertion_4,rep0,0.10746523276578089,0.19376728390093326,-0.1989794725920424,0.01378294895379057,False
moirai,full,17,hydraulic,insertion_4,rep0,0.10575094710898257,0.19141020392334965,-0.07128951080065393,0.01035530303822986,False
moirai,raw,17,hydraulic,permutation,rep1,0.10767949285274908,0.19396156751723548,0.0,0.0,False
moirai,full,17,hydraulic,permutation,rep1,0.10582639022487188,0.19192930036868827,0.0,0.0,False
moirai,raw,17,hydraulic,deletion_30,rep1,0.10767949285274908,0.19396156751723548,0.0,0.0,True
moirai,full,17,hydraulic,deletion_30,rep1,0.10582639022487188,0.19192930036868827,0.0,0.0,True
moirai,raw,17,hydraulic,deletion_50,rep1,0.10767949285274908,0.19396156751723548,0.0,0.0,True
moirai,full,17,hydraulic,deletion_50,rep1,0.10582639022487188,0.19192930036868827,0.0,0.0,True
moirai,raw,17,hydraulic,insertion_1,rep1,0.10764529180666975,0.19384010470494256,-0.03176189372111615,0.012268114372874065,False
moirai,full,17,hydraulic,insertion_1,rep1,0.10567378654332164,0.19167546810091335,-0.14420191525569281,0.008172769296983112,False
moirai,raw,17,hydraulic,insertion_4,rep1,0.10775927948243993,0.1939662443718407,0.0740964018097312,0.013970442584130294,False
moirai,full,17,hydraulic,insertion_4,rep1,0.1060274714879865,0.19171844187289594,0.19001050937044184,0.010333654615725612,False
moirai,raw,17,hydraulic,permutation,rep2,0.10767949285274908,0.19396156751723548,0.0,0.0,False
moirai,full,17,hydraulic,permutation,rep2,0.10582639022487188,0.19192930036868827,0.0,0.0,False
moirai,raw,17,hydraulic,deletion_30,rep2,0.10767949285274908,0.19396156751723548,0.0,0.0,True
moirai,full,17,hydraulic,deletion_30,rep2,0.10582639022487188,0.19192930036868827,0.0,0.0,True
moirai,raw,17,hydraulic,deletion_50,rep2,0.10767949285274908,0.19396156751723548,0.0,0.0,True
moirai,full,17,hydraulic,deletion_50,rep2,0.10582639022487188,0.19192930036868827,0.0,0.0,True
moirai,raw,17,hydraulic,insertion_1,rep2,0.10761296812259757,0.19378747083138192,-0.06178031525694294,0.012266894548547153,False
moirai,full,17,hydraulic,insertion_1,rep2,0.1056673177834509,0.19161661746615502,-0.15031453031986164,0.008277921956207716,False
moirai,raw,17,hydraulic,insertion_4,rep2,0.10740565480334936,0.19354831563905991,-0.2543084501467563,0.013182978794501986,False
moirai,full,17,hydraulic,insertion_4,rep2,0.10566236971976148,0.1908914624608194,-0.15499017283105987,0.009646830541376742,False
moirai,raw,17,metropt,reference,rep0,0.3736828736524288,0.989338731404611,0.0,0.0,False
moirai,full,17,metropt,reference,rep0,0.3723134423954095,0.9887313168362805,0.0,0.0,False
moirai,raw,17,metropt,legal_gauge_direct,rep0,0.3733805801541852,0.9875924626991359,-0.08089573260047223,0.005567681629798962,False
moirai,full,17,metropt,legal_gauge_direct,rep0,0.37194535486934216,0.9869109474760452,-0.09886495735934586,0.005179349335516493,False
moirai,raw,17,metropt,legal_gauge_canonical_preprocessing,rep0,0.37331612416060495,0.9876426885434064,-0.09814458132351156,0.0053450067146597596,False
moirai,full,17,metropt,legal_gauge_canonical_preprocessing,rep0,0.3718801759878195,0.9869608204083906,-0.11637141135770745,0.004956547495798401,False
moirai,raw,17,metropt,permutation,rep0,0.3736828731537713,0.9893387365195191,-1.3344403360093793e-07,8.575034982219038e-08,False
moirai,full,17,metropt,permutation,rep0,0.3723134414803478,0.9887313223551356,-2.4577723189977974e-07,7.932347299458473e-08,False
moirai,raw,17,metropt,deletion_30,rep0,0.372282455200479,0.9863744210742329,-0.3747612081500873,0.027122655069444262,False
moirai,full,17,metropt,deletion_30,rep0,0.3714781608633931,0.9874127670003984,-0.22434901266049634,0.02514481785188654,False
moirai,raw,17,metropt,deletion_50,rep0,0.3733361597568538,0.987754131673837,-0.09278292370912267,0.031249703773451536,False
moirai,full,17,metropt,deletion_50,rep0,0.3706270277889515,0.9863514310459024,-0.45295560525772105,0.030026440280087417,False
moirai,raw,17,metropt,insertion_1,rep0,0.37612599615202014,0.9935412623883655,0.6537956839476999,0.023628913615851125,False
moirai,full,17,metropt,insertion_1,rep0,0.3744571253873793,0.992176589040118,0.5757737293012211,0.02180999534354838,False
moirai,raw,17,metropt,insertion_4,rep0,0.3751035110115681,0.9898085316048483,0.38017192098040997,0.029751191839271236,False
moirai,full,17,metropt,insertion_4,rep0,0.37403395648099547,0.9902724563110951,0.4621144148103884,0.027517594283384357,False
moirai,raw,17,metropt,permutation,rep1,0.3736828723579091,0.9893387294629074,-3.4642201329759814e-07,8.341929021031115e-08,False
moirai,full,17,metropt,permutation,rep1,0.372313440928481,0.988731315502892,-3.9400362972230596e-07,7.752698549559578e-08,False
moirai,raw,17,metropt,deletion_30,rep1,0.37263488967972275,0.9885049034190627,-0.280447418545815,0.029768454570176368,False
moirai,full,17,metropt,deletion_30,rep1,0.3714563378536772,0.9883172481088488,-0.23021047432985053,0.027728741395291398,False
moirai,raw,17,metropt,deletion_50,rep1,0.37079389913680993,0.9833739646721072,-0.7731086221269945,0.03090407867013409,False
moirai,full,17,metropt,deletion_50,rep1,0.3699389633872786,0.9844969115741328,-0.6377634374020502,0.02888320465367528,False
moirai,raw,17,metropt,insertion_1,rep1,0.3725356002320378,0.987488135323641,-0.3070179291808084,0.02408486641908628,False
moirai,full,17,metropt,insertion_1,rep1,0.37138744316535455,0.9876368637284721,-0.24871496019515105,0.022144370625714147,False
moirai,raw,17,metropt,insertion_4,rep1,0.37736439098867836,0.9935787954424665,0.9851983047191482,0.028135005399323492,False
moirai,full,17,metropt,insertion_4,rep1,0.37589142949577065,0.9928230857130754,0.9610147507274958,0.026178359678229193,False
moirai,raw,17,metropt,permutation,rep2,0.3736829178315845,0.9893387377469036,1.182263327237365e-05,1.114594488775531e-07,False
moirai,full,17,metropt,permutation,rep2,0.3723134860381278,0.9887313237700592,1.1722036696859561e-05,1.0545859547434931e-07,False
moirai,raw,17,metropt,deletion_30,rep2,0.3724946334988149,0.9866289013161221,-0.31798089701031707,0.0272011409703434,False
moirai,full,17,metropt,deletion_30,rep2,0.3715933243564023,0.9876247658531758,-0.1934171472225299,0.025141288887967787,False
moirai,raw,17,metropt,deletion_50,rep2,0.3701791326972693,0.9799959206456144,-0.9376241733835555,0.035437657991550235,False
moirai,full,17,metropt,deletion_50,rep2,0.3674638911644017,0.9811108236874336,-1.3025452961908823,0.03438641496170608,False
moirai,raw,17,metropt,insertion_1,rep2,0.3763493978946376,0.9938455704490857,0.7135794627529668,0.023585895022176978,False
moirai,full,17,metropt,insertion_1,rep2,0.3746875086318905,0.9924917215183614,0.6376525706959679,0.021771695022072532,False
moirai,raw,17,metropt,insertion_4,rep2,0.37781805279503267,0.9969150580208472,1.1066011942656218,0.0364712601438745,False
moirai,full,17,metropt,insertion_4,rep2,0.3756375274224613,0.9938350356245715,0.8928189661015606,0.033861849145525,False
moirai,raw,17,pmsm,reference,rep0,0.05108308182189932,0.1504286618325398,0.0,0.0,False
moirai,full,17,pmsm,reference,rep0,0.05048495633696681,0.14888925334584083,0.0,0.0,False
moirai,raw,17,pmsm,legal_gauge_direct,rep0,0.05115370413587165,0.1502397394326668,0.13824990868513964,0.0008915086675032517,False
moirai,full,17,pmsm,legal_gauge_direct,rep0,0.05048705568726,0.14831694443447627,0.004158368047657568,0.0015958794531031625,False
moirai,raw,17,pmsm,legal_gauge_canonical_preprocessing,rep0,0.05112638409215059,0.1506160113926224,0.08476831997379364,0.0003831843113518501,False
moirai,full,17,pmsm,legal_gauge_canonical_preprocessing,rep0,0.050730747138071595,0.1495485223777001,0.4868594903088219,0.0006238199451287338,False
moirai,raw,17,pmsm,permutation,rep0,0.05108308182189932,0.1504286618325398,0.0,0.0,False
moirai,full,17,pmsm,permutation,rep0,0.05048495633696681,0.14888925334584083,0.0,0.0,False
moirai,raw,17,pmsm,deletion_30,rep0,0.05108308182189932,0.1504286618325398,0.0,0.0,True
moirai,full,17,pmsm,deletion_30,rep0,0.05048495633696681,0.14888925334584083,0.0,0.0,True
moirai,raw,17,pmsm,deletion_50,rep0,0.05108308182189932,0.1504286618325398,0.0,0.0,True
moirai,full,17,pmsm,deletion_50,rep0,0.05048495633696681,0.14888925334584083,0.0,0.0,True
moirai,raw,17,pmsm,insertion_1,rep0,0.050560881104953104,0.14717610811496332,-1.022257660113124,0.009439928540999018,False
moirai,full,17,pmsm,insertion_1,rep0,0.05037795104293816,0.14702034045084691,-0.21195481147777695,0.009563657884522028,False
moirai,raw,17,pmsm,insertion_4,rep0,0.05102224411913647,0.14738411406829874,-0.11909559993846797,0.013226034400356045,False
moirai,full,17,pmsm,insertion_4,rep0,0.05043065067758301,0.14615703958952922,-0.10756800307269998,0.012784026252525171,False
moirai,raw,17,pmsm,permutation,rep1,0.05108308182189932,0.1504286618325398,0.0,0.0,False
moirai,full,17,pmsm,permutation,rep1,0.05048495633696681,0.14888925334584083,0.0,0.0,False
moirai,raw,17,pmsm,deletion_30,rep1,0.05108308182189932,0.1504286618325398,0.0,0.0,True
moirai,full,17,pmsm,deletion_30,rep1,0.05048495633696681,0.14888925334584083,0.0,0.0,True
moirai,raw,17,pmsm,deletion_50,rep1,0.05108308182189932,0.1504286618325398,0.0,0.0,True
moirai,full,17,pmsm,deletion_50,rep1,0.05048495633696681,0.14888925334584083,0.0,0.0,True
moirai,raw,17,pmsm,insertion_1,rep1,0.050705661671025415,0.14886244703495077,-0.7388359069442574,0.008958834553400064,False
moirai,full,17,pmsm,insertion_1,rep1,0.05034312497781149,0.14812820422734174,-0.2809378663391482,0.008955626594923697,False
moirai,raw,17,pmsm,insertion_4,rep1,0.05132245501201684,0.14828815939150036,0.46859582777736275,0.013162759434048587,False
moirai,full,17,pmsm,insertion_4,rep1,0.0506130284760973,0.14683395908528332,0.25368376725070085,0.012578965095905312,False
moirai,raw,17,pmsm,permutation,rep2,0.05108308182189932,0.1504286618325398,0.0,0.0,False
moirai,full,17,pmsm,permutation,rep2,0.05048495633696681,0.14888925334584083,0.0,0.0,False
moirai,raw,17,pmsm,deletion_30,rep2,0.05108308182189932,0.1504286618325398,0.0,0.0,True
moirai,full,17,pmsm,deletion_30,rep2,0.05048495633696681,0.14888925334584083,0.0,0.0,True
moirai,raw,17,pmsm,deletion_50,rep2,0.05108308182189932,0.1504286618325398,0.0,0.0,True
moirai,full,17,pmsm,deletion_50,rep2,0.05048495633696681,0.14888925334584083,0.0,0.0,True
moirai,raw,17,pmsm,insertion_1,rep2,0.05064798637448301,0.14795685844745224,-0.8517407953836154,0.00924107229468929,False
moirai,full,17,pmsm,insertion_1,rep2,0.05010335271810242,0.14690626178553542,-0.7558759015603433,0.009302962397322562,False
moirai,raw,17,pmsm,insertion_4,rep2,0.05121899955137779,0.14790915807593624,0.26607190606147135,0.013498528578877341,False
moirai,full,17,pmsm,insertion_4,rep2,0.050494139509647505,0.1464989610394512,0.018189919031330604,0.012982764193201345,False
moirai,raw,17,steel_industry,reference,rep0,0.4910821536211235,0.9362752256126046,0.0,0.0,False
moirai,full,17,steel_industry,reference,rep0,0.48811028098103987,0.9295385607513653,0.0,0.0,False
moirai,raw,17,steel_industry,legal_gauge_direct,rep0,0.49110045695171056,0.9362948539031366,0.0037271422820284172,3.1654939632972964e-05,False
moirai,full,17,steel_industry,legal_gauge_direct,rep0,0.4881224682995454,0.9295549625475521,0.002496837083842962,1.906839020826159e-05,False
moirai,raw,17,steel_industry,legal_gauge_canonical_preprocessing,rep0,0.4911002435882925,0.9362948171769279,0.0036836946803342485,3.144031089764869e-05,False
moirai,full,17,steel_industry,legal_gauge_canonical_preprocessing,rep0,0.4881223601034458,0.929554935220416,0.0024746707612210983,1.8961288816564313e-05,False
moirai,raw,17,steel_industry,permutation,rep0,0.4910821536211235,0.9362752256126046,0.0,0.0,False
moirai,full,17,steel_industry,permutation,rep0,0.48811028098103987,0.9295385607513653,0.0,0.0,False
moirai,raw,17,steel_industry,deletion_30,rep0,0.5027930585196636,0.9530903503597564,2.3847140060347716,0.06306869809319847,False
moirai,full,17,steel_industry,deletion_30,rep0,0.49679732496899953,0.9428921408700239,1.7797297714155613,0.04778760868279124,False
moirai,raw,17,steel_industry,deletion_50,rep0,0.5027930585196636,0.9530903503597564,2.3847140060347716,0.06306869809319847,False
moirai,full,17,steel_industry,deletion_50,rep0,0.49679732496899953,0.9428921408700239,1.7797297714155613,0.04778760868279124,False
moirai,raw,17,steel_industry,insertion_1,rep0,0.49504827900466825,0.9449510158976437,0.8076297121162757,0.069347339541783,False
moirai,full,17,steel_industry,insertion_1,rep0,0.4938678915211205,0.9412550604121293,1.1795716591972871,0.048872376483339315,False
moirai,raw,17,steel_industry,insertion_4,rep0,0.495348834145643,0.9431859039602493,0.8688323314252067,0.11820928554970338,False
moirai,full,17,steel_industry,insertion_4,rep0,0.4929947543048188,0.9417226688416388,1.0006905230436347,0.07972986990773484,False
moirai,raw,17,steel_industry,permutation,rep1,0.4910821536211235,0.9362752256126046,0.0,0.0,False
moirai,full,17,steel_industry,permutation,rep1,0.48811028098103987,0.9295385607513653,0.0,0.0,False
moirai,raw,17,steel_industry,deletion_30,rep1,0.5027930585196636,0.9530903503597564,2.3847140060347716,0.06306869809319847,False
moirai,full,17,steel_industry,deletion_30,rep1,0.49679732496899953,0.9428921408700239,1.7797297714155613,0.04778760868279124,False
moirai,raw,17,steel_industry,deletion_50,rep1,0.5027930585196636,0.9530903503597564,2.3847140060347716,0.06306869809319847,False
moirai,full,17,steel_industry,deletion_50,rep1,0.49679732496899953,0.9428921408700239,1.7797297714155613,0.04778760868279124,False
moirai,raw,17,steel_industry,insertion_1,rep1,0.49584747578886235,0.9457792167042871,0.9703716847782928,0.07020844908550204,False
moirai,full,17,steel_industry,insertion_1,rep1,0.49496149940480416,0.9421589587091,1.4036210034327201,0.04936531459640336,False
moirai,raw,17,steel_industry,insertion_4,rep1,0.49554124412169875,0.9433294001351122,0.9080131435636574,0.11874561996519468,False
moirai,full,17,steel_industry,insertion_4,rep1,0.49379891240705265,0.9425588839636998,1.1654397884386603,0.08124834071971894,False
moirai,raw,17,steel_industry,permutation,rep2,0.4910821536211235,0.9362752256126046,0.0,0.0,False
moirai,full,17,steel_industry,permutation,rep2,0.48811028098103987,0.9295385607513653,0.0,0.0,False
moirai,raw,17,steel_industry,deletion_30,rep2,0.5027930585196636,0.9530903503597564,2.3847140060347716,0.06306869809319847,False
moirai,full,17,steel_industry,deletion_30,rep2,0.49679732496899953,0.9428921408700239,1.7797297714155613,0.04778760868279124,False
moirai,raw,17,steel_industry,deletion_50,rep2,0.5027930585196636,0.9530903503597564,2.3847140060347716,0.06306869809319847,False
moirai,full,17,steel_industry,deletion_50,rep2,0.49679732496899953,0.9428921408700239,1.7797297714155613,0.04778760868279124,False
moirai,raw,17,steel_industry,insertion_1,rep2,0.49533674515627524,0.94562999826458,0.8663706273541738,0.06995134272439096,False
moirai,full,17,steel_industry,insertion_1,rep2,0.49430779739005815,0.94272102831392,1.269695937680737,0.05199033875209153,False
moirai,raw,17,steel_industry,insertion_4,rep2,0.4938122437062852,0.9409681479332018,0.5559334756986445,0.11859746101218095,False
moirai,full,17,steel_industry,insertion_4,rep2,0.49399687960662575,0.9442972027752822,1.2059976720331544,0.07968914890767848,False
moirai,raw,29,building_energy,reference,rep0,0.24463309045142123,0.4185921338153715,0.0,0.0,False
moirai,full,29,building_energy,reference,rep0,0.24515967663566318,0.4189730986326866,0.0,0.0,False
moirai,raw,29,building_energy,legal_gauge_direct,rep0,0.24462615119851913,0.41908570852910204,-0.0028365961813658913,0.0049654009823426925,False
moirai,full,29,building_energy,legal_gauge_direct,rep0,0.24485662721193727,0.41886502965144146,-0.12361307857992054,0.009143785212922006,False
moirai,raw,29,building_energy,legal_gauge_canonical_preprocessing,rep0,0.24451912518236238,0.4186476285628296,-0.046586203382603664,0.0035107120857996235,False
moirai,full,29,building_energy,legal_gauge_canonical_preprocessing,rep0,0.24522005574675257,0.4188412119730798,0.024628483736788276,0.007303376734045843,False
moirai,raw,29,building_energy,permutation,rep0,0.24463309045142123,0.4185921338153715,0.0,0.0,False
moirai,full,29,building_energy,permutation,rep0,0.24515967663566318,0.4189730986326866,0.0,0.0,False
moirai,raw,29,building_energy,deletion_30,rep0,0.24463309045142123,0.4185921338153715,0.0,0.0,True
moirai,full,29,building_energy,deletion_30,rep0,0.24515967663566318,0.4189730986326866,0.0,0.0,True
moirai,raw,29,building_energy,deletion_50,rep0,0.24463309045142123,0.4185921338153715,0.0,0.0,True
moirai,full,29,building_energy,deletion_50,rep0,0.24515967663566318,0.4189730986326866,0.0,0.0,True
moirai,raw,29,building_energy,insertion_1,rep0,0.24343870270487258,0.41678051685725603,-0.48823638059128927,0.03683548364164726,False
moirai,full,29,building_energy,insertion_1,rep0,0.2438550004066045,0.41701130190321073,-0.53217406996241,0.03242748146981176,False
moirai,raw,29,building_energy,insertion_4,rep0,0.24287646772155583,0.4150025278331714,-0.7180642351465649,0.04437750903226722,False
moirai,full,29,building_energy,insertion_4,rep0,0.2434368153921192,0.4159733021265133,-0.70275065915687,0.0398392528361705,False
moirai,raw,29,building_energy,permutation,rep1,0.24463309045142123,0.4185921338153715,0.0,0.0,False
moirai,full,29,building_energy,permutation,rep1,0.24515967663566318,0.4189730986326866,0.0,0.0,False
moirai,raw,29,building_energy,deletion_30,rep1,0.24463309045142123,0.4185921338153715,0.0,0.0,True
moirai,full,29,building_energy,deletion_30,rep1,0.24515967663566318,0.4189730986326866,0.0,0.0,True
moirai,raw,29,building_energy,deletion_50,rep1,0.24463309045142123,0.4185921338153715,0.0,0.0,True
moirai,full,29,building_energy,deletion_50,rep1,0.24515967663566318,0.4189730986326866,0.0,0.0,True
moirai,raw,29,building_energy,insertion_1,rep1,0.24355617905758142,0.41702271836714816,-0.44021493243313614,0.03687037194679993,False
moirai,full,29,building_energy,insertion_1,rep1,0.24434299392622696,0.4178192463961158,-0.33312277151104075,0.03224221357502116,False
moirai,raw,29,building_energy,insertion_4,rep1,0.24267201252143586,0.4147389976493683,-0.801640500214662,0.04445267358109552,False
moirai,full,29,building_energy,insertion_4,rep1,0.24310544982652882,0.4154134694245065,-0.8379138189952839,0.04049007695638761,False
moirai,raw,29,building_energy,permutation,rep2,0.24463309045142123,0.4185921338153715,0.0,0.0,False
moirai,full,29,building_energy,permutation,rep2,0.24515967663566318,0.4189730986326866,0.0,0.0,False
moirai,raw,29,building_energy,deletion_30,rep2,0.24463309045142123,0.4185921338153715,0.0,0.0,True
moirai,full,29,building_energy,deletion_30,rep2,0.24515967663566318,0.4189730986326866,0.0,0.0,True
moirai,raw,29,building_energy,deletion_50,rep2,0.24463309045142123,0.4185921338153715,0.0,0.0,True
moirai,full,29,building_energy,deletion_50,rep2,0.24515967663566318,0.4189730986326866,0.0,0.0,True
moirai,raw,29,building_energy,insertion_1,rep2,0.24319579158497895,0.41672877793274066,-0.5875324813131466,0.037079728871075815,False
moirai,full,29,building_energy,insertion_1,rep2,0.24375065207775382,0.4173471476836502,-0.5747374842573927,0.03254177026545495,False
moirai,raw,29,building_energy,insertion_4,rep2,0.24302822106172586,0.4151035411004295,-0.6560311962432785,0.0443366712184535,False
moirai,full,29,building_energy,insertion_4,rep2,0.24356391513071265,0.41597677086221824,-0.6509070034881881,0.03982776349532341,False
moirai,raw,29,hydraulic,reference,rep0,0.10667084341883447,0.192910158084852,0.0,0.0,False
moirai,full,29,hydraulic,reference,rep0,0.10517200417918314,0.19131206278060064,0.0,0.0,False
moirai,raw,29,hydraulic,legal_gauge_direct,rep0,0.13496426010105542,0.2186306617725922,26.52403953639808,0.03850070925280793,False
moirai,full,29,hydraulic,legal_gauge_direct,rep0,0.12187688564846937,0.20670955543067282,15.883391782499334,0.024681535732644373,False
moirai,raw,29,hydraulic,legal_gauge_canonical_preprocessing,rep0,0.13496495894761437,0.21863125212589563,26.524694679393647,0.03850005932598297,False
moirai,full,29,hydraulic,legal_gauge_canonical_preprocessing,rep0,0.12187721149276616,0.2067098221796776,15.883701602873423,0.024681183701741015,False
moirai,raw,29,hydraulic,permutation,rep0,0.10667084341883447,0.192910158084852,0.0,0.0,False
moirai,full,29,hydraulic,permutation,rep0,0.10517200417918314,0.19131206278060064,0.0,0.0,False
moirai,raw,29,hydraulic,deletion_30,rep0,0.10667084341883447,0.192910158084852,0.0,0.0,True
moirai,full,29,hydraulic,deletion_30,rep0,0.10517200417918314,0.19131206278060064,0.0,0.0,True
moirai,raw,29,hydraulic,deletion_50,rep0,0.10667084341883447,0.192910158084852,0.0,0.0,True
moirai,full,29,hydraulic,deletion_50,rep0,0.10517200417918314,0.19131206278060064,0.0,0.0,True
moirai,raw,29,hydraulic,insertion_1,rep0,0.10691982041276665,0.19323657508053638,0.23340679228962546,0.012200180696535627,False
moirai,full,29,hydraulic,insertion_1,rep0,0.10539567172612291,0.19125879373214724,0.2126683319248146,0.008739486165931377,False
moirai,raw,29,hydraulic,insertion_4,rep0,0.10664938554487656,0.19293676384893244,-0.020115969153500224,0.013729999371752044,False
moirai,full,29,hydraulic,insertion_4,rep0,0.10504595923257026,0.1904117174080517,-0.11984648157710165,0.010542893803201893,False
moirai,raw,29,hydraulic,permutation,rep1,0.10667084341883447,0.192910158084852,0.0,0.0,False
moirai,full,29,hydraulic,permutation,rep1,0.10517200417918314,0.19131206278060064,0.0,0.0,False
moirai,raw,29,hydraulic,deletion_30,rep1,0.10667084341883447,0.192910158084852,0.0,0.0,True
moirai,full,29,hydraulic,deletion_30,rep1,0.10517200417918314,0.19131206278060064,0.0,0.0,True
moirai,raw,29,hydraulic,deletion_50,rep1,0.10667084341883447,0.192910158084852,0.0,0.0,True
moirai,full,29,hydraulic,deletion_50,rep1,0.10517200417918314,0.19131206278060064,0.0,0.0,True
moirai,raw,29,hydraulic,insertion_1,rep1,0.10695767240590873,0.1933815930898921,0.2688916463780444,0.012197100726055347,False
moirai,full,29,hydraulic,insertion_1,rep1,0.10524660424307557,0.19092259002106063,0.07093148454728748,0.00877608539924737,False
moirai,raw,29,hydraulic,insertion_4,rep1,0.10695715906114375,0.19318111044843517,0.26841040450489295,0.01378081006802219,False
moirai,full,29,hydraulic,insertion_4,rep1,0.10526011755301784,0.19065251939361996,0.08378025551798451,0.01036636387244636,False
moirai,raw,29,hydraulic,permutation,rep2,0.10667084341883447,0.192910158084852,0.0,0.0,False
moirai,full,29,hydraulic,permutation,rep2,0.10517200417918314,0.19131206278060064,0.0,0.0,False
moirai,raw,29,hydraulic,deletion_30,rep2,0.10667084341883447,0.192910158084852,0.0,0.0,True
moirai,full,29,hydraulic,deletion_30,rep2,0.10517200417918314,0.19131206278060064,0.0,0.0,True
moirai,raw,29,hydraulic,deletion_50,rep2,0.10667084341883447,0.192910158084852,0.0,0.0,True
moirai,full,29,hydraulic,deletion_50,rep2,0.10517200417918314,0.19131206278060064,0.0,0.0,True
moirai,raw,29,hydraulic,insertion_1,rep2,0.10692649250882354,0.19332148327189524,0.23966163742166202,0.01218128747903466,False
moirai,full,29,hydraulic,insertion_1,rep2,0.10532570297217107,0.19109630821140927,0.14614040512728188,0.008673947398151494,False
moirai,raw,29,hydraulic,insertion_4,rep2,0.10664448781013054,0.1928558089230951,-0.024707415690383705,0.013067650359561896,False
moirai,full,29,hydraulic,insertion_4,rep2,0.10516138852255039,0.19064828488349295,-0.010093614470507717,0.009512157728051479,False
moirai,raw,29,metropt,reference,rep0,0.37547319298449294,0.994101246414419,0.0,0.0,False
moirai,full,29,metropt,reference,rep0,0.37368071289744914,0.9921683887206207,0.0,0.0,False
moirai,raw,29,metropt,legal_gauge_direct,rep0,0.37525227992064963,0.9924806439588363,-0.058835908387322444,0.00538900358816262,False
moirai,full,29,metropt,legal_gauge_direct,rep0,0.37341680339141686,0.9904961185057528,-0.0706243316616395,0.0049929119560365685,False
moirai,raw,29,metropt,legal_gauge_canonical_preprocessing,rep0,0.37518649295414125,0.9925315843237401,-0.0763569905145145,0.005181832285302025,False
moirai,full,29,metropt,legal_gauge_canonical_preprocessing,rep0,0.37335057035414004,0.9905466977255183,-0.08834883147947892,0.00478559481126145,False
moirai,raw,29,metropt,permutation,rep0,0.37547318880422065,0.9941012402848488,-1.1133344246516685e-06,8.60387218351443e-08,False
moirai,full,29,metropt,permutation,rep0,0.37368070917913937,0.9921683833557154,-9.950499535449353e-07,8.029949187457338e-08,False
moirai,raw,29,metropt,deletion_30,rep0,0.37321812581400593,0.9890897932264494,-0.6005933879226766,0.02649022032436215,False
moirai,full,29,metropt,deletion_30,rep0,0.37179727624900244,0.9888811691728129,-0.5040229756154369,0.02473744006571707,False
moirai,raw,29,metropt,deletion_50,rep0,0.3753469911238577,0.9927789503402321,-0.033611417004786315,0.030614180198947703,False
moirai,full,29,metropt,deletion_50,rep0,0.37127286303791385,0.9908062804439418,-0.6443602188791808,0.030612946849699212,False
moirai,raw,29,metropt,insertion_1,rep0,0.37746757702215433,0.9965523022277456,0.531165493282959,0.022169156939471708,False
moirai,full,29,metropt,insertion_1,rep0,0.3756003419963439,0.994511266004288,0.5137083699103151,0.02069034297784826,False
moirai,raw,29,metropt,insertion_4,rep0,0.37654990857725557,0.9931812745509517,0.28676230763753363,0.029028103907570407,False
moirai,full,29,metropt,insertion_4,rep0,0.37538926125225075,0.993186185475259,0.45722144489446226,0.026745159780873523,False
moirai,raw,29,metropt,permutation,rep1,0.3754731899813972,0.9941012439018516,-7.998162798728004e-07,8.282627604526938e-08,False
moirai,full,29,metropt,permutation,rep1,0.3736807095741859,0.9921683855726917,-8.893322855918484e-07,7.712230740840984e-08,False
moirai,raw,29,metropt,deletion_30,rep1,0.37368680539646654,0.9913815032574417,-0.4757696744811746,0.028890563001467983,False
moirai,full,29,metropt,deletion_30,rep1,0.3720562682678108,0.9904442506737174,-0.43471460355626323,0.027174972847062044,False
moirai,raw,29,metropt,deletion_50,rep1,0.3724889970296227,0.9874465375783766,-0.794782693046614,0.031017342157715483,False
moirai,full,29,metropt,deletion_50,rep1,0.3702537634123164,0.9880130916995528,-0.9170795727081571,0.030236177932884207,False
moirai,raw,29,metropt,insertion_1,rep1,0.37343871488924213,0.9894410510119135,-0.5418437676148136,0.023171441283910677,False
moirai,full,29,metropt,insertion_1,rep1,0.3721468601734201,0.9891249858335278,-0.4104714723261682,0.021215499056455235,False
moirai,raw,29,metropt,insertion_4,rep1,0.37917446689278894,0.997800150107034,0.985762493155895,0.0273168968825877,False
moirai,full,29,metropt,insertion_4,rep1,0.3775892859528276,0.9964740957897861,1.0459659598356374,0.025441638686440612,False
moirai,raw,29,metropt,permutation,rep2,0.3754731873853324,0.9941012408866399,-1.4912277745970925e-06,8.701795798244742e-08,False
moirai,full,29,metropt,permutation,rep2,0.3736807076797639,0.9921683830480755,-1.3962950351498193e-06,8.098005404507903e-08,False
moirai,raw,29,metropt,deletion_30,rep2,0.3735350244008635,0.9895397257642612,-0.5161935977968657,0.026735197815285945,False
moirai,full,29,metropt,deletion_30,rep2,0.37193294208423655,0.9892797875633613,-0.46771769398016305,0.025245676590900018,False
moirai,raw,29,metropt,deletion_50,rep2,0.37266725116554816,0.9861822406860699,-0.7473081624393529,0.03477934438163479,False
moirai,full,29,metropt,deletion_50,rep2,0.3688940594845361,0.9856837886477207,-1.2809474098350648,0.03426477612766134,False
moirai,raw,29,metropt,insertion_1,rep2,0.3776927409049999,0.9969341595677316,0.5911335248369065,0.02212359849685592,False
moirai,full,29,metropt,insertion_1,rep2,0.3758287489054889,0.9948967696555416,0.574831917704377,0.020639111577501153,False
moirai,raw,29,metropt,insertion_4,rep2,0.37912494553704595,0.9998710193892902,0.9725734408698061,0.03501634851020193,False
moirai,full,29,metropt,insertion_4,rep2,0.37689164026235183,0.9965647924085975,0.859270295222303,0.03282748245226912,False
moirai,raw,29,pmsm,reference,rep0,0.05081912311234874,0.14954081731205107,0.0,0.0,False
moirai,full,29,pmsm,reference,rep0,0.050448410320400185,0.14883819112646204,0.0,0.0,False
moirai,raw,29,pmsm,legal_gauge_direct,rep0,0.050878304845870415,0.14941244732145278,0.11645563696727201,0.0008583573828884718,False
moirai,full,29,pmsm,legal_gauge_direct,rep0,0.05024826916076683,0.14777881856007974,-0.3967244128452174,0.000984517492169908,False
moirai,raw,29,pmsm,legal_gauge_canonical_preprocessing,rep0,0.05084814643744275,0.1497264639529747,0.057111030880729885,0.0003610305426630646,False
moirai,full,29,pmsm,legal_gauge_canonical_preprocessing,rep0,0.05045459666639682,0.1488187379844426,0.012262717412392377,0.000702633420351251,False
moirai,raw,29,pmsm,permutation,rep0,0.05081912311234874,0.14954081731205107,0.0,0.0,False
moirai,full,29,pmsm,permutation,rep0,0.050448410320400185,0.14883819112646204,0.0,0.0,False
moirai,raw,29,pmsm,deletion_30,rep0,0.05081912311234874,0.14954081731205107,0.0,0.0,True
moirai,full,29,pmsm,deletion_30,rep0,0.050448410320400185,0.14883819112646204,0.0,0.0,True
moirai,raw,29,pmsm,deletion_50,rep0,0.05081912311234874,0.14954081731205107,0.0,0.0,True
moirai,full,29,pmsm,deletion_50,rep0,0.050448410320400185,0.14883819112646204,0.0,0.0,True
moirai,raw,29,pmsm,insertion_1,rep0,0.05041723533323731,0.14698284350331578,-0.7908199797602822,0.009065477922220566,False
moirai,full,29,pmsm,insertion_1,rep0,0.049999025828413014,0.14608056048707593,-0.8907802825363742,0.008918115429623443,False
moirai,raw,29,pmsm,insertion_4,rep0,0.05089766611367088,0.14703313103697865,0.15455402712969413,0.012849494639369612,False
moirai,full,29,pmsm,insertion_4,rep0,0.05036310110059448,0.1457863215748109,-0.16910189887828775,0.012113321975863008,False
moirai,raw,29,pmsm,permutation,rep1,0.05081912311234874,0.14954081731205107,0.0,0.0,False
moirai,full,29,pmsm,permutation,rep1,0.050448410320400185,0.14883819112646204,0.0,0.0,False
moirai,raw,29,pmsm,deletion_30,rep1,0.05081912311234874,0.14954081731205107,0.0,0.0,True
moirai,full,29,pmsm,deletion_30,rep1,0.050448410320400185,0.14883819112646204,0.0,0.0,True
moirai,raw,29,pmsm,deletion_50,rep1,0.05081912311234874,0.14954081731205107,0.0,0.0,True
moirai,full,29,pmsm,deletion_50,rep1,0.050448410320400185,0.14883819112646204,0.0,0.0,True
moirai,raw,29,pmsm,insertion_1,rep1,0.05052531595979867,0.14835009038668492,-0.578142900853551,0.008636113001514263,False
moirai,full,29,pmsm,insertion_1,rep1,0.05025253087188705,0.14784922340678122,-0.38827675098004333,0.008193704866520043,False
moirai,raw,29,pmsm,insertion_4,rep1,0.05119301348540461,0.14801242529280645,0.735727714603196,0.012692771473948261,False
moirai,full,29,pmsm,insertion_4,rep1,0.05067272709646175,0.14676820129695076,0.44464587612755846,0.011878507453141297,False
moirai,raw,29,pmsm,permutation,rep2,0.05081912311234874,0.14954081731205107,0.0,0.0,False
moirai,full,29,pmsm,permutation,rep2,0.050448410320400185,0.14883819112646204,0.0,0.0,False
moirai,raw,29,pmsm,deletion_30,rep2,0.05081912311234874,0.14954081731205107,0.0,0.0,True
moirai,full,29,pmsm,deletion_30,rep2,0.050448410320400185,0.14883819112646204,0.0,0.0,True
moirai,raw,29,pmsm,deletion_50,rep2,0.05081912311234874,0.14954081731205107,0.0,0.0,True
moirai,full,29,pmsm,deletion_50,rep2,0.050448410320400185,0.14883819112646204,0.0,0.0,True
moirai,raw,29,pmsm,insertion_1,rep2,0.05052502874130798,0.14778738133198532,-0.5787080788281052,0.008902401231835132,False
moirai,full,29,pmsm,insertion_1,rep2,0.05029123954815986,0.14757510903207732,-0.3115475219974795,0.008559596829911777,False
moirai,raw,29,pmsm,insertion_4,rep2,0.05110105176804241,0.1475774121241885,0.5547688319422317,0.013045329345138967,False
moirai,full,29,pmsm,insertion_4,rep2,0.050710086202823496,0.14682752179364,0.518699956572255,0.01234170271189385,False
moirai,raw,29,steel_industry,reference,rep0,0.4956154893308982,0.9420474143937992,0.0,0.0,False
moirai,full,29,steel_industry,reference,rep0,0.4916029791226433,0.9354936057189022,0.0,0.0,False
moirai,raw,29,steel_industry,legal_gauge_direct,rep0,0.4956165219004115,0.9420497998044561,0.00020834084799581376,1.4336059947716792e-05,False
moirai,full,29,steel_industry,legal_gauge_direct,rep0,0.49160348497449835,0.9354948017788249,0.00010289845191469027,7.853732436004914e-06,False
moirai,raw,29,steel_industry,legal_gauge_canonical_preprocessing,rep0,0.49561652444958926,0.9420498001468787,0.00020885519385061002,1.433652270178296e-05,False
moirai,full,29,steel_industry,legal_gauge_canonical_preprocessing,rep0,0.49160348681069044,0.9354948042807767,0.00010327196309223297,7.8550065986813e-06,False
moirai,raw,29,steel_industry,permutation,rep0,0.4956154893308982,0.9420474143937992,0.0,0.0,False
moirai,full,29,steel_industry,permutation,rep0,0.4916029791226433,0.9354936057189022,0.0,0.0,False
moirai,raw,29,steel_industry,deletion_30,rep0,0.5029461908111283,0.95437810430813,1.4791106488876826,0.058776694304440054,False
moirai,full,29,steel_industry,deletion_30,rep0,0.4990593986992313,0.9457452616766368,1.5167563853855093,0.04199211707807713,False
moirai,raw,29,steel_industry,deletion_50,rep0,0.5029461908111283,0.95437810430813,1.4791106488876826,0.058776694304440054,False
moirai,full,29,steel_industry,deletion_50,rep0,0.4990593986992313,0.9457452616766368,1.5167563853855093,0.04199211707807713,False
moirai,raw,29,steel_industry,insertion_1,rep0,0.4969198212067167,0.9483477777534615,0.26317415494405694,0.06537489481053539,False
moirai,full,29,steel_industry,insertion_1,rep0,0.4950267655233649,0.9440231443952616,0.6964535501456925,0.047178135792054134,False
moirai,raw,29,steel_industry,insertion_4,rep0,0.49617254472146666,0.9439511884643886,0.11239668706086725,0.11052411034916257,False
moirai,full,29,steel_industry,insertion_4,rep0,0.4931534647980264,0.9413502496462858,0.31539387294809984,0.07226737931855999,False
moirai,raw,29,steel_industry,permutation,rep1,0.4956154893308982,0.9420474143937992,0.0,0.0,False
moirai,full,29,steel_industry,permutation,rep1,0.4916029791226433,0.9354936057189022,0.0,0.0,False
moirai,raw,29,steel_industry,deletion_30,rep1,0.5029461908111283,0.95437810430813,1.4791106488876826,0.058776694304440054,False
moirai,full,29,steel_industry,deletion_30,rep1,0.4990593986992313,0.9457452616766368,1.5167563853855093,0.04199211707807713,False
moirai,raw,29,steel_industry,deletion_50,rep1,0.5029461908111283,0.95437810430813,1.4791106488876826,0.058776694304440054,False
moirai,full,29,steel_industry,deletion_50,rep1,0.4990593986992313,0.9457452616766368,1.5167563853855093,0.04199211707807713,False
moirai,raw,29,steel_industry,insertion_1,rep1,0.4969928111592382,0.9483074087209967,0.2779012879923215,0.06561102767321102,False
moirai,full,29,steel_industry,insertion_1,rep1,0.4947073371112235,0.9436359190463094,0.6314766428227259,0.04847174328662443,False
moirai,raw,29,steel_industry,insertion_4,rep1,0.4978599077061839,0.945229555298552,0.4528547681824202,0.11271816563579808,False
moirai,full,29,steel_industry,insertion_4,rep1,0.4948417779983025,0.9432644648581132,0.6588240944836121,0.07366333623496145,False
moirai,raw,29,steel_industry,permutation,rep2,0.4956154893308982,0.9420474143937992,0.0,0.0,False
moirai,full,29,steel_industry,permutation,rep2,0.4916029791226433,0.9354936057189022,0.0,0.0,False
moirai,raw,29,steel_industry,deletion_30,rep2,0.5029461908111283,0.95437810430813,1.4791106488876826,0.058776694304440054,False
moirai,full,29,steel_industry,deletion_30,rep2,0.4990593986992313,0.9457452616766368,1.5167563853855093,0.04199211707807713,False
moirai,raw,29,steel_industry,deletion_50,rep2,0.5029461908111283,0.95437810430813,1.4791106488876826,0.058776694304440054,False
moirai,full,29,steel_industry,deletion_50,rep2,0.4990593986992313,0.9457452616766368,1.5167563853855093,0.04199211707807713,False
moirai,raw,29,steel_industry,insertion_1,rep2,0.497069441685701,0.9488023459584761,0.2933629771671775,0.06571901922486469,False
moirai,full,29,steel_industry,insertion_1,rep2,0.4951140810915339,0.9445199731910974,0.7142149494612005,0.047718270461538884,False
moirai,raw,29,steel_industry,insertion_4,rep2,0.49574643636534416,0.9429533740269134,0.026421094026485292,0.11096419524089354,False
moirai,full,29,steel_industry,insertion_4,rep2,0.4952930228582992,0.9451430198678754,0.7506146000664016,0.07226481852695625,False
moirai,raw,43,building_energy,reference,rep0,0.24553517585039586,0.41951060366368625,0.0,0.0,False
moirai,full,43,building_energy,reference,rep0,0.24620901445317897,0.4202090272153818,0.0,0.0,False
moirai,raw,43,building_energy,legal_gauge_direct,rep0,0.2455756342183606,0.4200973918464382,0.016477625995792167,0.005151948397198527,False
moirai,full,43,building_energy,legal_gauge_direct,rep0,0.2456308413573143,0.4200718156204308,-0.23483018976732106,0.00806865651815997,False
moirai,raw,43,building_energy,legal_gauge_canonical_preprocessing,rep0,0.24540487586778575,0.4195483944808899,-0.05306774565347894,0.0035987735471197826,False
moirai,full,43,building_energy,legal_gauge_canonical_preprocessing,rep0,0.24627886688944406,0.420066679937305,0.0283711936462705,0.006567439824769636,False
moirai,raw,43,building_energy,permutation,rep0,0.24553517585039586,0.41951060366368625,0.0,0.0,False
moirai,full,43,building_energy,permutation,rep0,0.24620901445317897,0.4202090272153818,0.0,0.0,False
moirai,raw,43,building_energy,deletion_30,rep0,0.24553517585039586,0.41951060366368625,0.0,0.0,True
moirai,full,43,building_energy,deletion_30,rep0,0.24620901445317897,0.4202090272153818,0.0,0.0,True
moirai,raw,43,building_energy,deletion_50,rep0,0.24553517585039586,0.41951060366368625,0.0,0.0,True
moirai,full,43,building_energy,deletion_50,rep0,0.24620901445317897,0.4202090272153818,0.0,0.0,True
moirai,raw,43,building_energy,insertion_1,rep0,0.24412385450874433,0.41716344356637997,-0.5747939523384038,0.036774708432323965,False
moirai,full,43,building_energy,insertion_1,rep0,0.2444977501019916,0.4179413359493409,-0.6950453682567304,0.032770314208374014,False
moirai,raw,43,building_energy,insertion_4,rep0,0.24350844294603674,0.4154175088100937,-0.8254348475079554,0.044652493669864755,False
moirai,full,43,building_energy,insertion_4,rep0,0.24383809363903575,0.41555304634519974,-0.9629707585682601,0.040694603878718975,False
moirai,raw,43,building_energy,permutation,rep1,0.24553517585039586,0.41951060366368625,0.0,0.0,False
moirai,full,43,building_energy,permutation,rep1,0.24620901445317897,0.4202090272153818,0.0,0.0,False
moirai,raw,43,building_energy,deletion_30,rep1,0.24553517585039586,0.41951060366368625,0.0,0.0,True
moirai,full,43,building_energy,deletion_30,rep1,0.24620901445317897,0.4202090272153818,0.0,0.0,True
moirai,raw,43,building_energy,deletion_50,rep1,0.24553517585039586,0.41951060366368625,0.0,0.0,True
moirai,full,43,building_energy,deletion_50,rep1,0.24620901445317897,0.4202090272153818,0.0,0.0,True
moirai,raw,43,building_energy,insertion_1,rep1,0.24421651112457723,0.4174619995192193,-0.5370573569556836,0.03667848199170117,False
moirai,full,43,building_energy,insertion_1,rep1,0.24453248589685841,0.41788851308962227,-0.6809371135512943,0.03294007719490131,False
moirai,raw,43,building_energy,insertion_4,rep1,0.24322510832855013,0.41518048706825067,-0.9408295629516061,0.04474336029248455,False
moirai,full,43,building_energy,insertion_4,rep1,0.2431929710736262,0.41504275105862143,-1.2249930760054761,0.040535400587104545,False
moirai,raw,43,building_energy,permutation,rep2,0.24553517585039586,0.41951060366368625,0.0,0.0,False
moirai,full,43,building_energy,permutation,rep2,0.24620901445317897,0.4202090272153818,0.0,0.0,False
moirai,raw,43,building_energy,deletion_30,rep2,0.24553517585039586,0.41951060366368625,0.0,0.0,True
moirai,full,43,building_energy,deletion_30,rep2,0.24620901445317897,0.4202090272153818,0.0,0.0,True
moirai,raw,43,building_energy,deletion_50,rep2,0.24553517585039586,0.41951060366368625,0.0,0.0,True
moirai,full,43,building_energy,deletion_50,rep2,0.24620901445317897,0.4202090272153818,0.0,0.0,True
moirai,raw,43,building_energy,insertion_1,rep2,0.24386295642391045,0.41710731734071693,-0.6810508598997123,0.03691097409754953,False
moirai,full,43,building_energy,insertion_1,rep2,0.24391654234191656,0.417459931018907,-0.9311081141175515,0.03391494288477957,False
moirai,raw,43,building_energy,insertion_4,rep2,0.24353867614528066,0.41551863916345994,-0.8131216629961302,0.04471949599651119,False
moirai,full,43,building_energy,insertion_4,rep2,0.2435011849518312,0.4155443139859052,-1.0998092443372798,0.040652575350075174,False
moirai,raw,43,hydraulic,reference,rep0,0.10732661413767261,0.19348238927077843,0.0,0.0,False
moirai,full,43,hydraulic,reference,rep0,0.10554648620855078,0.1915449535781908,0.0,0.0,False
moirai,raw,43,hydraulic,legal_gauge_direct,rep0,0.13580626592818693,0.21917779945163535,26.535498225987265,0.038782150039612974,False
moirai,full,43,hydraulic,legal_gauge_direct,rep0,0.12235558465657197,0.20698978846326252,15.925777400877038,0.02497570767064737,False
moirai,raw,43,hydraulic,legal_gauge_canonical_preprocessing,rep0,0.1358065245941606,0.21917799022398546,26.535739234217836,0.038782361383613885,False
moirai,full,43,hydraulic,legal_gauge_canonical_preprocessing,rep0,0.12235563248371385,0.20698979832751782,15.925822714694293,0.024975830564044763,False
moirai,raw,43,hydraulic,permutation,rep0,0.10732661413767261,0.19348238927077843,0.0,0.0,False
moirai,full,43,hydraulic,permutation,rep0,0.10554648620855078,0.1915449535781908,0.0,0.0,False
moirai,raw,43,hydraulic,deletion_30,rep0,0.10732661413767261,0.19348238927077843,0.0,0.0,True
moirai,full,43,hydraulic,deletion_30,rep0,0.10554648620855078,0.1915449535781908,0.0,0.0,True
moirai,raw,43,hydraulic,deletion_50,rep0,0.10732661413767261,0.19348238927077843,0.0,0.0,True
moirai,full,43,hydraulic,deletion_50,rep0,0.10554648620855078,0.1915449535781908,0.0,0.0,True
moirai,raw,43,hydraulic,insertion_1,rep0,0.10734268249806572,0.1935553660956207,0.014971459336732273,0.012106221454020818,False
moirai,full,43,hydraulic,insertion_1,rep0,0.1056594964477489,0.19131350238479478,0.10707153147175852,0.008308736788885905,False
moirai,raw,43,hydraulic,insertion_4,rep0,0.10715433020449094,0.1934164874146737,-0.16052303015976488,0.013849138035607918,False
moirai,full,43,hydraulic,insertion_4,rep0,0.1053770699563653,0.19050770202427428,-0.1605133986656182,0.010289256891923169,False
moirai,raw,43,hydraulic,permutation,rep1,0.10732661413767261,0.19348238927077843,0.0,0.0,False
moirai,full,43,hydraulic,permutation,rep1,0.10554648620855078,0.1915449535781908,0.0,0.0,False
moirai,raw,43,hydraulic,deletion_30,rep1,0.10732661413767261,0.19348238927077843,0.0,0.0,True
moirai,full,43,hydraulic,deletion_30,rep1,0.10554648620855078,0.1915449535781908,0.0,0.0,True
moirai,raw,43,hydraulic,deletion_50,rep1,0.10732661413767261,0.19348238927077843,0.0,0.0,True
moirai,full,43,hydraulic,deletion_50,rep1,0.10554648620855078,0.1915449535781908,0.0,0.0,True
moirai,raw,43,hydraulic,insertion_1,rep1,0.10734157879545597,0.19360083972594924,0.013943100603319714,0.012111886821426351,False
moirai,full,43,hydraulic,insertion_1,rep1,0.105647826991986,0.191346318398145,0.09601530763891919,0.008288545542425255,False
moirai,raw,43,hydraulic,insertion_4,rep1,0.10743876579036639,0.19363349235316857,0.10449565897039381,0.013930949739889262,False
moirai,full,43,hydraulic,insertion_4,rep1,0.10558843403468475,0.19081777767942126,0.03974346057440403,0.010210917343669008,False
moirai,raw,43,hydraulic,permutation,rep2,0.10732661413767261,0.19348238927077843,0.0,0.0,False
moirai,full,43,hydraulic,permutation,rep2,0.10554648620855078,0.1915449535781908,0.0,0.0,False
moirai,raw,43,hydraulic,deletion_30,rep2,0.10732661413767261,0.19348238927077843,0.0,0.0,True
moirai,full,43,hydraulic,deletion_30,rep2,0.10554648620855078,0.1915449535781908,0.0,0.0,True
moirai,raw,43,hydraulic,deletion_50,rep2,0.10732661413767261,0.19348238927077843,0.0,0.0,True
moirai,full,43,hydraulic,deletion_50,rep2,0.10554648620855078,0.1915449535781908,0.0,0.0,True
moirai,raw,43,hydraulic,insertion_1,rep2,0.10734607806849936,0.19361987848102408,0.018135232330895867,0.012122604011887448,False
moirai,full,43,hydraulic,insertion_1,rep2,0.10557640380156103,0.19122705501481863,0.028345418293818092,0.008160149103947084,False
moirai,raw,43,hydraulic,insertion_4,rep2,0.10712871776893017,0.19328466292371424,-0.18438704167876852,0.013254171453516681,False
moirai,full,43,hydraulic,insertion_4,rep2,0.10545629051979097,0.19068215790359352,-0.08545588962723949,0.00935995128354401,False
moirai,raw,43,metropt,reference,rep0,0.37527082403925294,0.9920021511449033,0.0,0.0,False
moirai,full,43,metropt,reference,rep0,0.3736008816034901,0.9905213983652089,0.0,0.0,False
moirai,raw,43,metropt,legal_gauge_direct,rep0,0.3751480136572613,0.9904855130105361,-0.03272580070834419,0.005261670536325808,False
moirai,full,43,metropt,legal_gauge_direct,rep0,0.373418906592993,0.9889285174633878,-0.04870839964725704,0.0048801510669948134,False
moirai,raw,43,metropt,legal_gauge_canonical_preprocessing,rep0,0.3750804418865808,0.9905353655043998,-0.05073193557201261,0.005046110209468011,False
moirai,full,43,metropt,legal_gauge_canonical_preprocessing,rep0,0.3733509129666592,0.9889781004053122,-0.0669079354839952,0.004664375744569197,False
moirai,raw,43,metropt,permutation,rep0,0.37527082251231525,0.9920021494622066,-4.0688953317769005e-07,8.039636119745651e-08,False
moirai,full,43,metropt,permutation,rep0,0.37360088015485565,0.9905213978680459,-3.877491994153104e-07,7.435515065696118e-08,False
moirai,raw,43,metropt,deletion_30,rep0,0.3732250737837791,0.9881927583219168,-0.5451397029628491,0.02722409199712452,False
moirai,full,43,metropt,deletion_30,rep0,0.37162279340986587,0.9882164477854598,-0.5294656118407182,0.025400447582257884,False
moirai,raw,43,metropt,deletion_50,rep0,0.3745289855680706,0.9905095718519015,-0.19768082772795292,0.03072197733565098,False
moirai,full,43,metropt,deletion_50,rep0,0.37153262616009247,0.9886380872558986,-0.5536002577190668,0.029108630858375357,False
moirai,raw,43,metropt,insertion_1,rep0,0.37781831298433666,0.995689523975721,0.6788401287538548,0.022371507486181545,False
moirai,full,43,metropt,insertion_1,rep0,0.37607493102870776,0.9940267367008655,0.6622172342310995,0.020717200207153803,False
moirai,raw,43,metropt,insertion_4,rep0,0.3764051413932482,0.9911924602571756,0.30226633176166917,0.02930531947517223,False
moirai,full,43,metropt,insertion_4,rep0,0.3752427901291456,0.9912390246406563,0.4394819730104693,0.027011041665401803,False
moirai,raw,43,metropt,permutation,rep1,0.375270823887431,0.9920021516652311,-4.045663803964317e-08,8.097782732882747e-08,False
moirai,full,43,metropt,permutation,rep1,0.3736008817139011,0.990521401400351,2.9553204328180982e-08,7.411244629129193e-08,False
moirai,raw,43,metropt,deletion_30,rep1,0.37340972642502196,0.9897309310317007,-0.4959345344780375,0.029791042102095308,False
moirai,full,43,metropt,deletion_30,rep1,0.3715934505529971,0.9890545236584496,-0.5373196770513844,0.02816442187381543,False
moirai,raw,43,metropt,deletion_50,rep1,0.3718986863483438,0.9858125679799815,-0.8985877597978198,0.03135137396473773,False
moirai,full,43,metropt,deletion_50,rep1,0.36955399693945584,0.9853049459935004,-1.0832106837288635,0.029565627795806775,False
moirai,raw,43,metropt,insertion_1,rep1,0.37371171544157084,0.989127973824045,-0.41546224694489764,0.0238748449059378,False
moirai,full,43,metropt,insertion_1,rep1,0.37246409022045884,0.988895091862488,-0.3042796307525131,0.02177825670401546,False
moirai,raw,43,metropt,insertion_4,rep1,0.3786765552000049,0.9946952163884911,0.9075395534601238,0.02781599594057657,False
moirai,full,43,metropt,insertion_4,rep1,0.3771604632202867,0.9937668012319653,0.9527765570356506,0.025800393468537616,False
moirai,raw,43,metropt,permutation,rep2,0.3752708297650566,0.9920021488596396,1.5257790586531428e-06,8.506579279233531e-08,False
moirai,full,43,metropt,permutation,rep2,0.3736008877703991,0.9905213982817423,1.6506676914218588e-06,7.795305248219268e-08,False
moirai,raw,43,metropt,deletion_30,rep2,0.3735195760959987,0.988571978839993,-0.4666624291237431,0.027382458122183043,False
moirai,full,43,metropt,deletion_30,rep2,0.3717706464947825,0.9885705014486179,-0.4898904683662053,0.02570449273116738,False
moirai,raw,43,metropt,deletion_50,rep2,0.37189889566454387,0.9842269943807062,-0.8985319824267424,0.03522422408076317,False
moirai,full,43,metropt,deletion_50,rep2,0.36773420738128365,0.9841720831174119,-1.5703052404552054,0.03410111460005466,False
moirai,raw,43,metropt,insertion_1,rep2,0.3780252224305776,0.9960593051737767,0.73397616198283,0.022368675423603324,False
moirai,full,43,metropt,insertion_1,rep2,0.3762883832131056,0.9944015152473573,0.7193509817430721,0.020710438318826067,False
moirai,raw,43,metropt,insertion_4,rep2,0.37905512656171386,0.9980060132280754,1.0084190616601374,0.03578692549629097,False
moirai,full,43,metropt,insertion_4,rep2,0.3768035083626343,0.9946137722637661,0.8572321203843547,0.033322868563945326,False
moirai,raw,43,pmsm,reference,rep0,0.05081080740169727,0.14935905382397452,0.0,0.0,False
moirai,full,43,pmsm,reference,rep0,0.05040160993910075,0.14860462655763543,0.0,0.0,False
moirai,raw,43,pmsm,legal_gauge_direct,rep0,0.05085876059074351,0.14899894571723343,0.09437596349755051,0.0008737197907294253,False
moirai,full,43,pmsm,legal_gauge_direct,rep0,0.050102290138867904,0.14703789872411815,-0.5938695224111057,0.0014909698357136764,False
moirai,raw,43,pmsm,legal_gauge_canonical_preprocessing,rep0,0.05083061556935244,0.14940389097886586,0.03898416236249869,0.00036943746453286527,False
moirai,full,43,pmsm,legal_gauge_canonical_preprocessing,rep0,0.0506197234015033,0.14914915158566064,0.43275098288744207,0.0008518956607557594,False
moirai,raw,43,pmsm,permutation,rep0,0.05081080740169727,0.14935905382397452,0.0,0.0,False
moirai,full,43,pmsm,permutation,rep0,0.05040160993910075,0.14860462655763543,0.0,0.0,False
moirai,raw,43,pmsm,deletion_30,rep0,0.05081080740169727,0.14935905382397452,0.0,0.0,True
moirai,full,43,pmsm,deletion_30,rep0,0.05040160993910075,0.14860462655763543,0.0,0.0,True
moirai,raw,43,pmsm,deletion_50,rep0,0.05081080740169727,0.14935905382397452,0.0,0.0,True
moirai,full,43,pmsm,deletion_50,rep0,0.05040160993910075,0.14860462655763543,0.0,0.0,True
moirai,raw,43,pmsm,insertion_1,rep0,0.050590903781390084,0.14755037200236876,-0.432789069003936,0.00917489477947974,False
moirai,full,43,pmsm,insertion_1,rep0,0.05010922554520445,0.14654817424877115,-0.5801092351009784,0.008964732004830686,False
moirai,raw,43,pmsm,insertion_4,rep0,0.05101348229285301,0.14758524068713572,0.39888146148405745,0.012792263057093361,False
moirai,full,43,pmsm,insertion_4,rep0,0.05032632726738525,0.14617080121170742,-0.14936560916697372,0.012735723461623633,False
moirai,raw,43,pmsm,permutation,rep1,0.05081080740169727,0.14935905382397452,0.0,0.0,False
moirai,full,43,pmsm,permutation,rep1,0.05040160993910075,0.14860462655763543,0.0,0.0,False
moirai,raw,43,pmsm,deletion_30,rep1,0.05081080740169727,0.14935905382397452,0.0,0.0,True
moirai,full,43,pmsm,deletion_30,rep1,0.05040160993910075,0.14860462655763543,0.0,0.0,True
moirai,raw,43,pmsm,deletion_50,rep1,0.05081080740169727,0.14935905382397452,0.0,0.0,True
moirai,full,43,pmsm,deletion_50,rep1,0.05040160993910075,0.14860462655763543,0.0,0.0,True
moirai,raw,43,pmsm,insertion_1,rep1,0.050699997122272474,0.14907026104629198,-0.2180840752022739,0.008774150928610884,False
moirai,full,43,pmsm,insertion_1,rep1,0.050211958343265105,0.14796369688030328,-0.3762808292528619,0.008453673743208467,False
moirai,raw,43,pmsm,insertion_4,rep1,0.05132128359994407,0.14881382459538098,1.0046606703394856,0.012590740463406002,False
moirai,full,43,pmsm,insertion_4,rep1,0.050762870024491154,0.14745990998111966,0.7167629879817561,0.011880945702431006,False
moirai,raw,43,pmsm,permutation,rep2,0.05081080740169727,0.14935905382397452,0.0,0.0,False
moirai,full,43,pmsm,permutation,rep2,0.05040160993910075,0.14860462655763543,0.0,0.0,False
moirai,raw,43,pmsm,deletion_30,rep2,0.05081080740169727,0.14935905382397452,0.0,0.0,True
moirai,full,43,pmsm,deletion_30,rep2,0.05040160993910075,0.14860462655763543,0.0,0.0,True
moirai,raw,43,pmsm,deletion_50,rep2,0.05081080740169727,0.14935905382397452,0.0,0.0,True
moirai,full,43,pmsm,deletion_50,rep2,0.05040160993910075,0.14860462655763543,0.0,0.0,True
moirai,raw,43,pmsm,insertion_1,rep2,0.05067118936021878,0.14850708462608322,-0.274780206452363,0.009090267908027545,False
moirai,full,43,pmsm,insertion_1,rep2,0.05023797281447335,0.14762493147219544,-0.3246664636806673,0.008934828545502031,False
moirai,raw,43,pmsm,insertion_4,rep2,0.05126350863133252,0.1483934626923511,0.8909546074643337,0.013015918353594235,False
moirai,full,43,pmsm,insertion_4,rep2,0.05086969073411882,0.14759361269214719,0.928702070397458,0.012796743003260736,False
moirai,raw,43,steel_industry,reference,rep0,0.489444639422086,0.9352554397520898,0.0,0.0,False
moirai,full,43,steel_industry,reference,rep0,0.4901526208830522,0.9330429746380225,0.0,0.0,False
moirai,raw,43,steel_industry,legal_gauge_direct,rep0,0.489449097398834,0.9352622319756472,0.0009108234903409951,2.676137274237551e-05,False
moirai,full,43,steel_industry,legal_gauge_direct,rep0,0.490153294195432,0.9330468424922088,0.0001373679036076325,1.5964515157178626e-05,False
moirai,raw,43,steel_industry,legal_gauge_canonical_preprocessing,rep0,0.48944909486478166,0.9352622294133355,0.000910305749979301,2.6767167163592382e-05,False
moirai,full,43,steel_industry,legal_gauge_canonical_preprocessing,rep0,0.49015329149972986,0.933046839769221,0.0001368179316063589,1.596927224121639e-05,False
moirai,raw,43,steel_industry,permutation,rep0,0.489444639422086,0.9352554397520898,0.0,0.0,False
moirai,full,43,steel_industry,permutation,rep0,0.4901526208830522,0.9330429746380225,0.0,0.0,False
moirai,raw,43,steel_industry,deletion_30,rep0,0.5012824583303266,0.9521836597515605,2.4186226499933072,0.060760936558104356,False
moirai,full,43,steel_industry,deletion_30,rep0,0.4965754247841806,0.9422948363069154,1.3103681644213383,0.0475632798649899,False
moirai,raw,43,steel_industry,deletion_50,rep0,0.5012824583303266,0.9521836597515605,2.4186226499933072,0.060760936558104356,False
moirai,full,43,steel_industry,deletion_50,rep0,0.4965754247841806,0.9422948363069154,1.3103681644213383,0.0475632798649899,False
moirai,raw,43,steel_industry,insertion_1,rep0,0.4939114146045648,0.943822250683309,0.9126211266207607,0.06768209565892316,False
moirai,full,43,steel_industry,insertion_1,rep0,0.4938407321879853,0.9414687259109205,0.7524414126948153,0.04649998400954158,False
moirai,raw,43,steel_industry,insertion_4,rep0,0.49538759262822935,0.9415171874355434,1.2142237808877576,0.11639928542427667,False
moirai,full,43,steel_industry,insertion_4,rep0,0.49629999478979114,0.9460027266519013,1.2541754638920155,0.07978895742492813,False
moirai,raw,43,steel_industry,permutation,rep1,0.489444639422086,0.9352554397520898,0.0,0.0,False
moirai,full,43,steel_industry,permutation,rep1,0.4901526208830522,0.9330429746380225,0.0,0.0,False
moirai,raw,43,steel_industry,deletion_30,rep1,0.5012824583303266,0.9521836597515605,2.4186226499933072,0.060760936558104356,False
moirai,full,43,steel_industry,deletion_30,rep1,0.4965754247841806,0.9422948363069154,1.3103681644213383,0.0475632798649899,False
moirai,raw,43,steel_industry,deletion_50,rep1,0.5012824583303266,0.9521836597515605,2.4186226499933072,0.060760936558104356,False
moirai,full,43,steel_industry,deletion_50,rep1,0.4965754247841806,0.9422948363069154,1.3103681644213383,0.0475632798649899,False
moirai,raw,43,steel_industry,insertion_1,rep1,0.49432010464079734,0.9443749322242881,0.996121895311397,0.06737542897792946,False
moirai,full,43,steel_industry,insertion_1,rep1,0.49336642589300855,0.9415317184106247,0.6556743497905471,0.046488368966554665,False
moirai,raw,43,steel_industry,insertion_4,rep1,0.49662320929358145,0.9428570636651192,1.466676574488912,0.11807274093880916,False
moirai,full,43,steel_industry,insertion_4,rep1,0.49553902314299414,0.9430971245770285,1.0989234843298057,0.07946991219562848,False
moirai,raw,43,steel_industry,permutation,rep2,0.489444639422086,0.9352554397520898,0.0,0.0,False
moirai,full,43,steel_industry,permutation,rep2,0.4901526208830522,0.9330429746380225,0.0,0.0,False
moirai,raw,43,steel_industry,deletion_30,rep2,0.5012824583303266,0.9521836597515605,2.4186226499933072,0.060760936558104356,False
moirai,full,43,steel_industry,deletion_30,rep2,0.4965754247841806,0.9422948363069154,1.3103681644213383,0.0475632798649899,False
moirai,raw,43,steel_industry,deletion_50,rep2,0.5012824583303266,0.9521836597515605,2.4186226499933072,0.060760936558104356,False
moirai,full,43,steel_industry,deletion_50,rep2,0.4965754247841806,0.9422948363069154,1.3103681644213383,0.0475632798649899,False
moirai,raw,43,steel_industry,insertion_1,rep2,0.4935908134640449,0.9436489442134057,0.8471180820070812,0.0677046233862268,False
moirai,full,43,steel_industry,insertion_1,rep2,0.49196647748415645,0.9404215202305164,0.37005955366236076,0.047122313923388205,False
moirai,raw,43,steel_industry,insertion_4,rep2,0.4949930898274769,0.9410883552847172,1.1336216516626418,0.11714206499091313,False
moirai,full,43,steel_industry,insertion_4,rep2,0.4962832826667011,0.9455274077650049,1.2507658885112072,0.0781675725632826,False
moirai,raw,71,building_energy,reference,rep0,0.24583123875229873,0.419513478409056,0.0,0.0,False
moirai,full,71,building_energy,reference,rep0,0.24659694251255274,0.42037542123700156,0.0,0.0,False
moirai,raw,71,building_energy,legal_gauge_direct,rep0,0.24585009764878882,0.42003316375967026,0.007671480884940962,0.005243713577371893,False
moirai,full,71,building_energy,legal_gauge_direct,rep0,0.24628938828524,0.42031759079164754,-0.12471940007815485,0.007349218717441091,False
moirai,raw,71,building_energy,legal_gauge_canonical_preprocessing,rep0,0.24571039712419593,0.41960182782603456,-0.04915633534458008,0.003623459222518073,False
moirai,full,71,building_energy,legal_gauge_canonical_preprocessing,rep0,0.24668199046443412,0.42034488683172044,0.034488648162001034,0.005886114786284051,False
moirai,raw,71,building_energy,permutation,rep0,0.24583123875229873,0.419513478409056,0.0,0.0,False
moirai,full,71,building_energy,permutation,rep0,0.24659694251255274,0.42037542123700156,0.0,0.0,False
moirai,raw,71,building_energy,deletion_30,rep0,0.24583123875229873,0.419513478409056,0.0,0.0,True
moirai,full,71,building_energy,deletion_30,rep0,0.24659694251255274,0.42037542123700156,0.0,0.0,True
moirai,raw,71,building_energy,deletion_50,rep0,0.24583123875229873,0.419513478409056,0.0,0.0,True
moirai,full,71,building_energy,deletion_50,rep0,0.24659694251255274,0.42037542123700156,0.0,0.0,True
moirai,raw,71,building_energy,insertion_1,rep0,0.2442123741237512,0.4174282355472459,-0.6585268156984347,0.03747320882549912,False
moirai,full,71,building_energy,insertion_1,rep0,0.24458676442248065,0.4177069454577798,-0.8151674832585387,0.031870061785052695,False
moirai,raw,71,building_energy,insertion_4,rep0,0.2433937514336408,0.41527967945259314,-0.9915287133682615,0.04532332228494964,False
moirai,full,71,building_energy,insertion_4,rep0,0.24360213287538557,0.4153363523060346,-1.2144552996697144,0.03981796168670784,False
moirai,raw,71,building_energy,permutation,rep1,0.24583123875229873,0.419513478409056,0.0,0.0,False
moirai,full,71,building_energy,permutation,rep1,0.24659694251255274,0.42037542123700156,0.0,0.0,False
moirai,raw,71,building_energy,deletion_30,rep1,0.24583123875229873,0.419513478409056,0.0,0.0,True
moirai,full,71,building_energy,deletion_30,rep1,0.24659694251255274,0.42037542123700156,0.0,0.0,True
moirai,raw,71,building_energy,deletion_50,rep1,0.24583123875229873,0.419513478409056,0.0,0.0,True
moirai,full,71,building_energy,deletion_50,rep1,0.24659694251255274,0.42037542123700156,0.0,0.0,True
moirai,raw,71,building_energy,insertion_1,rep1,0.24433524747484323,0.4177121624929007,-0.608544009723222,0.03740468267928712,False
moirai,full,71,building_energy,insertion_1,rep1,0.2455644565659867,0.4194025642649662,-0.418693734012332,0.03313836528335823,False
moirai,raw,71,building_energy,insertion_4,rep1,0.2431814300994638,0.4150376358330975,-1.0778974496015503,0.0453020410550676,False
moirai,full,71,building_energy,insertion_4,rep1,0.24350144518984143,0.4153240868284556,-1.2552861731259024,0.039615300994639564,False
moirai,raw,71,building_energy,permutation,rep2,0.24583123875229873,0.419513478409056,0.0,0.0,False
moirai,full,71,building_energy,permutation,rep2,0.24659694251255274,0.42037542123700156,0.0,0.0,False
moirai,raw,71,building_energy,deletion_30,rep2,0.24583123875229873,0.419513478409056,0.0,0.0,True
moirai,full,71,building_energy,deletion_30,rep2,0.24659694251255274,0.42037542123700156,0.0,0.0,True
moirai,raw,71,building_energy,deletion_50,rep2,0.24583123875229873,0.419513478409056,0.0,0.0,True
moirai,full,71,building_energy,deletion_50,rep2,0.24659694251255274,0.42037542123700156,0.0,0.0,True
moirai,raw,71,building_energy,insertion_1,rep2,0.24397261372690934,0.41737107396978135,-0.7560572996429316,0.03755490235049208,False
moirai,full,71,building_energy,insertion_1,rep2,0.24469652223481062,0.4184976288326175,-0.7706584916986059,0.03390478810523943,False
moirai,raw,71,building_energy,insertion_4,rep2,0.24356419475715027,0.4154241992493715,-0.9221952452644788,0.045192552929334204,False
moirai,full,71,building_energy,insertion_4,rep2,0.24368328252098242,0.41566604786082995,-1.181547492796664,0.03894964445290978,False
moirai,raw,71,hydraulic,reference,rep0,0.10712321515929951,0.19332014112841134,0.0,0.0,False
moirai,full,71,hydraulic,reference,rep0,0.10539080167175839,0.19121530508330825,0.0,0.0,False
moirai,raw,71,hydraulic,legal_gauge_direct,rep0,0.13711395976233662,0.22062020070833716,27.996494091816437,0.04048252592423346,False
moirai,full,71,hydraulic,legal_gauge_direct,rep0,0.12255339565273378,0.20697550035424023,16.28471717525084,0.025761569294801636,False
moirai,raw,71,hydraulic,legal_gauge_canonical_preprocessing,rep0,0.13711399723803352,0.22062035992262272,27.99652907554695,0.04048209705552388,False
moirai,full,71,hydraulic,legal_gauge_canonical_preprocessing,rep0,0.12255339975309155,0.20697556301293016,16.284721065872887,0.025761331905904673,False
moirai,raw,71,hydraulic,permutation,rep0,0.10712321515929951,0.19332014112841134,0.0,0.0,False
moirai,full,71,hydraulic,permutation,rep0,0.10539080167175839,0.19121530508330825,0.0,0.0,False
moirai,raw,71,hydraulic,deletion_30,rep0,0.10712321515929951,0.19332014112841134,0.0,0.0,True
moirai,full,71,hydraulic,deletion_30,rep0,0.10539080167175839,0.19121530508330825,0.0,0.0,True
moirai,raw,71,hydraulic,deletion_50,rep0,0.10712321515929951,0.19332014112841134,0.0,0.0,True
moirai,full,71,hydraulic,deletion_50,rep0,0.10539080167175839,0.19121530508330825,0.0,0.0,True
moirai,raw,71,hydraulic,insertion_1,rep0,0.10732546745681659,0.1934636565149062,0.18880342343750023,0.011912705238250472,False
moirai,full,71,hydraulic,insertion_1,rep0,0.10543635532437524,0.19070729573441922,0.04322355641503961,0.00842283363042204,False
moirai,raw,71,hydraulic,insertion_4,rep0,0.10695817679956231,0.19326069363294268,-0.1540640462403764,0.013367172579170855,False
moirai,full,71,hydraulic,insertion_4,rep0,0.10547524787872019,0.19128018947519476,0.08012673366390999,0.0097922348134892,False
moirai,raw,71,hydraulic,permutation,rep1,0.10712321515929951,0.19332014112841134,0.0,0.0,False
moirai,full,71,hydraulic,permutation,rep1,0.10539080167175839,0.19121530508330825,0.0,0.0,False
moirai,raw,71,hydraulic,deletion_30,rep1,0.10712321515929951,0.19332014112841134,0.0,0.0,True
moirai,full,71,hydraulic,deletion_30,rep1,0.10539080167175839,0.19121530508330825,0.0,0.0,True
moirai,raw,71,hydraulic,deletion_50,rep1,0.10712321515929951,0.19332014112841134,0.0,0.0,True
moirai,full,71,hydraulic,deletion_50,rep1,0.10539080167175839,0.19121530508330825,0.0,0.0,True
moirai,raw,71,hydraulic,insertion_1,rep1,0.10732878889684278,0.19353630275133077,0.1919040025428309,0.011897355492634045,False
moirai,full,71,hydraulic,insertion_1,rep1,0.10550194669998574,0.19087354755277353,0.10545989447305892,0.008296644135458511,False
moirai,raw,71,hydraulic,insertion_4,rep1,0.10724257315205066,0.19347296366041247,0.11142121954952344,0.013453075616124648,False
moirai,full,71,hydraulic,insertion_4,rep1,0.10572458618086564,0.19155672253892084,0.3167112345789258,0.0099241090319067,False
moirai,raw,71,hydraulic,permutation,rep2,0.10712321515929951,0.19332014112841134,0.0,0.0,False
moirai,full,71,hydraulic,permutation,rep2,0.10539080167175839,0.19121530508330825,0.0,0.0,False
moirai,raw,71,hydraulic,deletion_30,rep2,0.10712321515929951,0.19332014112841134,0.0,0.0,True
moirai,full,71,hydraulic,deletion_30,rep2,0.10539080167175839,0.19121530508330825,0.0,0.0,True
moirai,raw,71,hydraulic,deletion_50,rep2,0.10712321515929951,0.19332014112841134,0.0,0.0,True
moirai,full,71,hydraulic,deletion_50,rep2,0.10539080167175839,0.19121530508330825,0.0,0.0,True
moirai,raw,71,hydraulic,insertion_1,rep2,0.10728949947344757,0.1934611175307663,0.15522715025009237,0.011906615262016279,False
moirai,full,71,hydraulic,insertion_1,rep2,0.1054366189549925,0.1907464479740757,0.04347370217070434,0.008309236388634641,False
moirai,raw,71,hydraulic,insertion_4,rep2,0.10691028625113048,0.19314474111817184,-0.1987700871864173,0.012738267526243041,False
moirai,full,71,hydraulic,insertion_4,rep2,0.10553956517362525,0.19145128408937886,0.14115416099613753,0.009073504970804358,False
moirai,raw,71,metropt,reference,rep0,0.3759920131722745,0.9952666812537074,0.0,0.0,False
moirai,full,71,metropt,reference,rep0,0.3743515814568391,0.9936537036929788,0.0,0.0,False
moirai,raw,71,metropt,legal_gauge_direct,rep0,0.3759926296095798,0.9936477680952835,0.00016394957438325974,0.005382327779556631,False
moirai,full,71,metropt,legal_gauge_direct,rep0,0.37428853120026007,0.991950142002606,-0.016842524434834694,0.005009438815167071,False
moirai,raw,71,metropt,legal_gauge_canonical_preprocessing,rep0,0.37591656499063175,0.993699392538199,-0.020066431998433387,0.0051517953118761246,False
moirai,full,71,metropt,legal_gauge_canonical_preprocessing,rep0,0.37421213620181504,0.9920014451749687,-0.03724981058752519,0.0047788068843125095,False
moirai,raw,71,metropt,permutation,rep0,0.3759920140261932,0.9952666777452784,2.271108634488428e-07,8.37912927719066e-08,False
moirai,full,71,metropt,permutation,rep0,0.37435158458119294,0.9936537031542054,8.34604141353168e-07,7.425354277230508e-08,False
moirai,raw,71,metropt,deletion_30,rep0,0.37309052683322574,0.9887686766403248,-0.7716882905486888,0.027127774901934822,False
moirai,full,71,metropt,deletion_30,rep0,0.3708834206884742,0.9874036985337048,-0.9264448022012095,0.025621605790486897,False
moirai,raw,71,metropt,deletion_50,rep0,0.3741551960377609,0.9912575314162309,-0.4885255723961368,0.030319940784121462,False
moirai,full,71,metropt,deletion_50,rep0,0.3717844213877844,0.9907639389854069,-0.6857617801597882,0.029230968653933216,False
moirai,raw,71,metropt,insertion_1,rep0,0.3772048745920055,0.9951781646008833,0.32257637855070964,0.02261795541893673,False
moirai,full,71,metropt,insertion_1,rep0,0.375381757591581,0.9933664875796898,0.27518947047928677,0.02082298597339081,False
moirai,raw,71,metropt,insertion_4,rep0,0.37666516368635133,0.9929130566959028,0.17903319498662196,0.028922579064995364,False
moirai,full,71,metropt,insertion_4,rep0,0.37541499714759957,0.9928170217161915,0.28406870531227923,0.026724344647286215,False
moirai,raw,71,metropt,permutation,rep1,0.3759920145770966,0.9952666800541711,3.736308373802899e-07,7.526396538078095e-08,False
moirai,full,71,metropt,permutation,rep1,0.3743515829729249,0.9936537024441732,4.049898194580237e-07,6.851212005513835e-08,False
moirai,raw,71,metropt,deletion_30,rep1,0.37347517672312497,0.9905907110750206,-0.6693856148471844,0.029385510675551813,False
moirai,full,71,metropt,deletion_30,rep1,0.371911209293411,0.9896609072033913,-0.6518931091278102,0.02743852472055069,False
moirai,raw,71,metropt,deletion_50,rep1,0.3709665301901394,0.9849461265283627,-1.3365930142331117,0.031201910011444383,False
moirai,full,71,metropt,deletion_50,rep1,0.37031278894374103,0.9860864698048901,-1.0788768401566728,0.02896517787114129,False
moirai,raw,71,metropt,insertion_1,rep1,0.37324872135239257,0.9884580753294018,-0.7296143864164994,0.024396131287722018,False
moirai,full,71,metropt,insertion_1,rep1,0.37198157390022973,0.9882884536632683,-0.6330967128243881,0.022298097372902313,False
moirai,raw,71,metropt,insertion_4,rep1,0.37912426727666126,0.9970697357726196,0.8330639999396983,0.027241791278039194,False
moirai,full,71,metropt,insertion_4,rep1,0.3773837493259954,0.995414072467763,0.8099786455706193,0.025329792513780747,False
moirai,raw,71,metropt,permutation,rep2,0.37599201800413967,0.9952666841058245,1.2850978281520042e-06,7.495769382840345e-08,False
moirai,full,71,metropt,permutation,rep2,0.37435158551456815,0.9936537053707214,1.0839353192793055e-06,6.785614514635646e-08,False
moirai,raw,71,metropt,deletion_30,rep2,0.37348039799447813,0.9892582763862185,-0.6679969493515681,0.027405653218804154,False
moirai,full,71,metropt,deletion_30,rep2,0.3712143392062114,0.9890232993054037,-0.838047014098009,0.026577159360729925,False
moirai,raw,71,metropt,deletion_50,rep2,0.3709998435655995,0.9829723360742985,-1.3277328857482007,0.03531924559157791,False
moirai,full,71,metropt,deletion_50,rep2,0.3693587104961896,0.9841776079239383,-1.3337384448114387,0.033615940479898826,False
moirai,raw,71,metropt,insertion_1,rep2,0.3774085774476273,0.9954566435243288,0.37675382075303965,0.022605193202799467,False
moirai,full,71,metropt,insertion_1,rep2,0.3755932598294113,0.9936508366343805,0.33168775933576367,0.020806743889977004,False
moirai,raw,71,metropt,insertion_4,rep2,0.3794027321646724,1.0001587849642513,0.9071253837605209,0.03478855507528803,False
moirai,full,71,metropt,insertion_4,rep2,0.3770694723129866,0.9964825702677728,0.7260262787111671,0.03222209667823567,False
moirai,raw,71,pmsm,reference,rep0,0.05089740690990455,0.14986597933548573,0.0,0.0,False
moirai,full,71,pmsm,reference,rep0,0.05051535209899688,0.14916800083800894,0.0,0.0,False
moirai,raw,71,pmsm,legal_gauge_direct,rep0,0.05098449798936686,0.14974676331055697,0.17111103443143705,0.0008937671001007047,False
moirai,full,71,pmsm,legal_gauge_direct,rep0,0.05038090691998009,0.1482820372743766,-0.2661471680001637,0.0010495779386530497,False
moirai,raw,71,pmsm,legal_gauge_canonical_preprocessing,rep0,0.050929398320204246,0.1500155005752638,0.06285469583220404,0.00037301546210839054,False
moirai,full,71,pmsm,legal_gauge_canonical_preprocessing,rep0,0.05040572833088336,0.14904220465334952,-0.21701079683397184,0.0013972408277632866,False
moirai,raw,71,pmsm,permutation,rep0,0.05089740690990455,0.14986597933548573,0.0,0.0,False
moirai,full,71,pmsm,permutation,rep0,0.05051535209899688,0.14916800083800894,0.0,0.0,False
moirai,raw,71,pmsm,deletion_30,rep0,0.05089740690990455,0.14986597933548573,0.0,0.0,True
moirai,full,71,pmsm,deletion_30,rep0,0.05051535209899688,0.14916800083800894,0.0,0.0,True
moirai,raw,71,pmsm,deletion_50,rep0,0.05089740690990455,0.14986597933548573,0.0,0.0,True
moirai,full,71,pmsm,deletion_50,rep0,0.05051535209899688,0.14916800083800894,0.0,0.0,True
moirai,raw,71,pmsm,insertion_1,rep0,0.05037779093899806,0.1467355339254822,-1.0209085343508395,0.009219293748631814,False
moirai,full,71,pmsm,insertion_1,rep0,0.04976066659686721,0.1450563604347993,-1.4939725663015935,0.008968143046690205,False
moirai,raw,71,pmsm,insertion_4,rep0,0.05084087678952486,0.1472519946215098,-0.11106679851048407,0.013056097808166184,False
moirai,full,71,pmsm,insertion_4,rep0,0.050516834090377875,0.1470328525708765,0.002933744533928362,0.012344776583306719,False
moirai,raw,71,pmsm,permutation,rep1,0.05089740690990455,0.14986597933548573,0.0,0.0,False
moirai,full,71,pmsm,permutation,rep1,0.05051535209899688,0.14916800083800894,0.0,0.0,False
moirai,raw,71,pmsm,deletion_30,rep1,0.05089740690990455,0.14986597933548573,0.0,0.0,True
moirai,full,71,pmsm,deletion_30,rep1,0.05051535209899688,0.14916800083800894,0.0,0.0,True
moirai,raw,71,pmsm,deletion_50,rep1,0.05089740690990455,0.14986597933548573,0.0,0.0,True
moirai,full,71,pmsm,deletion_50,rep1,0.05051535209899688,0.14916800083800894,0.0,0.0,True
moirai,raw,71,pmsm,insertion_1,rep1,0.05048746917445305,0.1482460751292304,-0.8054196870523223,0.00866145227846177,False
moirai,full,71,pmsm,insertion_1,rep1,0.05008596131261032,0.14739311203700636,-0.8500203770629322,0.008470339736146694,False
moirai,raw,71,pmsm,insertion_4,rep1,0.051224506984243634,0.14835597199065295,0.6426654994784009,0.012946605943957325,False
moirai,full,71,pmsm,insertion_4,rep1,0.05096428521210385,0.14806866205824007,0.8887062931426826,0.012165388332048261,False
moirai,raw,71,pmsm,permutation,rep2,0.05089740690990455,0.14986597933548573,0.0,0.0,False
moirai,full,71,pmsm,permutation,rep2,0.05051535209899688,0.14916800083800894,0.0,0.0,False
moirai,raw,71,pmsm,deletion_30,rep2,0.05089740690990455,0.14986597933548573,0.0,0.0,True
moirai,full,71,pmsm,deletion_30,rep2,0.05051535209899688,0.14916800083800894,0.0,0.0,True
moirai,raw,71,pmsm,deletion_50,rep2,0.05089740690990455,0.14986597933548573,0.0,0.0,True
moirai,full,71,pmsm,deletion_50,rep2,0.05051535209899688,0.14916800083800894,0.0,0.0,True
moirai,raw,71,pmsm,insertion_1,rep2,0.05046199476865374,0.1475643282879406,-0.8554701853898838,0.00900679820120801,False
moirai,full,71,pmsm,insertion_1,rep2,0.049946562412822616,0.1464815589300373,-1.1259739119695467,0.008843133140133831,False
moirai,raw,71,pmsm,insertion_4,rep2,0.05105339806298267,0.14793616136750135,0.306481533242442,0.013280930364629134,False
moirai,full,71,pmsm,insertion_4,rep2,0.05069352924896678,0.14724013281853246,0.35271881233396307,0.012023522103009256,False
moirai,raw,71,steel_industry,reference,rep0,0.49567384684343085,0.9431159076388843,0.0,0.0,False
moirai,full,71,steel_industry,reference,rep0,0.4911764619837859,0.9348120752229507,0.0,0.0,False
moirai,raw,71,steel_industry,legal_gauge_direct,rep0,0.49568957817356524,0.9431428861491729,0.003173726077054795,3.059970523708927e-05,False
moirai,full,71,steel_industry,legal_gauge_direct,rep0,0.4911844773804342,0.9348287003251116,0.0016318771905110552,1.661159746816657e-05,False
moirai,raw,71,steel_industry,legal_gauge_canonical_preprocessing,rep0,0.49569060940316784,0.9431428963911003,0.0033817720752837843,2.957105120296462e-05,False
moirai,full,71,steel_industry,legal_gauge_canonical_preprocessing,rep0,0.4911855084527098,0.934828708557373,0.0018417961006100825,1.558207594615998e-05,False
moirai,raw,71,steel_industry,permutation,rep0,0.49567384684343085,0.9431159076388843,0.0,0.0,False
moirai,full,71,steel_industry,permutation,rep0,0.4911764619837859,0.9348120752229507,0.0,0.0,False
moirai,raw,71,steel_industry,deletion_30,rep0,0.5057997025281644,0.9569588424976834,2.042846470358972,0.058238704737453045,False
moirai,full,71,steel_industry,deletion_30,rep0,0.4986216743062027,0.9465659437008227,1.515791756866114,0.04447316360779948,False
moirai,raw,71,steel_industry,deletion_50,rep0,0.5057997025281644,0.9569588424976834,2.042846470358972,0.058238704737453045,False
moirai,full,71,steel_industry,deletion_50,rep0,0.4986216743062027,0.9465659437008227,1.515791756866114,0.04447316360779948,False
moirai,raw,71,steel_industry,insertion_1,rep0,0.49658330269533446,0.947804922661153,0.1834786841579783,0.06395902381920562,False
moirai,full,71,steel_industry,insertion_1,rep0,0.49404314720909265,0.9433585508210159,0.5836365231608687,0.04712153058649653,False
moirai,raw,71,steel_industry,insertion_4,rep0,0.49594682013571034,0.9443924669223185,0.05507115092269199,0.1084880888580489,False
moirai,full,71,steel_industry,insertion_4,rep0,0.4928582531595983,0.9418843280495194,0.34240060466659283,0.0686446656612124,False
moirai,raw,71,steel_industry,permutation,rep1,0.49567384684343085,0.9431159076388843,0.0,0.0,False
moirai,full,71,steel_industry,permutation,rep1,0.4911764619837859,0.9348120752229507,0.0,0.0,False
moirai,raw,71,steel_industry,deletion_30,rep1,0.5057997025281644,0.9569588424976834,2.042846470358972,0.058238704737453045,False
moirai,full,71,steel_industry,deletion_30,rep1,0.4986216743062027,0.9465659437008227,1.515791756866114,0.04447316360779948,False
moirai,raw,71,steel_industry,deletion_50,rep1,0.5057997025281644,0.9569588424976834,2.042846470358972,0.058238704737453045,False
moirai,full,71,steel_industry,deletion_50,rep1,0.4986216743062027,0.9465659437008227,1.515791756866114,0.04447316360779948,False
moirai,raw,71,steel_industry,insertion_1,rep1,0.49706674687880936,0.948219991720042,0.28101140381902034,0.06440200517106717,False
moirai,full,71,steel_industry,insertion_1,rep1,0.4944091385782056,0.9436647532865441,0.6581497373395084,0.04754074658049962,False
moirai,raw,71,steel_industry,insertion_4,rep1,0.4979591098484263,0.9461092941870841,0.46104167479250613,0.11063492625936773,False
moirai,full,71,steel_industry,insertion_4,rep1,0.4955559446311678,0.9446387883928059,0.8916312132902116,0.07125769905304648,False
moirai,raw,71,steel_industry,permutation,rep2,0.49567384684343085,0.9431159076388843,0.0,0.0,False
moirai,full,71,steel_industry,permutation,rep2,0.4911764619837859,0.9348120752229507,0.0,0.0,False
moirai,raw,71,steel_industry,deletion_30,rep2,0.5057997025281644,0.9569588424976834,2.042846470358972,0.058238704737453045,False
moirai,full,71,steel_industry,deletion_30,rep2,0.4986216743062027,0.9465659437008227,1.515791756866114,0.04447316360779948,False
moirai,raw,71,steel_industry,deletion_50,rep2,0.5057997025281644,0.9569588424976834,2.042846470358972,0.058238704737453045,False
moirai,full,71,steel_industry,deletion_50,rep2,0.4986216743062027,0.9465659437008227,1.515791756866114,0.04447316360779948,False
moirai,raw,71,steel_industry,insertion_1,rep2,0.4968754891753733,0.9485692216897149,0.24242601048951595,0.06393570447981105,False
moirai,full,71,steel_industry,insertion_1,rep2,0.4942958218809904,0.943903632369137,0.6350792716340425,0.04705419964549134,False
moirai,raw,71,steel_industry,insertion_4,rep2,0.4958376434135069,0.9435281392106167,0.03304523148015548,0.10985683726369157,False
moirai,full,71,steel_industry,insertion_4,rep2,0.4958461650708335,0.9461441034513747,0.9507180104249002,0.07005801148910688,False
timer_xl,raw,101,building_energy,reference,rep0,0.2422533439985995,0.3899717521031951,0.0,0.0,False
timer_xl,full,101,building_energy,reference,rep0,0.2410028952183399,0.3965906392639552,0.0,0.0,False
timer_xl,raw,101,building_energy,legal_gauge_direct,rep0,0.2683332476908538,0.4191847273234692,10.765549511838767,0.07440673376876483,False
timer_xl,full,101,building_energy,legal_gauge_direct,rep0,0.25514346067535243,0.4094775994735264,5.867384059515834,0.06054014309446414,False
timer_xl,raw,101,building_energy,legal_gauge_canonical_preprocessing,rep0,0.24225358267960914,0.38997214560977017,9.852537252719173e-05,2.638883019569391e-05,False
timer_xl,full,101,building_energy,legal_gauge_canonical_preprocessing,rep0,0.2410033441006911,0.3965910359474814,0.00018625599944588345,2.120054492678567e-05,False
timer_xl,raw,101,building_energy,permutation,rep0,0.24887388945612915,0.3966492371449505,2.7329015766106135,0.05750932637809417,False
timer_xl,full,101,building_energy,permutation,rep0,0.24548965353344804,0.4022173983784579,1.8617030766552745,0.05014893761968134,False
timer_xl,raw,101,building_energy,deletion_30,rep0,0.2422533439985995,0.3899717521031951,0.0,0.0,True
timer_xl,full,101,building_energy,deletion_30,rep0,0.2410028952183399,0.3965906392639552,0.0,0.0,True
timer_xl,raw,101,building_energy,deletion_50,rep0,0.2422533439985995,0.3899717521031951,0.0,0.0,True
timer_xl,full,101,building_energy,deletion_50,rep0,0.2410028952183399,0.3965906392639552,0.0,0.0,True
timer_xl,raw,101,building_energy,insertion_1,rep0,0.24212870246897153,0.388842387705722,-0.051450901593619314,0.015548802346133175,False
timer_xl,full,101,building_energy,insertion_1,rep0,0.24107864733757148,0.3955827723064014,0.031432037014722525,0.016289623893195347,False
timer_xl,raw,101,building_energy,insertion_4,rep0,0.2459409618329726,0.3891020334308478,1.5222154516036035,0.050840277087961336,False
timer_xl,full,101,building_energy,insertion_4,rep0,0.24199086084847796,0.3951898705350913,0.40993932012434176,0.04444261859828032,False
timer_xl,raw,101,building_energy,permutation,rep1,0.2438538814522033,0.39097625423322657,0.6606874552010478,0.05702394426625405,False
timer_xl,full,101,building_energy,permutation,rep1,0.24109734657130721,0.39724577701913266,0.03919096195161842,0.04964895681624806,False
timer_xl,raw,101,building_energy,deletion_30,rep1,0.2422533439985995,0.3899717521031951,0.0,0.0,True
timer_xl,full,101,building_energy,deletion_30,rep1,0.2410028952183399,0.3965906392639552,0.0,0.0,True
timer_xl,raw,101,building_energy,deletion_50,rep1,0.2422533439985995,0.3899717521031951,0.0,0.0,True
timer_xl,full,101,building_energy,deletion_50,rep1,0.2410028952183399,0.3965906392639552,0.0,0.0,True
timer_xl,raw,101,building_energy,insertion_1,rep1,0.2421244581121815,0.3886565652551755,-0.05320293387518493,0.015548384829019176,False
timer_xl,full,101,building_energy,insertion_1,rep1,0.24079341510119193,0.3946652725190668,-0.0869201662321073,0.01726048022178581,False
timer_xl,raw,101,building_energy,insertion_4,rep1,0.24555359431551518,0.38859529977661766,1.3623136269007574,0.05070714567413133,False
timer_xl,full,101,building_energy,insertion_4,rep1,0.24170085762216037,0.39466516142155916,0.2896074767849255,0.04433442784325404,False
timer_xl,raw,101,building_energy,permutation,rep2,0.24597829678917027,0.3937825718528367,1.537626985488516,0.053929656062689575,False
timer_xl,full,101,building_energy,permutation,rep2,0.24265549117841212,0.39934525001712057,0.685716227008415,0.04695938908072323,False
timer_xl,raw,101,building_energy,deletion_30,rep2,0.2422533439985995,0.3899717521031951,0.0,0.0,True
timer_xl,full,101,building_energy,deletion_30,rep2,0.2410028952183399,0.3965906392639552,0.0,0.0,True
timer_xl,raw,101,building_energy,deletion_50,rep2,0.2422533439985995,0.3899717521031951,0.0,0.0,True
timer_xl,full,101,building_energy,deletion_50,rep2,0.2410028952183399,0.3965906392639552,0.0,0.0,True
timer_xl,raw,101,building_energy,insertion_1,rep2,0.24170254795848695,0.388094143624039,-0.22736364791551278,0.01608400002802866,False
timer_xl,full,101,building_energy,insertion_1,rep2,0.24055245209929976,0.39542557132447137,-0.18690361318358661,0.017292717133587987,False
timer_xl,raw,101,building_energy,insertion_4,rep2,0.24578743003682388,0.38917091380703456,1.4588389080172348,0.05089359170176452,False
timer_xl,full,101,building_energy,insertion_4,rep2,0.24165100613320328,0.39440425924403943,0.26892246015395305,0.04510753221533362,False
timer_xl,raw,101,hydraulic,reference,rep0,0.06338854422603332,0.11718490068961365,0.0,0.0,False
timer_xl,full,101,hydraulic,reference,rep0,0.06977103039123236,0.12361214433629183,0.0,0.0,False
timer_xl,raw,101,hydraulic,legal_gauge_direct,rep0,1.112373601416832,1.412605929120881,1654.8495788928158,1.100144582087402,False
timer_xl,full,101,hydraulic,legal_gauge_direct,rep0,0.6473702698351033,0.8686105303588054,827.8496622524493,0.6183065989647749,False
timer_xl,raw,101,hydraulic,legal_gauge_canonical_preprocessing,rep0,0.06338851613714129,0.11718405651415832,-4.431225291146035e-05,2.341951312524785e-05,False
timer_xl,full,101,hydraulic,legal_gauge_canonical_preprocessing,rep0,0.06977062225592545,0.12361116762204633,-0.0005849638519350719,1.3798224680267307e-05,False
timer_xl,raw,101,hydraulic,permutation,rep0,0.06941823291860316,0.12470896605079641,9.512268764319543,0.03246844122544938,False
timer_xl,full,101,hydraulic,permutation,rep0,0.07204437140685246,0.12546072982940865,3.258287863705922,0.018887744286011397,False
timer_xl,raw,101,hydraulic,deletion_30,rep0,0.06338854422603332,0.11718490068961365,0.0,0.0,True
timer_xl,full,101,hydraulic,deletion_30,rep0,0.06977103039123236,0.12361214433629183,0.0,0.0,True
timer_xl,raw,101,hydraulic,deletion_50,rep0,0.06338854422603332,0.11718490068961365,0.0,0.0,True
timer_xl,full,101,hydraulic,deletion_50,rep0,0.06977103039123236,0.12361214433629183,0.0,0.0,True
timer_xl,raw,101,hydraulic,insertion_1,rep0,0.06299465297457564,0.11627065379538896,-0.6213918560002418,0.010896011867150637,False
timer_xl,full,101,hydraulic,insertion_1,rep0,0.07055005532910304,0.1242207034490093,1.1165449807784,0.006476876173843115,False
timer_xl,raw,101,hydraulic,insertion_4,rep0,0.06517034570379804,0.11269402456909898,2.8109203319311105,0.02820718706128276,False
timer_xl,full,101,hydraulic,insertion_4,rep0,0.07396873542751896,0.12656412373744794,6.016401094764534,0.016670821925935494,False
timer_xl,raw,101,hydraulic,permutation,rep1,0.0710758877033255,0.13544427118993554,12.127338734709458,0.034413020048593645,False
timer_xl,full,101,hydraulic,permutation,rep1,0.07206389778567471,0.12919233955963338,3.286274233855191,0.019959999918016273,False
timer_xl,raw,101,hydraulic,deletion_30,rep1,0.06338854422603332,0.11718490068961365,0.0,0.0,True
timer_xl,full,101,hydraulic,deletion_30,rep1,0.06977103039123236,0.12361214433629183,0.0,0.0,True
timer_xl,raw,101,hydraulic,deletion_50,rep1,0.06338854422603332,0.11718490068961365,0.0,0.0,True
timer_xl,full,101,hydraulic,deletion_50,rep1,0.06977103039123236,0.12361214433629183,0.0,0.0,True
timer_xl,raw,101,hydraulic,insertion_1,rep1,0.06329543412238875,0.11565256130635404,-0.14688790345548375,0.011013742708255614,False
timer_xl,full,101,hydraulic,insertion_1,rep1,0.07077673044241138,0.1240807520592439,1.4414292658997185,0.006508899183120857,False
timer_xl,raw,101,hydraulic,insertion_4,rep1,0.06468763740540646,0.11347755422071906,2.0494131790450787,0.028515341027983216,False
timer_xl,full,101,hydraulic,insertion_4,rep1,0.0741727926890238,0.12782955147874345,6.308868126368639,0.01681988584321199,False
timer_xl,raw,101,hydraulic,permutation,rep2,0.07203018735554957,0.1278377725300715,13.632815258702813,0.03965460918365725,False
timer_xl,full,101,hydraulic,permutation,rep2,0.07512808344807309,0.13048528431792555,7.678047789751297,0.02290326596240432,False
timer_xl,raw,101,hydraulic,deletion_30,rep2,0.06338854422603332,0.11718490068961365,0.0,0.0,True
timer_xl,full,101,hydraulic,deletion_30,rep2,0.06977103039123236,0.12361214433629183,0.0,0.0,True
timer_xl,raw,101,hydraulic,deletion_50,rep2,0.06338854422603332,0.11718490068961365,0.0,0.0,True
timer_xl,full,101,hydraulic,deletion_50,rep2,0.06977103039123236,0.12361214433629183,0.0,0.0,True
timer_xl,raw,101,hydraulic,insertion_1,rep2,0.06323931072660942,0.11711654059910137,-0.2354266078295808,0.010905195230312586,False
timer_xl,full,101,hydraulic,insertion_1,rep2,0.07072198583484311,0.12452907571114809,1.362966030856061,0.006444585575388941,False
timer_xl,raw,101,hydraulic,insertion_4,rep2,0.06579641329447987,0.11433532479245083,3.7985871072546917,0.02827756883751677,False
timer_xl,full,101,hydraulic,insertion_4,rep2,0.0742996116711428,0.12750961701272936,6.490632651570394,0.016620492411243838,False
timer_xl,raw,101,metropt,reference,rep0,0.37733511084877336,0.9241420764363432,0.0,0.0,False
timer_xl,full,101,metropt,reference,rep0,0.3783793251419647,0.9344101490829181,0.0,0.0,False
timer_xl,raw,101,metropt,legal_gauge_direct,rep0,0.3758113569114098,0.9267738560051623,-0.4038198125629,0.010248170741581122,False
timer_xl,full,101,metropt,legal_gauge_direct,rep0,0.37662825737206174,0.9367136265457299,-0.46278103837887885,0.01016596758751069,False
timer_xl,raw,101,metropt,legal_gauge_canonical_preprocessing,rep0,0.3773350499839608,0.9241416224722905,-1.613017469592748e-05,3.723849631953919e-05,False
timer_xl,full,101,metropt,legal_gauge_canonical_preprocessing,rep0,0.37837934790155986,0.9344092466257489,6.015020814764682e-06,3.45886615126888e-05,False
timer_xl,raw,101,metropt,permutation,rep0,0.40993148517595873,0.9247624012233252,8.638574410386424,0.10434328541460398,False
timer_xl,full,101,metropt,permutation,rep0,0.4079893651009992,0.9378905604339172,7.825490979964367,0.09873062991638111,False
timer_xl,raw,101,metropt,deletion_30,rep0,0.39605367315196893,0.9184832644632561,4.960726358352985,0.10596882170749025,False
timer_xl,full,101,metropt,deletion_30,rep0,0.38954034229193996,0.9272875907243728,2.949690009037287,0.10371010504228366,False
timer_xl,raw,101,metropt,deletion_50,rep0,0.4031237292194703,0.9210898250774466,6.834407302487255,0.12057483311056506,False
timer_xl,full,101,metropt,deletion_50,rep0,0.3943190084970953,0.9299798096250063,4.212620060345573,0.115194506396844,False
timer_xl,raw,101,metropt,insertion_1,rep0,0.3860374225252224,0.9254433887647421,2.306255481201891,0.033091594693540824,False
timer_xl,full,101,metropt,insertion_1,rep0,0.3859343414588266,0.9362830466841824,1.996677887732723,0.03052792606672912,False
timer_xl,raw,101,metropt,insertion_4,rep0,0.41085174305762756,0.9313269087652699,8.882457859132774,0.08485949991340354,False
timer_xl,full,101,metropt,insertion_4,rep0,0.4079828684122078,0.9426721248924785,7.823774002222805,0.07755191374312523,False
timer_xl,raw,101,metropt,permutation,rep1,0.41271083248145457,0.9304736327586923,9.375147081623926,0.12253220568165502,False
timer_xl,full,101,metropt,permutation,rep1,0.4036665643564378,0.9442799319547305,6.68303935607093,0.12151856578598515,False
timer_xl,raw,101,metropt,deletion_30,rep1,0.3903886358871002,0.9143742544139505,3.459398466515462,0.09970915935534033,False
timer_xl,full,101,metropt,deletion_30,rep1,0.384479885726785,0.9262918390564235,1.612286977501065,0.09728906896331765,False
timer_xl,raw,101,metropt,deletion_50,rep1,0.40135903893785635,0.9145941341729655,6.36673540266206,0.12693009294717206,False
timer_xl,full,101,metropt,deletion_50,rep1,0.3929626951186988,0.9283865313025107,3.8541667072487407,0.12071548827764701,False
timer_xl,raw,101,metropt,insertion_1,rep1,0.37785334983113905,0.9198084103727246,0.13734183951235046,0.029129677254412786,False
timer_xl,full,101,metropt,insertion_1,rep1,0.37941807243180364,0.9312998758740315,0.2745253825507499,0.028287530896149077,False
timer_xl,raw,101,metropt,insertion_4,rep1,0.4312725346620191,0.9414926902208528,14.294302931926882,0.1076359623186333,False
timer_xl,full,101,metropt,insertion_4,rep1,0.4253612570097185,0.9528271034370214,12.416622353805028,0.09576791932387764,False
timer_xl,raw,101,metropt,permutation,rep2,0.4156602912918728,0.9255220857877233,10.156802094798767,0.1523595555446977,False
timer_xl,full,101,metropt,permutation,rep2,0.41064534150766274,0.9379998676938106,8.527425845371472,0.1417538651341485,False
timer_xl,raw,101,metropt,deletion_30,rep2,0.39273437069204,0.9204166618836932,4.081056705438235,0.09946676961542228,False
timer_xl,full,101,metropt,deletion_30,rep2,0.38631196685014363,0.9280904552576696,2.096478634291832,0.09735278732878164,False
timer_xl,raw,101,metropt,deletion_50,rep2,0.3975143068371848,0.9104291483627965,5.34781826769859,0.1304932517836547,False
timer_xl,full,101,metropt,deletion_50,rep2,0.3904370452325125,0.9278353342964484,3.1866751932135395,0.1267858729730595,False
timer_xl,raw,101,metropt,insertion_1,rep2,0.3854019832093612,0.9251613866190996,2.1378536289512917,0.031517274849159005,False
timer_xl,full,101,metropt,insertion_1,rep2,0.385741575161963,0.9363175330867992,1.9457326367491312,0.029346926230992814,False
timer_xl,raw,101,metropt,insertion_4,rep2,0.39744348680904384,0.9224393234717846,5.329049797417196,0.08376581663721495,False
timer_xl,full,101,metropt,insertion_4,rep2,0.39828869592009986,0.9361356492560847,5.261749111335656,0.07948982111409945,False
timer_xl,raw,101,pmsm,reference,rep0,0.0517448509433834,0.14125292118043797,0.0,0.0,False
timer_xl,full,101,pmsm,reference,rep0,0.04892690687719897,0.13761243085716662,0.0,0.0,False
timer_xl,raw,101,pmsm,legal_gauge_direct,rep0,0.0671518097778882,0.15401360452111948,29.774863689069896,0.02532664546954709,False
timer_xl,full,101,pmsm,legal_gauge_direct,rep0,0.05854201595238049,0.1452449533171349,19.65198637901708,0.018563728263533606,False
timer_xl,raw,101,pmsm,legal_gauge_canonical_preprocessing,rep0,0.0517449192217164,0.14125254415996574,0.00013195193677706385,7.5721082878622245e-06,False
timer_xl,full,101,pmsm,legal_gauge_canonical_preprocessing,rep0,0.048926961805368034,0.13761239398073608,0.00011226577065759358,5.179509078095902e-06,False
timer_xl,raw,101,pmsm,permutation,rep0,0.052516513866748375,0.1411895051465797,1.491284464630671,0.00939902556167623,False
timer_xl,full,101,pmsm,permutation,rep0,0.04905418915912424,0.136928267008841,0.2601478205943586,0.006204150472330176,False
timer_xl,raw,101,pmsm,deletion_30,rep0,0.0517448509433834,0.14125292118043797,0.0,0.0,True
timer_xl,full,101,pmsm,deletion_30,rep0,0.04892690687719897,0.13761243085716662,0.0,0.0,True
timer_xl,raw,101,pmsm,deletion_50,rep0,0.0517448509433834,0.14125292118043797,0.0,0.0,True
timer_xl,full,101,pmsm,deletion_50,rep0,0.04892690687719897,0.13761243085716662,0.0,0.0,True
timer_xl,raw,101,pmsm,insertion_1,rep0,0.05271078857162548,0.14282473956186018,1.8667318788857967,0.005610269615478159,False
timer_xl,full,101,pmsm,insertion_1,rep0,0.04917924131644478,0.13781453282366374,0.5157375672227404,0.0038039314031473037,False
timer_xl,raw,101,pmsm,insertion_4,rep0,0.05484571298207377,0.1442356703137767,5.992600195298992,0.01549853401297587,False
timer_xl,full,101,pmsm,insertion_4,rep0,0.04993789675099248,0.13597612231164102,2.06632697286786,0.009889405371242029,False
timer_xl,raw,101,pmsm,permutation,rep1,0.05198591912547169,0.14111121915443042,0.46587859022348965,0.008880444126424906,False
timer_xl,full,101,pmsm,permutation,rep1,0.04902415601550795,0.13689722743651558,0.19876412492836337,0.005936446970792529,False
timer_xl,raw,101,pmsm,deletion_30,rep1,0.0517448509433834,0.14125292118043797,0.0,0.0,True
timer_xl,full,101,pmsm,deletion_30,rep1,0.04892690687719897,0.13761243085716662,0.0,0.0,True
timer_xl,raw,101,pmsm,deletion_50,rep1,0.0517448509433834,0.14125292118043797,0.0,0.0,True
timer_xl,full,101,pmsm,deletion_50,rep1,0.04892690687719897,0.13761243085716662,0.0,0.0,True
timer_xl,raw,101,pmsm,insertion_1,rep1,0.052526043942958206,0.14353795683834855,1.5097019033440517,0.00539447411363392,False
timer_xl,full,101,pmsm,insertion_1,rep1,0.04923952382125999,0.1386912902289615,0.6389468781373253,0.003753796888345078,False
timer_xl,raw,101,pmsm,insertion_4,rep1,0.054007282680569764,0.1437477560030446,4.372283803970767,0.013597147982654828,False
timer_xl,full,101,pmsm,insertion_4,rep1,0.0495421832036236,0.13676945564371665,1.257541842914578,0.008532904876017615,False
timer_xl,raw,101,pmsm,permutation,rep2,0.05236033011625955,0.1407806997226491,1.1894500837379418,0.00948351293057635,False
timer_xl,full,101,pmsm,permutation,rep2,0.04900882182676045,0.13615639682055794,0.1674231109010771,0.006293659450732244,False
timer_xl,raw,101,pmsm,deletion_30,rep2,0.0517448509433834,0.14125292118043797,0.0,0.0,True
timer_xl,full,101,pmsm,deletion_30,rep2,0.04892690687719897,0.13761243085716662,0.0,0.0,True
timer_xl,raw,101,pmsm,deletion_50,rep2,0.0517448509433834,0.14125292118043797,0.0,0.0,True
timer_xl,full,101,pmsm,deletion_50,rep2,0.04892690687719897,0.13761243085716662,0.0,0.0,True
timer_xl,raw,101,pmsm,insertion_1,rep2,0.052264400088406944,0.14191703915148093,1.0040596031323235,0.005514208004773676,False
timer_xl,full,101,pmsm,insertion_1,rep2,0.04900088877731931,0.1374187445927655,0.15120902759298005,0.003735996011907606,False
timer_xl,raw,101,pmsm,insertion_4,rep2,0.05527063976924843,0.14525936290569175,6.81379646783169,0.016744081397265364,False
timer_xl,full,101,pmsm,insertion_4,rep2,0.05005801383406347,0.1359467769464142,2.311830093211187,0.010406346764121142,False
timer_xl,raw,101,steel_industry,reference,rep0,0.287591079914563,0.5099891646324536,0.0,0.0,False
timer_xl,full,101,steel_industry,reference,rep0,0.29254031925220797,0.5413240352944351,0.0,0.0,False
timer_xl,raw,101,steel_industry,legal_gauge_direct,rep0,0.2893374630653738,0.5119046303287683,0.6072452425609276,0.012682328740206006,False
timer_xl,full,101,steel_industry,legal_gauge_direct,rep0,0.29366526379454577,0.5416987222376337,0.3845434178828322,0.009923750536095392,False
timer_xl,raw,101,steel_industry,legal_gauge_canonical_preprocessing,rep0,0.28759108485657114,0.5099891681790082,1.7184149658788783e-06,1.9628103001280408e-07,False
timer_xl,full,101,steel_industry,legal_gauge_canonical_preprocessing,rep0,0.2925403229716177,0.5413240378557479,1.2714178154737965e-06,1.7017717202779493e-07,False
timer_xl,raw,101,steel_industry,permutation,rep0,0.30238004796355045,0.5222650607807948,5.142359788551487,0.0817893523796914,False
timer_xl,full,101,steel_industry,permutation,rep0,0.3049548907297723,0.552288985509608,4.243712972385638,0.0681612198501231,False
timer_xl,raw,101,steel_industry,deletion_30,rep0,0.30136578612646575,0.5184643674609398,4.789684789943727,0.08387792044433731,False
timer_xl,full,101,steel_industry,deletion_30,rep0,0.30227520829373616,0.5463836973985303,3.3277084903758025,0.06946196632495623,False
timer_xl,raw,101,steel_industry,deletion_50,rep0,0.30136578612646575,0.5184643674609398,4.789684789943727,0.08387792044433731,False
timer_xl,full,101,steel_industry,deletion_50,rep0,0.30227520829373616,0.5463836973985303,3.3277084903758025,0.06946196632495623,False
timer_xl,raw,101,steel_industry,insertion_1,rep0,0.29089622742740084,0.5126867395538386,1.1492524433719398,0.060510840109566304,False
timer_xl,full,101,steel_industry,insertion_1,rep0,0.2953974237828366,0.5444910219886205,0.9766532483221457,0.050444061978007784,False
timer_xl,raw,101,steel_industry,insertion_4,rep0,0.31996293673869297,0.548171245616685,11.256210322568737,0.15063146341135863,False
timer_xl,full,101,steel_industry,insertion_4,rep0,0.32269137434040374,0.5806986005541861,10.306632318330667,0.12811942646159655,False
timer_xl,raw,101,steel_industry,permutation,rep1,0.3187141459312711,0.5362489398706562,10.821985864775119,0.117296374529654,False
timer_xl,full,101,steel_industry,permutation,rep1,0.3165013997475824,0.5631833411617688,8.190693356944356,0.09303803507513349,False
timer_xl,raw,101,steel_industry,deletion_30,rep1,0.30136578612646575,0.5184643674609398,4.789684789943727,0.08387792044433731,False
timer_xl,full,101,steel_industry,deletion_30,rep1,0.30227520829373616,0.5463836973985303,3.3277084903758025,0.06946196632495623,False
timer_xl,raw,101,steel_industry,deletion_50,rep1,0.30136578612646575,0.5184643674609398,4.789684789943727,0.08387792044433731,False
timer_xl,full,101,steel_industry,deletion_50,rep1,0.30227520829373616,0.5463836973985303,3.3277084903758025,0.06946196632495623,False
timer_xl,raw,101,steel_industry,insertion_1,rep1,0.29085200697955477,0.5138161645490378,1.1338762891952348,0.05881454710497418,False
timer_xl,full,101,steel_industry,insertion_1,rep1,0.2950940618957692,0.5449907183140438,0.8729540769248922,0.04919909841923678,False
timer_xl,raw,101,steel_industry,insertion_4,rep1,0.32402227998663047,0.5528729989891022,12.667708637865394,0.15365572820871773,False
timer_xl,full,101,steel_industry,insertion_4,rep1,0.3267326439388386,0.5865361533247004,11.688072527586325,0.13078094480502178,False
timer_xl,raw,101,steel_industry,permutation,rep2,0.3069470581460241,0.5290433255830421,6.730381984452127,0.11071638215638886,False
timer_xl,full,101,steel_industry,permutation,rep2,0.3100571242155935,0.5605433889993878,5.987825886073428,0.09354804651108024,False
timer_xl,raw,101,steel_industry,deletion_30,rep2,0.30136578612646575,0.5184643674609398,4.789684789943727,0.08387792044433731,False
timer_xl,full,101,steel_industry,deletion_30,rep2,0.30227520829373616,0.5463836973985303,3.3277084903758025,0.06946196632495623,False
timer_xl,raw,101,steel_industry,deletion_50,rep2,0.30136578612646575,0.5184643674609398,4.789684789943727,0.08387792044433731,False
timer_xl,full,101,steel_industry,deletion_50,rep2,0.30227520829373616,0.5463836973985303,3.3277084903758025,0.06946196632495623,False
timer_xl,raw,101,steel_industry,insertion_1,rep2,0.2893724328177788,0.5121135012414759,0.6194047825631488,0.06096636101875981,False
timer_xl,full,101,steel_industry,insertion_1,rep2,0.2942384814096063,0.5440020056147906,0.5804882423520841,0.05091626467658931,False
timer_xl,raw,101,steel_industry,insertion_4,rep2,0.32294916754675784,0.5492634499867654,12.294570347139743,0.15359129119047424,False
timer_xl,full,101,steel_industry,insertion_4,rep2,0.32617336317686974,0.5840894775651274,11.496891782518937,0.13109399524136628,False
timer_xl,raw,17,building_energy,reference,rep0,0.24153541180205673,0.3900954907945868,0.0,0.0,False
timer_xl,full,17,building_energy,reference,rep0,0.24100840331280463,0.39670312762950205,0.0,0.0,False
timer_xl,raw,17,building_energy,legal_gauge_direct,rep0,0.2669371894218288,0.42004499519331434,10.516792312254974,0.07330995069818211,False
timer_xl,full,17,building_energy,legal_gauge_direct,rep0,0.25476819569594755,0.4105378987630112,5.709258347014612,0.0600007652282287,False
timer_xl,raw,17,building_energy,legal_gauge_canonical_preprocessing,rep0,0.24153509363178322,0.39009535404203066,-0.0001317282095958383,2.620685849909093e-05,False
timer_xl,full,17,building_energy,legal_gauge_canonical_preprocessing,rep0,0.24100849478396086,0.3967031626081449,3.7953513221111734e-05,2.1461912225088846e-05,False
timer_xl,raw,17,building_energy,permutation,rep0,0.24809850431530447,0.3969909921931024,2.7172382154159402,0.055370680095400755,False
timer_xl,full,17,building_energy,permutation,rep0,0.24433013177032664,0.40132405205114624,1.3782625053163633,0.04840559534937844,False
timer_xl,raw,17,building_energy,deletion_30,rep0,0.24153541180205673,0.3900954907945868,0.0,0.0,True
timer_xl,full,17,building_energy,deletion_30,rep0,0.24100840331280463,0.39670312762950205,0.0,0.0,True
timer_xl,raw,17,building_energy,deletion_50,rep0,0.24153541180205673,0.3900954907945868,0.0,0.0,True
timer_xl,full,17,building_energy,deletion_50,rep0,0.24100840331280463,0.39670312762950205,0.0,0.0,True
timer_xl,raw,17,building_energy,insertion_1,rep0,0.24144732644423192,0.3886610814766017,-0.03646892071337282,0.015737595220472304,False
timer_xl,full,17,building_energy,insertion_1,rep0,0.24128292649444896,0.3965776727991416,0.11390606214176646,0.016364487110098407,False
timer_xl,raw,17,building_energy,insertion_4,rep0,0.245614559306525,0.38894279727203307,1.688840354312604,0.0515068793075964,False
timer_xl,full,17,building_energy,insertion_4,rep0,0.24139125483922433,0.39387837583691465,0.15885401552691025,0.04635572185447435,False
timer_xl,raw,17,building_energy,permutation,rep1,0.24349497574207996,0.39159725937954587,0.8112946774152974,0.05490540019262518,False
timer_xl,full,17,building_energy,permutation,rep1,0.24109412326717922,0.39722226880392725,0.03556720562283289,0.04878312598650471,False
timer_xl,raw,17,building_energy,deletion_30,rep1,0.24153541180205673,0.3900954907945868,0.0,0.0,True
timer_xl,full,17,building_energy,deletion_30,rep1,0.24100840331280463,0.39670312762950205,0.0,0.0,True
timer_xl,raw,17,building_energy,deletion_50,rep1,0.24153541180205673,0.3900954907945868,0.0,0.0,True
timer_xl,full,17,building_energy,deletion_50,rep1,0.24100840331280463,0.39670312762950205,0.0,0.0,True
timer_xl,raw,17,building_energy,insertion_1,rep1,0.24146552041397681,0.38863276289523147,-0.02893629035943812,0.015588782642371134,False
timer_xl,full,17,building_energy,insertion_1,rep1,0.24111187626390354,0.39625180234388374,0.042933337459039045,0.01678824491656062,False
timer_xl,raw,17,building_energy,insertion_4,rep1,0.2453463223062481,0.3886731219954479,1.5777854169534589,0.050956955555743054,False
timer_xl,full,17,building_energy,insertion_4,rep1,0.24190473714767308,0.39462218426169066,0.3719097851144548,0.046117809270904114,False
timer_xl,raw,17,building_energy,permutation,rep2,0.24604590714605135,0.3951166877707836,1.8674261096302658,0.051473769325185915,False
timer_xl,full,17,building_energy,permutation,rep2,0.24270883325801595,0.39964285836658636,0.7055479899612971,0.045867520082267826,False
timer_xl,raw,17,building_energy,deletion_30,rep2,0.24153541180205673,0.3900954907945868,0.0,0.0,True
timer_xl,full,17,building_energy,deletion_30,rep2,0.24100840331280463,0.39670312762950205,0.0,0.0,True
timer_xl,raw,17,building_energy,deletion_50,rep2,0.24153541180205673,0.3900954907945868,0.0,0.0,True
timer_xl,full,17,building_energy,deletion_50,rep2,0.24100840331280463,0.39670312762950205,0.0,0.0,True
timer_xl,raw,17,building_energy,insertion_1,rep2,0.24087720864900566,0.3879672809687961,-0.2725079308828149,0.01609108429301646,False
timer_xl,full,17,building_energy,insertion_1,rep2,0.2403435777177932,0.39581124766922937,-0.27585162420604714,0.018070274308317452,False
timer_xl,raw,17,building_energy,insertion_4,rep2,0.24562682778531142,0.38917930759022606,1.693919724950188,0.051310270854200826,False
timer_xl,full,17,building_energy,insertion_4,rep2,0.24151310040998078,0.393857585441792,0.20941058080912178,0.04624859809198995,False
timer_xl,raw,17,hydraulic,reference,rep0,0.06027926326136909,0.11350053233438993,0.0,0.0,False
timer_xl,full,17,hydraulic,reference,rep0,0.06905212358518927,0.12385270144469729,0.0,0.0,False
timer_xl,raw,17,hydraulic,legal_gauge_direct,rep0,0.9876661862682908,1.2712359537952895,1538.4841698973653,0.9741735365532226,False
timer_xl,full,17,hydraulic,legal_gauge_direct,rep0,0.5764328523784625,0.786644501757194,734.7793267607768,0.5480286506888554,False
timer_xl,raw,17,hydraulic,legal_gauge_canonical_preprocessing,rep0,0.06028027018557583,0.1135041681439289,0.0016704321722960103,2.3187567309366564e-05,False
timer_xl,full,17,hydraulic,legal_gauge_canonical_preprocessing,rep0,0.06905232074199784,0.12385361126441445,0.00028551882018668095,1.3642356385637253e-05,False
timer_xl,raw,17,hydraulic,permutation,rep0,0.06746609020318121,0.1207430137358164,11.922552720411094,0.030473998576339697,False
timer_xl,full,17,hydraulic,permutation,rep0,0.07221886786752192,0.12604881849020708,4.586020122068879,0.01790849504370718,False
timer_xl,raw,17,hydraulic,deletion_30,rep0,0.06027926326136909,0.11350053233438993,0.0,0.0,True
timer_xl,full,17,hydraulic,deletion_30,rep0,0.06905212358518927,0.12385270144469729,0.0,0.0,True
timer_xl,raw,17,hydraulic,deletion_50,rep0,0.06027926326136909,0.11350053233438993,0.0,0.0,True
timer_xl,full,17,hydraulic,deletion_50,rep0,0.06905212358518927,0.12385270144469729,0.0,0.0,True
timer_xl,raw,17,hydraulic,insertion_1,rep0,0.0600449913396863,0.11281850854575794,-0.3886443015519214,0.010683974158798902,False
timer_xl,full,17,hydraulic,insertion_1,rep0,0.06975944276658771,0.1242506835089871,1.0243264720538825,0.006340413812807148,False
timer_xl,raw,17,hydraulic,insertion_4,rep0,0.06361676420652046,0.11118450174706776,5.536731480409873,0.027189176754524178,False
timer_xl,full,17,hydraulic,insertion_4,rep0,0.07363114550499256,0.12679285063884982,6.631254307703038,0.016141094482689893,False
timer_xl,raw,17,hydraulic,permutation,rep1,0.06980692727842372,0.1308178927652988,15.805873366008072,0.0333916557630054,False
timer_xl,full,17,hydraulic,permutation,rep1,0.07131448908978254,0.12813529374469157,3.2763156107751046,0.019439921177524962,False
timer_xl,raw,17,hydraulic,deletion_30,rep1,0.06027926326136909,0.11350053233438993,0.0,0.0,True
timer_xl,full,17,hydraulic,deletion_30,rep1,0.06905212358518927,0.12385270144469729,0.0,0.0,True
timer_xl,raw,17,hydraulic,deletion_50,rep1,0.06027926326136909,0.11350053233438993,0.0,0.0,True
timer_xl,full,17,hydraulic,deletion_50,rep1,0.06905212358518927,0.12385270144469729,0.0,0.0,True
timer_xl,raw,17,hydraulic,insertion_1,rep1,0.060363388385305444,0.11262361914232386,0.13955897830335573,0.010767146970421812,False
timer_xl,full,17,hydraulic,insertion_1,rep1,0.07003969199075705,0.12435756613063206,1.4301781817751325,0.006388744764417444,False
timer_xl,raw,17,hydraulic,insertion_4,rep1,0.06329714690775534,0.1122039721408102,5.006503867342893,0.027619300027011153,False
timer_xl,full,17,hydraulic,insertion_4,rep1,0.0738914340824565,0.1280665723752882,7.008199380424562,0.016365128172029186,False
timer_xl,raw,17,hydraulic,permutation,rep2,0.06982856248500113,0.1262273397211794,15.841764990103746,0.03684452767627371,False
timer_xl,full,17,hydraulic,permutation,rep2,0.07450000866105748,0.13101180629796247,7.889525756796156,0.02139970150674757,False
timer_xl,raw,17,hydraulic,deletion_30,rep2,0.06027926326136909,0.11350053233438993,0.0,0.0,True
timer_xl,full,17,hydraulic,deletion_30,rep2,0.06905212358518927,0.12385270144469729,0.0,0.0,True
timer_xl,raw,17,hydraulic,deletion_50,rep2,0.06027926326136909,0.11350053233438993,0.0,0.0,True
timer_xl,full,17,hydraulic,deletion_50,rep2,0.06905212358518927,0.12385270144469729,0.0,0.0,True
timer_xl,raw,17,hydraulic,insertion_1,rep2,0.06041731083654445,0.1135065760977841,0.22901337492593488,0.010755830850902624,False
timer_xl,full,17,hydraulic,insertion_1,rep2,0.06998995277166783,0.12455773500651329,1.3581467705646721,0.006366842272726392,False
timer_xl,raw,17,hydraulic,insertion_4,rep2,0.06434932849049094,0.11393762594037582,6.75201555047904,0.027501288654536465,False
timer_xl,full,17,hydraulic,insertion_4,rep2,0.07406156121989148,0.12821847506105458,7.254574334013197,0.01627854431866884,False
timer_xl,raw,17,metropt,reference,rep0,0.3762938384141322,0.9268859501667572,0.0,0.0,False
timer_xl,full,17,metropt,reference,rep0,0.37797332279445317,0.9371465816173454,0.0,0.0,False
timer_xl,raw,17,metropt,legal_gauge_direct,rep0,0.3759611946114482,0.9369733400915757,-0.0884000131614937,0.015526894898849725,False
timer_xl,full,17,metropt,legal_gauge_direct,rep0,0.37772983412238803,0.9470237735760445,-0.06441953899417596,0.014820023966772667,False
timer_xl,raw,17,metropt,legal_gauge_canonical_preprocessing,rep0,0.3762947603080509,0.9268869875553748,0.00024499309438930084,3.5620499701167964e-05,False
timer_xl,full,17,metropt,legal_gauge_canonical_preprocessing,rep0,0.3779742001042638,0.9371473584691394,0.00023210892350356005,3.343394935188097e-05,False
timer_xl,raw,17,metropt,permutation,rep0,0.40899637118902943,0.9333208440393391,8.690690475485873,0.11673757598839506,False
timer_xl,full,17,metropt,permutation,rep0,0.40679700940567887,0.944813300124741,7.625852109912112,0.11032813919328287,False
timer_xl,raw,17,metropt,deletion_30,rep0,0.39556127176705347,0.9226375830823326,5.120315930264141,0.10290405508296953,False
timer_xl,full,17,metropt,deletion_30,rep0,0.38848856178661567,0.9282826299229284,2.782005596167658,0.10119230130777636,False
timer_xl,raw,17,metropt,deletion_50,rep0,0.4035840967053873,0.9279074844316589,7.25237979082205,0.1175484235711943,False
timer_xl,full,17,metropt,deletion_50,rep0,0.39618292624070994,0.9351506966521655,4.817695416075529,0.11360746490771993,False
timer_xl,raw,17,metropt,insertion_1,rep0,0.3850090023601542,0.9279017703964264,2.316052790752954,0.03155478098923359,False
timer_xl,full,17,metropt,insertion_1,rep0,0.38386751993952756,0.9369866570572393,1.5594214696151187,0.03011053796608097,False
timer_xl,raw,17,metropt,insertion_4,rep0,0.40941444216642375,0.9353326857011524,8.801792740448878,0.08581837823680613,False
timer_xl,full,17,metropt,insertion_4,rep0,0.4080806370980157,0.9486333244416029,7.9654601232096,0.08014637345771167,False
timer_xl,raw,17,metropt,permutation,rep1,0.4187391436876224,0.9487098265005268,11.279829999973789,0.13325647309654842,False
timer_xl,full,17,metropt,permutation,rep1,0.4123587654053256,0.9627118739189182,9.09731997926524,0.13150403420179377,False
timer_xl,raw,17,metropt,deletion_30,rep1,0.3921566245404863,0.9220113426831785,4.215531722019894,0.09609647830364479,False
timer_xl,full,17,metropt,deletion_30,rep1,0.38530766964425384,0.9283127389223644,1.9404403452539798,0.09471214895237894,False
timer_xl,raw,17,metropt,deletion_50,rep1,0.40185671944110746,0.9206379879581613,6.793329684777327,0.12435013146970803,False
timer_xl,full,17,metropt,deletion_50,rep1,0.39547530269671693,0.9339125715414288,4.630480207668408,0.11919958291390387,False
timer_xl,raw,17,metropt,insertion_1,rep1,0.37679677119528915,0.9223749557563086,0.13365426956670756,0.026490076831876447,False
timer_xl,full,17,metropt,insertion_1,rep1,0.3788968686223317,0.9332237150321995,0.24434153740018338,0.02552546057342113,False
timer_xl,raw,17,metropt,insertion_4,rep1,0.42688169980487173,0.9436031007975098,13.443712393468621,0.10865611149726588,False
timer_xl,full,17,metropt,insertion_4,rep1,0.4219825054917895,0.9544786319616015,11.643462658148795,0.09721045270075872,False
timer_xl,raw,17,metropt,permutation,rep2,0.42436389802156593,0.9312972299958125,12.774607155413985,0.16830610039013288,False
timer_xl,full,17,metropt,permutation,rep2,0.41544947768150253,0.9379245462986743,9.915026438897478,0.1588247259962711,False
timer_xl,raw,17,metropt,deletion_30,rep2,0.393243661190753,0.924236513289294,4.504411458889357,0.09639158440466529,False
timer_xl,full,17,metropt,deletion_30,rep2,0.3882185465522435,0.9316297708083495,2.7105679527975157,0.09535729186680357,False
timer_xl,raw,17,metropt,deletion_50,rep2,0.39849196318923513,0.9191190917132653,5.899146493776142,0.12722006822736187,False
timer_xl,full,17,metropt,deletion_50,rep2,0.39416626577616726,0.9358812687831409,4.284149701887818,0.12495466152077242,False
timer_xl,raw,17,metropt,insertion_1,rep2,0.38405646045775743,0.9278042074066924,2.0629150018348197,0.029398863978226764,False
timer_xl,full,17,metropt,insertion_1,rep2,0.3834145284993438,0.9372234886794661,1.4395740060865858,0.028283732279891904,False
timer_xl,raw,17,metropt,insertion_4,rep2,0.3967960728786554,0.9261463012910097,5.44846403835062,0.08273924048590404,False
timer_xl,full,17,metropt,insertion_4,rep2,0.3983800059146518,0.9400897083672783,5.3989744486004465,0.0790772351342447,False
timer_xl,raw,17,pmsm,reference,rep0,0.052862827710557225,0.14372604126320443,0.0,0.0,False
timer_xl,full,17,pmsm,reference,rep0,0.04935403677570824,0.13868075893223475,0.0,0.0,False
timer_xl,raw,17,pmsm,legal_gauge_direct,rep0,0.06612187977058097,0.15428571213151096,25.081995485791573,0.02367319456774082,False
timer_xl,full,17,pmsm,legal_gauge_direct,rep0,0.05844052280533546,0.14669414046763937,18.410826394852343,0.018364742311096586,False
timer_xl,raw,17,pmsm,legal_gauge_canonical_preprocessing,rep0,0.05286272851542742,0.1437251624638937,-0.0001876462801919665,7.742076276189766e-06,False
timer_xl,full,17,pmsm,legal_gauge_canonical_preprocessing,rep0,0.04935369563544687,0.13867963271756148,-0.0006912104533962626,5.509917871494677e-06,False
timer_xl,raw,17,pmsm,permutation,rep0,0.05396181002160508,0.14429108417559783,2.0789321317905562,0.010607757505871122,False
timer_xl,full,17,pmsm,permutation,rep0,0.04990470621176498,0.13904631667464334,1.1157535878155045,0.007034085240600773,False
timer_xl,raw,17,pmsm,deletion_30,rep0,0.052862827710557225,0.14372604126320443,0.0,0.0,True
timer_xl,full,17,pmsm,deletion_30,rep0,0.04935403677570824,0.13868075893223475,0.0,0.0,True
timer_xl,raw,17,pmsm,deletion_50,rep0,0.052862827710557225,0.14372604126320443,0.0,0.0,True
timer_xl,full,17,pmsm,deletion_50,rep0,0.04935403677570824,0.13868075893223475,0.0,0.0,True
timer_xl,raw,17,pmsm,insertion_1,rep0,0.05382909188607457,0.1447914844822126,1.8278707692444884,0.0057212586166854144,False
timer_xl,full,17,pmsm,insertion_1,rep0,0.049649691627049554,0.1383505046753122,0.5990489748284089,0.0039418779390522725,False
timer_xl,raw,17,pmsm,insertion_4,rep0,0.056032617275623496,0.14709285589876095,5.99625427232533,0.01597044336018229,False
timer_xl,full,17,pmsm,insertion_4,rep0,0.05052467883815472,0.13709110223694906,2.3719276860098004,0.009879457203606692,False
timer_xl,raw,17,pmsm,permutation,rep1,0.05316801844582884,0.14335715129262266,0.5773257854132297,0.00981254566215216,False
timer_xl,full,17,pmsm,permutation,rep1,0.0493834868011678,0.13732962684644398,0.05967095577896764,0.00670697957768748,False
timer_xl,raw,17,pmsm,deletion_30,rep1,0.052862827710557225,0.14372604126320443,0.0,0.0,True
timer_xl,full,17,pmsm,deletion_30,rep1,0.04935403677570824,0.13868075893223475,0.0,0.0,True
timer_xl,raw,17,pmsm,deletion_50,rep1,0.052862827710557225,0.14372604126320443,0.0,0.0,True
timer_xl,full,17,pmsm,deletion_50,rep1,0.04935403677570824,0.13868075893223475,0.0,0.0,True
timer_xl,raw,17,pmsm,insertion_1,rep1,0.053541018744162346,0.14554633315883722,1.2829261372820477,0.005476750961906921,False
timer_xl,full,17,pmsm,insertion_1,rep1,0.04967443244721139,0.13928951454509667,0.6491782484970843,0.004035244749254473,False
timer_xl,raw,17,pmsm,insertion_4,rep1,0.05517048437567939,0.1459882488035404,4.365367433156253,0.01422708249785621,False
timer_xl,full,17,pmsm,insertion_4,rep1,0.050054744724230486,0.1375310232286355,1.4197581278035054,0.0090406797090251,False
timer_xl,raw,17,pmsm,permutation,rep2,0.05385370628597983,0.1442430593050275,1.8744335449628613,0.010461377550898175,False
timer_xl,full,17,pmsm,permutation,rep2,0.04976157835266281,0.1383482183682784,0.8257512527428457,0.0070390992716853895,False
timer_xl,raw,17,pmsm,deletion_30,rep2,0.052862827710557225,0.14372604126320443,0.0,0.0,True
timer_xl,full,17,pmsm,deletion_30,rep2,0.04935403677570824,0.13868075893223475,0.0,0.0,True
timer_xl,raw,17,pmsm,deletion_50,rep2,0.052862827710557225,0.14372604126320443,0.0,0.0,True
timer_xl,full,17,pmsm,deletion_50,rep2,0.04935403677570824,0.13868075893223475,0.0,0.0,True
timer_xl,raw,17,pmsm,insertion_1,rep2,0.05315050220961013,0.1436288471940964,0.5441905238743994,0.005622267784722082,False
timer_xl,full,17,pmsm,insertion_1,rep2,0.049377535918300665,0.13784443064275312,0.047613415492686606,0.00399104060161809,False
timer_xl,raw,17,pmsm,insertion_4,rep2,0.05628032732153632,0.1474015587757788,6.464844502248579,0.017278974992928856,False
timer_xl,full,17,pmsm,insertion_4,rep2,0.05044778370353661,0.1364219508043694,2.216124554915244,0.010653569005961039,False
timer_xl,raw,17,steel_industry,reference,rep0,0.288963351419236,0.5122434085665976,0.0,0.0,False
timer_xl,full,17,steel_industry,reference,rep0,0.29386523495182487,0.5426026592460912,0.0,0.0,False
timer_xl,raw,17,steel_industry,legal_gauge_direct,rep0,0.29143314819312705,0.5142957656138666,0.8547093469675859,0.012888386936300249,False
timer_xl,full,17,steel_industry,legal_gauge_direct,rep0,0.2954861249109966,0.5431561774414988,0.5515759492399352,0.010084517990249047,False
timer_xl,raw,17,steel_industry,legal_gauge_canonical_preprocessing,rep0,0.28896334934157464,0.5122434061854388,-7.190051443117795e-07,1.9591290793418054e-07,False
timer_xl,full,17,steel_industry,legal_gauge_canonical_preprocessing,rep0,0.2938652327252701,0.5426026561383503,-7.576788640939469e-07,1.695134075048721e-07,False
timer_xl,raw,17,steel_industry,permutation,rep0,0.3058138256064236,0.5270945567713843,5.831353389427041,0.08513730079730823,False
timer_xl,full,17,steel_industry,permutation,rep0,0.30798678734452556,0.5569907634709913,4.805451857895249,0.07056863853543766,False
timer_xl,raw,17,steel_industry,deletion_30,rep0,0.3000024308783963,0.5200426847467581,3.8202351284140734,0.08018201970130702,False
timer_xl,full,17,steel_industry,deletion_30,rep0,0.3015932889958681,0.54811431093766,2.629795268334534,0.06649239741150724,False
timer_xl,raw,17,steel_industry,deletion_50,rep0,0.3000024308783963,0.5200426847467581,3.8202351284140734,0.08018201970130702,False
timer_xl,full,17,steel_industry,deletion_50,rep0,0.3015932889958681,0.54811431093766,2.629795268334534,0.06649239741150724,False
timer_xl,raw,17,steel_industry,insertion_1,rep0,0.2898786750694612,0.5117141448654224,0.3167611552570948,0.05836009438403466,False
timer_xl,full,17,steel_industry,insertion_1,rep0,0.29466341280624847,0.5433362495072481,0.2716135695855382,0.04847266695504295,False
timer_xl,raw,17,steel_industry,insertion_4,rep0,0.31174110695031637,0.5349947716885837,7.882575911169365,0.139010725796628,False
timer_xl,full,17,steel_industry,insertion_4,rep0,0.3146698062096867,0.5678341208970562,7.07962997435625,0.11646948672667735,False
timer_xl,raw,17,steel_industry,permutation,rep1,0.32059967358898345,0.5399117812219623,10.948212641626153,0.11781972024409587,False
timer_xl,full,17,steel_industry,permutation,rep1,0.3186905369559945,0.5671812464521212,8.447852638383502,0.0934137803471677,False
timer_xl,raw,17,steel_industry,deletion_30,rep1,0.3000024308783963,0.5200426847467581,3.8202351284140734,0.08018201970130702,False
timer_xl,full,17,steel_industry,deletion_30,rep1,0.3015932889958681,0.54811431093766,2.629795268334534,0.06649239741150724,False
timer_xl,raw,17,steel_industry,deletion_50,rep1,0.3000024308783963,0.5200426847467581,3.8202351284140734,0.08018201970130702,False
timer_xl,full,17,steel_industry,deletion_50,rep1,0.3015932889958681,0.54811431093766,2.629795268334534,0.06649239741150724,False
timer_xl,raw,17,steel_industry,insertion_1,rep1,0.29127864488882765,0.5138399128363099,0.8012412156144233,0.0565408409430056,False
timer_xl,full,17,steel_industry,insertion_1,rep1,0.2953251947198903,0.5445528374271806,0.4968126863678757,0.046862547434058606,False
timer_xl,raw,17,steel_industry,insertion_4,rep1,0.3144599268489905,0.5380700417887715,8.823463357733319,0.14046139434403407,False
timer_xl,full,17,steel_industry,insertion_4,rep1,0.317069083315351,0.5719976196520242,7.896084872826159,0.11768346868112206,False
timer_xl,raw,17,steel_industry,permutation,rep2,0.3098894335681869,0.5308474414777151,7.241777217135992,0.11098620632926859,False
timer_xl,full,17,steel_industry,permutation,rep2,0.3126673740011327,0.5624375092311157,6.39821823510025,0.09291668517820992,False
timer_xl,raw,17,steel_industry,deletion_30,rep2,0.3000024308783963,0.5200426847467581,3.8202351284140734,0.08018201970130702,False
timer_xl,full,17,steel_industry,deletion_30,rep2,0.3015932889958681,0.54811431093766,2.629795268334534,0.06649239741150724,False
timer_xl,raw,17,steel_industry,deletion_50,rep2,0.3000024308783963,0.5200426847467581,3.8202351284140734,0.08018201970130702,False
timer_xl,full,17,steel_industry,deletion_50,rep2,0.3015932889958681,0.54811431093766,2.629795268334534,0.06649239741150724,False
timer_xl,raw,17,steel_industry,insertion_1,rep2,0.2896120168759634,0.5114693463541634,0.22448018184364482,0.05799662370368182,False
timer_xl,full,17,steel_industry,insertion_1,rep2,0.2943757734946836,0.542912020615139,0.17373220174969894,0.04791411627309538,False
timer_xl,raw,17,steel_industry,insertion_4,rep2,0.31197061598798487,0.5341006731273754,7.96200087511072,0.1407393888056256,False
timer_xl,full,17,steel_industry,insertion_4,rep2,0.31570234781202855,0.569042126368702,7.430995661594197,0.11846783369803514,False
timer_xl,raw,29,building_energy,reference,rep0,0.24261317825635279,0.39116044302296654,0.0,0.0,False
timer_xl,full,29,building_energy,reference,rep0,0.24175066257059313,0.39864616684958604,0.0,0.0,False
timer_xl,raw,29,building_energy,legal_gauge_direct,rep0,0.2688708424420679,0.4215189382066579,10.822851575675907,0.07529490791036689,False
timer_xl,full,29,building_energy,legal_gauge_direct,rep0,0.256039671485838,0.4121049539184284,5.910638987834149,0.05737675639270842,False
timer_xl,raw,29,building_energy,legal_gauge_canonical_preprocessing,rep0,0.24261289236988473,0.3911594183741756,-0.00011783633111495107,2.5049279094155122e-05,False
timer_xl,full,29,building_energy,legal_gauge_canonical_preprocessing,rep0,0.2417569657095332,0.3986473087203716,0.0026072892099104905,2.5568509031517465e-05,False
timer_xl,raw,29,building_energy,permutation,rep0,0.24886993904421278,0.3978708994893758,2.5789039296327587,0.05439432419747353,False
timer_xl,full,29,building_energy,permutation,rep0,0.2449653569635581,0.4022620742033541,1.3297561871319585,0.04394051009616815,False
timer_xl,raw,29,building_energy,deletion_30,rep0,0.24261317825635279,0.39116044302296654,0.0,0.0,True
timer_xl,full,29,building_energy,deletion_30,rep0,0.24175066257059313,0.39864616684958604,0.0,0.0,True
timer_xl,raw,29,building_energy,deletion_50,rep0,0.24261317825635279,0.39116044302296654,0.0,0.0,True
timer_xl,full,29,building_energy,deletion_50,rep0,0.24175066257059313,0.39864616684958604,0.0,0.0,True
timer_xl,raw,29,building_energy,insertion_1,rep0,0.24251808174167505,0.3902841495376419,-0.039196763902593634,0.014943686103299561,False
timer_xl,full,29,building_energy,insertion_1,rep0,0.24169082738970443,0.3980336830653433,-0.024750782584193054,0.013729499806115332,False
timer_xl,raw,29,building_energy,insertion_4,rep0,0.2462727968103522,0.39164165954911334,1.508417053146438,0.04757817904096927,False
timer_xl,full,29,building_energy,insertion_4,rep0,0.24281853453482835,0.398037081400353,0.44172452430131237,0.03838322540325083,False
timer_xl,raw,29,building_energy,permutation,rep1,0.24457941615363452,0.3927820402657295,0.8104415066868986,0.05479042911258613,False
timer_xl,full,29,building_energy,permutation,rep1,0.2424462506641532,0.3998356012034702,0.2877295500097965,0.04505514251235359,False
timer_xl,raw,29,building_energy,deletion_30,rep1,0.24261317825635279,0.39116044302296654,0.0,0.0,True
timer_xl,full,29,building_energy,deletion_30,rep1,0.24175066257059313,0.39864616684958604,0.0,0.0,True
timer_xl,raw,29,building_energy,deletion_50,rep1,0.24261317825635279,0.39116044302296654,0.0,0.0,True
timer_xl,full,29,building_energy,deletion_50,rep1,0.24175066257059313,0.39864616684958604,0.0,0.0,True
timer_xl,raw,29,building_energy,insertion_1,rep1,0.2425171031939433,0.38998261283044255,-0.03960010049741669,0.01523377279811787,False
timer_xl,full,29,building_energy,insertion_1,rep1,0.2414532092052222,0.39781192129616766,-0.12304138578486112,0.013998068700307073,False
timer_xl,raw,29,building_energy,insertion_4,rep1,0.24591169557002643,0.3910499040709182,1.3595787901464762,0.04747446048939541,False
timer_xl,full,29,building_energy,insertion_4,rep1,0.24252173474852454,0.39718351648261707,0.3189534910607472,0.03892806831203027,False
timer_xl,raw,29,building_energy,permutation,rep2,0.247279144691587,0.3962513342089405,1.9232122792208761,0.05197227701646485,False
timer_xl,full,29,building_energy,permutation,rep2,0.24415536533394616,0.40199437263604726,0.9947036908950935,0.04160961932497933,False
timer_xl,raw,29,building_energy,deletion_30,rep2,0.24261317825635279,0.39116044302296654,0.0,0.0,True
timer_xl,full,29,building_energy,deletion_30,rep2,0.24175066257059313,0.39864616684958604,0.0,0.0,True
timer_xl,raw,29,building_energy,deletion_50,rep2,0.24261317825635279,0.39116044302296654,0.0,0.0,True
timer_xl,full,29,building_energy,deletion_50,rep2,0.24175066257059313,0.39864616684958604,0.0,0.0,True
timer_xl,raw,29,building_energy,insertion_1,rep2,0.24203791109856312,0.3894092386571892,-0.23711290620075376,0.015680832861837392,False
timer_xl,full,29,building_energy,insertion_1,rep2,0.24106126878666131,0.39716351896845864,-0.28516727797199826,0.014905700916143206,False
timer_xl,raw,29,building_energy,insertion_4,rep2,0.2463735162905357,0.3919861374182745,1.5499314840225376,0.04772596802076999,False
timer_xl,full,29,building_energy,insertion_4,rep2,0.24276403927853216,0.3975186283086614,0.41918259795590274,0.0388342219000785,False
timer_xl,raw,29,hydraulic,reference,rep0,0.05985957260040117,0.1121057143494183,0.0,0.0,False
timer_xl,full,29,hydraulic,reference,rep0,0.06779518528310283,0.12248717515219851,0.0,0.0,False
timer_xl,raw,29,hydraulic,legal_gauge_direct,rep0,0.9794102525754476,1.274631622988471,1536.1798289366398,0.964248618999062,False
timer_xl,full,29,hydraulic,legal_gauge_direct,rep0,0.5724139401309165,0.7869571259952786,744.3283070038074,0.5430147876189143,False
timer_xl,raw,29,hydraulic,legal_gauge_canonical_preprocessing,rep0,0.05985948328928645,0.11210488732846602,-0.00014920105648741355,2.332280191801664e-05,False
timer_xl,full,29,hydraulic,legal_gauge_canonical_preprocessing,rep0,0.06779477462027081,0.12248631825032134,-0.0006057404081216688,1.3694052929604018e-05,False
timer_xl,raw,29,hydraulic,permutation,rep0,0.0660718408016673,0.11882545415845891,10.378069757926212,0.030077003929295784,False
timer_xl,full,29,hydraulic,permutation,rep0,0.07090974114697175,0.12480673583327266,4.594066453042345,0.01759694028672814,False
timer_xl,raw,29,hydraulic,deletion_30,rep0,0.05985957260040117,0.1121057143494183,0.0,0.0,True
timer_xl,full,29,hydraulic,deletion_30,rep0,0.06779518528310283,0.12248717515219851,0.0,0.0,True
timer_xl,raw,29,hydraulic,deletion_50,rep0,0.05985957260040117,0.1121057143494183,0.0,0.0,True
timer_xl,full,29,hydraulic,deletion_50,rep0,0.06779518528310283,0.12248717515219851,0.0,0.0,True
timer_xl,raw,29,hydraulic,insertion_1,rep0,0.05936457058709772,0.11221799026614862,-0.8269387698570552,0.009914795972856398,False
timer_xl,full,29,hydraulic,insertion_1,rep0,0.06844860263307963,0.12320843565930299,0.9638108476999196,0.0058510641310260715,False
timer_xl,raw,29,hydraulic,insertion_4,rep0,0.060471929201422504,0.10765739175775527,1.0229885955069795,0.025080416879336702,False
timer_xl,full,29,hydraulic,insertion_4,rep0,0.07111262166447867,0.12452499780441204,4.893321505830706,0.014815352548461218,False
timer_xl,raw,29,hydraulic,permutation,rep1,0.0681718012932264,0.1316943099176513,13.886214571417653,0.032434378079189655,False
timer_xl,full,29,hydraulic,permutation,rep1,0.07056495109978289,0.12855195245999604,4.085490444659046,0.018887155276556773,False
timer_xl,raw,29,hydraulic,deletion_30,rep1,0.05985957260040117,0.1121057143494183,0.0,0.0,True
timer_xl,full,29,hydraulic,deletion_30,rep1,0.06779518528310283,0.12248717515219851,0.0,0.0,True
timer_xl,raw,29,hydraulic,deletion_50,rep1,0.05985957260040117,0.1121057143494183,0.0,0.0,True
timer_xl,full,29,hydraulic,deletion_50,rep1,0.06779518528310283,0.12248717515219851,0.0,0.0,True
timer_xl,raw,29,hydraulic,insertion_1,rep1,0.05954506356713356,0.11121368052890494,-0.5254114247810526,0.009994637123843785,False
timer_xl,full,29,hydraulic,insertion_1,rep1,0.0685588133303046,0.12288486263495546,1.1263750427304986,0.005888402869993492,False
timer_xl,raw,29,hydraulic,insertion_4,rep1,0.06021950263358217,0.10891881488300251,0.6012906834195864,0.02505174470621304,False
timer_xl,full,29,hydraulic,insertion_4,rep1,0.0713190368511464,0.1257197228353537,5.197790305208971,0.014795351485571063,False
timer_xl,raw,29,hydraulic,permutation,rep2,0.06527704356488576,0.12150627987280582,9.05030010930663,0.0331636162749421,False
timer_xl,full,29,hydraulic,permutation,rep2,0.07147420053626856,0.12830274605617772,5.426661550968115,0.019374824700318722,False
timer_xl,raw,29,hydraulic,deletion_30,rep2,0.05985957260040117,0.1121057143494183,0.0,0.0,True
timer_xl,full,29,hydraulic,deletion_30,rep2,0.06779518528310283,0.12248717515219851,0.0,0.0,True
timer_xl,raw,29,hydraulic,deletion_50,rep2,0.05985957260040117,0.1121057143494183,0.0,0.0,True
timer_xl,full,29,hydraulic,deletion_50,rep2,0.06779518528310283,0.12248717515219851,0.0,0.0,True
timer_xl,raw,29,hydraulic,insertion_1,rep2,0.05949617056696099,0.11275965602125035,-0.6070909257339774,0.00988286744453555,False
timer_xl,full,29,hydraulic,insertion_1,rep2,0.06854111447503267,0.12341998993030166,1.1002686825250851,0.005805353717378815,False
timer_xl,raw,29,hydraulic,insertion_4,rep2,0.06138301576812784,0.11129727820668711,2.5450284750553998,0.025211616928917845,False
timer_xl,full,29,hydraulic,insertion_4,rep2,0.07160825917737942,0.12607488247005555,5.624402202536594,0.014881264241943233,False
timer_xl,raw,29,metropt,reference,rep0,0.3740621023437259,0.9256904649520469,0.0,0.0,False
timer_xl,full,29,metropt,reference,rep0,0.3732034729615162,0.9341721446817537,0.0,0.0,False
timer_xl,raw,29,metropt,legal_gauge_direct,rep0,0.3728040362622506,0.9309333253509458,-0.3363254586852604,0.01197215146737509,False
timer_xl,full,29,metropt,legal_gauge_direct,rep0,0.372086495768654,0.9392843035535205,-0.299294426174157,0.011422231487123553,False
timer_xl,raw,29,metropt,legal_gauge_canonical_preprocessing,rep0,0.37406245124816756,0.9256907714889779,9.327446952589469e-05,3.492970938119244e-05,False
timer_xl,full,29,metropt,legal_gauge_canonical_preprocessing,rep0,0.3732037208022073,0.9341723187433536,6.64089991442296e-05,3.292620882009369e-05,False
timer_xl,raw,29,metropt,permutation,rep0,0.40067930753244,0.9229450360601563,7.115718224845868,0.09781818837514956,False
timer_xl,full,29,metropt,permutation,rep0,0.40040090318635363,0.9351343711906204,7.287560860303666,0.09562792988661849,False
timer_xl,raw,29,metropt,deletion_30,rep0,0.39373908080310877,0.9210053621522142,5.260350710776285,0.09906653383090092,False
timer_xl,full,29,metropt,deletion_30,rep0,0.38927683373918687,0.9289049956784662,4.306862594316785,0.10315122461536873,False
timer_xl,raw,29,metropt,deletion_50,rep0,0.39955718390302447,0.9213333076438719,6.815734980784316,0.11037349222530808,False
timer_xl,full,29,metropt,deletion_50,rep0,0.3922491972269818,0.9291048483800692,5.103308421631314,0.11007260288251038,False
timer_xl,raw,29,metropt,insertion_1,rep0,0.381072283017044,0.926361420467593,1.8740686718582422,0.02764929228120639,False
timer_xl,full,29,metropt,insertion_1,rep0,0.3812320703375514,0.9367292290677226,2.151265451075557,0.02786070222766701,False
timer_xl,raw,29,metropt,insertion_4,rep0,0.4024774326339644,0.9311086430552826,7.596420517395175,0.07268748571565925,False
timer_xl,full,29,metropt,insertion_4,rep0,0.4020723170939439,0.9454938020957219,7.735416796457462,0.07089757872690226,False
timer_xl,raw,29,metropt,permutation,rep1,0.4079815492872542,0.9369250319122688,9.067865130148833,0.11230987877986469,False
timer_xl,full,29,metropt,permutation,rep1,0.4022617080525094,0.9495852536175472,7.786164169482324,0.11650286121926316,False
timer_xl,raw,29,metropt,deletion_30,rep1,0.3865953642058221,0.9171323412495523,3.3505831741755365,0.08950550650334661,False
timer_xl,full,29,metropt,deletion_30,rep1,0.3815307742606882,0.9242859046997294,2.2313032708649816,0.09176893350417911,False
timer_xl,raw,29,metropt,deletion_50,rep1,0.39682694167061366,0.9153083135522814,6.085844886250769,0.11599821051217422,False
timer_xl,full,29,metropt,deletion_50,rep1,0.3916797773992267,0.9266368721193283,4.950732181320228,0.11671817090978524,False
timer_xl,raw,29,metropt,insertion_1,rep1,0.37549471078512336,0.924422481717886,0.38298679080861486,0.02377827165762921,False
timer_xl,full,29,metropt,insertion_1,rep1,0.37539113640224675,0.9337471562283326,0.5861851775843974,0.02407978720199407,False
timer_xl,raw,29,metropt,insertion_4,rep1,0.41580061975113025,0.9367478587233443,11.158178587429003,0.09262927994420728,False
timer_xl,full,29,metropt,insertion_4,rep1,0.4119642516966779,0.9489440862905277,10.385964103597356,0.08615970702175249,False
timer_xl,raw,29,metropt,permutation,rep2,0.4131679524041269,0.9329327777880814,10.454373703023956,0.14270825558130812,False
timer_xl,full,29,metropt,permutation,rep2,0.4064563605393862,0.9416176360633228,8.910122757967741,0.1394442692954614,False
timer_xl,raw,29,metropt,deletion_30,rep2,0.3912673236270297,0.9224157300460468,4.5995627933176575,0.0934178909739541,False
timer_xl,full,29,metropt,deletion_30,rep2,0.38861748629206205,0.933146593797819,4.130190217210372,0.09586477962859863,False
timer_xl,raw,29,metropt,deletion_50,rep2,0.3928096256955385,0.9147367939978702,5.011874561562912,0.11967698876578209,False
timer_xl,full,29,metropt,deletion_50,rep2,0.3871373131350549,0.9241372855289635,3.733577306494018,0.1197932400704658,False
timer_xl,raw,29,metropt,insertion_1,rep2,0.3807750658199375,0.9268757723295885,1.7946120267599452,0.026568308231458462,False
timer_xl,full,29,metropt,insertion_1,rep2,0.3811721550638249,0.9373164806132349,2.135211132703052,0.026806284820817587,False
timer_xl,raw,29,metropt,insertion_4,rep2,0.3921699853105186,0.9255472137113939,4.8408761147777035,0.07116679379989355,False
timer_xl,full,29,metropt,insertion_4,rep2,0.3941082567287499,0.9387472419565192,5.60144405981704,0.07164268362485833,False
timer_xl,raw,29,pmsm,reference,rep0,0.052825920863929614,0.14463502703934475,0.0,0.0,False
timer_xl,full,29,pmsm,reference,rep0,0.04933104113066374,0.13985811442345833,0.0,0.0,False
timer_xl,raw,29,pmsm,legal_gauge_direct,rep0,0.06584625122120306,0.1552060880560638,24.647616443472064,0.022403494837104843,False
timer_xl,full,29,pmsm,legal_gauge_direct,rep0,0.058301604752955614,0.14777978713259163,18.184419823071284,0.01798464579818188,False
timer_xl,raw,29,pmsm,legal_gauge_canonical_preprocessing,rep0,0.052826003510437564,0.14463488805013403,0.0001564506715512337,7.378670006087927e-06,False
timer_xl,full,29,pmsm,legal_gauge_canonical_preprocessing,rep0,0.04933102337960412,0.1398582194563002,-3.598354954004179e-05,4.8142842038046425e-06,False
timer_xl,raw,29,pmsm,permutation,rep0,0.05342489632287951,0.14409110564020308,1.1338665737465226,0.009754620597581408,False
timer_xl,full,29,pmsm,permutation,rep0,0.049626830229070606,0.1397723909774593,0.5996003563423669,0.00612167075500798,False
timer_xl,raw,29,pmsm,deletion_30,rep0,0.052825920863929614,0.14463502703934475,0.0,0.0,True
timer_xl,full,29,pmsm,deletion_30,rep0,0.04933104113066374,0.13985811442345833,0.0,0.0,True
timer_xl,raw,29,pmsm,deletion_50,rep0,0.052825920863929614,0.14463502703934475,0.0,0.0,True
timer_xl,full,29,pmsm,deletion_50,rep0,0.04933104113066374,0.13985811442345833,0.0,0.0,True
timer_xl,raw,29,pmsm,insertion_1,rep0,0.053410181960811064,0.14488936989100146,1.106012138219814,0.005565153041749629,False
timer_xl,full,29,pmsm,insertion_1,rep0,0.04965090870812063,0.13928291758071934,0.6484103520330242,0.0036384057325232378,False
timer_xl,raw,29,pmsm,insertion_4,rep0,0.05444715667874254,0.14400254334641352,3.069015718607049,0.01511615735512757,False
timer_xl,full,29,pmsm,insertion_4,rep0,0.04970196169599222,0.13595357029155777,0.7519009468014648,0.009449436849292087,False
timer_xl,raw,29,pmsm,permutation,rep1,0.0530558953474027,0.14435838091766937,0.4353440123939567,0.008784982280503893,False
timer_xl,full,29,pmsm,permutation,rep1,0.04952598372965295,0.13928532656068718,0.39517227798389065,0.005560170860792155,False
timer_xl,raw,29,pmsm,deletion_30,rep1,0.052825920863929614,0.14463502703934475,0.0,0.0,True
timer_xl,full,29,pmsm,deletion_30,rep1,0.04933104113066374,0.13985811442345833,0.0,0.0,True
timer_xl,raw,29,pmsm,deletion_50,rep1,0.052825920863929614,0.14463502703934475,0.0,0.0,True
timer_xl,full,29,pmsm,deletion_50,rep1,0.04933104113066374,0.13985811442345833,0.0,0.0,True
timer_xl,raw,29,pmsm,insertion_1,rep1,0.05325918346625632,0.14575627770867958,0.8201704679085875,0.005481011302716736,False
timer_xl,full,29,pmsm,insertion_1,rep1,0.049459742189358606,0.13995230364468886,0.26089264638460286,0.0036736433008515415,False
timer_xl,raw,29,pmsm,insertion_4,rep1,0.053714641259432476,0.14384158856761772,1.6823566555366876,0.013398144233364948,False
timer_xl,full,29,pmsm,insertion_4,rep1,0.049324824389041864,0.13679999192806944,-0.012602088825597324,0.008395049238656301,False
timer_xl,raw,29,pmsm,permutation,rep2,0.05366873763771044,0.14467773676608572,1.595460637499868,0.00960518926994075,False
timer_xl,full,29,pmsm,permutation,rep2,0.04968311154005813,0.13981425518579685,0.7136893958143986,0.006238352566316805,False
timer_xl,raw,29,pmsm,deletion_30,rep2,0.052825920863929614,0.14463502703934475,0.0,0.0,True
timer_xl,full,29,pmsm,deletion_30,rep2,0.04933104113066374,0.13985811442345833,0.0,0.0,True
timer_xl,raw,29,pmsm,deletion_50,rep2,0.052825920863929614,0.14463502703934475,0.0,0.0,True
timer_xl,full,29,pmsm,deletion_50,rep2,0.04933104113066374,0.13985811442345833,0.0,0.0,True
timer_xl,raw,29,pmsm,insertion_1,rep2,0.0529070229772089,0.1436411435954957,0.15352711690193033,0.005559655491784776,False
timer_xl,full,29,pmsm,insertion_1,rep2,0.049355553181409384,0.13855022592976135,0.049688898072752785,0.003544681762329827,False
timer_xl,raw,29,pmsm,insertion_4,rep2,0.05459346688107337,0.1440092020141691,3.345982404540848,0.015973026404852667,False
timer_xl,full,29,pmsm,insertion_4,rep2,0.0497565229731598,0.13541012179750603,0.8625032692277435,0.009823816332149397,False
timer_xl,raw,29,steel_industry,reference,rep0,0.28709811778165917,0.5098052375400964,0.0,0.0,False
timer_xl,full,29,steel_industry,reference,rep0,0.2920324231132905,0.5410176917590368,0.0,0.0,False
timer_xl,raw,29,steel_industry,legal_gauge_direct,rep0,0.2888489788683499,0.511545716604169,0.6098476368355366,0.0128722671063017,False
timer_xl,full,29,steel_industry,legal_gauge_direct,rep0,0.29314614540408906,0.5412519704577425,0.38136939690649463,0.010072502912157905,False
timer_xl,raw,29,steel_industry,legal_gauge_canonical_preprocessing,rep0,0.2870981205736488,0.5098052439678924,9.724862248816635e-07,2.0303950558966757e-07,False
timer_xl,full,29,steel_industry,legal_gauge_canonical_preprocessing,rep0,0.2920324248354055,0.5410176987204446,5.896999333288022e-07,1.7611117508583721e-07,False
timer_xl,raw,29,steel_industry,permutation,rep0,0.30314815255358385,0.5240260802059833,5.590435387016668,0.08341068282193201,False
timer_xl,full,29,steel_industry,permutation,rep0,0.3060283954109274,0.5558892107942548,4.792609035814954,0.06984041809732593,False
timer_xl,raw,29,steel_industry,deletion_30,rep0,0.2988966526834205,0.5210153490412301,4.109582811941048,0.08325104997696343,False
timer_xl,full,29,steel_industry,deletion_30,rep0,0.3007303544096501,0.5499771237821285,2.9784128774582586,0.0693781391709994,False
timer_xl,raw,29,steel_industry,deletion_50,rep0,0.2988966526834205,0.5210153490412301,4.109582811941048,0.08325104997696343,False
timer_xl,full,29,steel_industry,deletion_50,rep0,0.3007303544096501,0.5499771237821285,2.9784128774582586,0.0693781391709994,False
timer_xl,raw,29,steel_industry,insertion_1,rep0,0.2897818637668135,0.5127880513107625,0.934783552706997,0.05949047453199583,False
timer_xl,full,29,steel_industry,insertion_1,rep0,0.2947180798196719,0.5452413524742538,0.9196433319801578,0.049790040639929534,False
timer_xl,raw,29,steel_industry,insertion_4,rep0,0.317425809546664,0.5476435892611461,10.563528594105698,0.14437650218703071,False
timer_xl,full,29,steel_industry,insertion_4,rep0,0.3205997572564545,0.5805436473591195,9.782247408905587,0.12210917527412407,False
timer_xl,raw,29,steel_industry,permutation,rep1,0.3181942517235661,0.5371076190121087,10.831186976138873,0.11698174322216956,False
timer_xl,full,29,steel_industry,permutation,rep1,0.31662384115747944,0.5649956968067723,8.420783480829108,0.09341082541266953,False
timer_xl,raw,29,steel_industry,deletion_30,rep1,0.2988966526834205,0.5210153490412301,4.109582811941048,0.08325104997696343,False
timer_xl,full,29,steel_industry,deletion_30,rep1,0.3007303544096501,0.5499771237821285,2.9784128774582586,0.0693781391709994,False
timer_xl,raw,29,steel_industry,deletion_50,rep1,0.2988966526834205,0.5210153490412301,4.109582811941048,0.08325104997696343,False
timer_xl,full,29,steel_industry,deletion_50,rep1,0.3007303544096501,0.5499771237821285,2.9784128774582586,0.0693781391709994,False
timer_xl,raw,29,steel_industry,insertion_1,rep1,0.2899300912525732,0.5130130596051042,0.9864131094958095,0.05813737368352452,False
timer_xl,full,29,steel_industry,insertion_1,rep1,0.2946258543489702,0.5447943855372606,0.8880627733153013,0.04862538019309802,False
timer_xl,raw,29,steel_industry,insertion_4,rep1,0.3206898663907295,0.5513490346984227,11.700441949472197,0.1457399006069115,False
timer_xl,full,29,steel_industry,insertion_4,rep1,0.3237980047357744,0.5851047804723747,10.87741603615051,0.12335920856275237,False
timer_xl,raw,29,steel_industry,permutation,rep2,0.3113453464467885,0.5324376552443881,8.445624392274699,0.11290451287631624,False
timer_xl,full,29,steel_industry,permutation,rep2,0.31322087497388684,0.5636346105622712,7.255513492204457,0.09579361394440913,False
timer_xl,raw,29,steel_industry,deletion_30,rep2,0.2988966526834205,0.5210153490412301,4.109582811941048,0.08325104997696343,False
timer_xl,full,29,steel_industry,deletion_30,rep2,0.3007303544096501,0.5499771237821285,2.9784128774582586,0.0693781391709994,False
timer_xl,raw,29,steel_industry,deletion_50,rep2,0.2988966526834205,0.5210153490412301,4.109582811941048,0.08325104997696343,False
timer_xl,full,29,steel_industry,deletion_50,rep2,0.3007303544096501,0.5499771237821285,2.9784128774582586,0.0693781391709994,False
timer_xl,raw,29,steel_industry,insertion_1,rep2,0.28797297057968313,0.5114111171990458,0.3047225822251143,0.05927834875604495,False
timer_xl,full,29,steel_industry,insertion_1,rep2,0.29298097414166746,0.5439120053371573,0.3248101763032585,0.049658068127339826,False
timer_xl,raw,29,steel_industry,insertion_4,rep2,0.3185637360252388,0.5480620066095035,10.959883153086203,0.14749154347617718,False
timer_xl,full,29,steel_industry,insertion_4,rep2,0.32280548009791027,0.5836530818270921,10.537548076530445,0.12579314155812032,False
timer_xl,raw,43,building_energy,reference,rep0,0.24191231210089986,0.38803828757273556,0.0,0.0,False
timer_xl,full,43,building_energy,reference,rep0,0.24111590006604883,0.39566647721165216,0.0,0.0,False
timer_xl,raw,43,building_energy,legal_gauge_direct,rep0,0.26572113838932715,0.4149819884288617,9.841924159071658,0.0726098002157438,False
timer_xl,full,43,building_energy,legal_gauge_direct,rep0,0.25350278185374325,0.4066824066296247,5.137314372175905,0.05770611630048842,False
timer_xl,raw,43,building_energy,legal_gauge_canonical_preprocessing,rep0,0.2419121542460201,0.38803744992840794,-6.52529333344809e-05,2.4555700440670096e-05,False
timer_xl,full,43,building_energy,legal_gauge_canonical_preprocessing,rep0,0.24117388250948404,0.39573983715532707,0.024047540381766375,0.00015660611468449036,False
timer_xl,raw,43,building_energy,permutation,rep0,0.24875418797882307,0.39604026540582005,2.8282462428243393,0.05745331592227769,False
timer_xl,full,43,building_energy,permutation,rep0,0.24458269580800512,0.40104129140084294,1.4378129940856743,0.04753419349142417,False
timer_xl,raw,43,building_energy,deletion_30,rep0,0.24191231210089986,0.38803828757273556,0.0,0.0,True
timer_xl,full,43,building_energy,deletion_30,rep0,0.24111590006604883,0.39566647721165216,0.0,0.0,True
timer_xl,raw,43,building_energy,deletion_50,rep0,0.24191231210089986,0.38803828757273556,0.0,0.0,True
timer_xl,full,43,building_energy,deletion_50,rep0,0.24111590006604883,0.39566647721165216,0.0,0.0,True
timer_xl,raw,43,building_energy,insertion_1,rep0,0.24192353079946163,0.3874865317080684,0.0046375062370040965,0.014371734848770005,False
timer_xl,full,43,building_energy,insertion_1,rep0,0.240800924855442,0.3949484456530221,-0.13063228535346028,0.013553096840816571,False
timer_xl,raw,43,building_energy,insertion_4,rep0,0.2454702535098048,0.3886629387365602,1.4707566464913668,0.045646314224430995,False
timer_xl,full,43,building_energy,insertion_4,rep0,0.2409520194740644,0.39381348038130126,-0.0679675591446105,0.03881581620787937,False
timer_xl,raw,43,building_energy,permutation,rep1,0.2460204691572929,0.3921777129886262,1.6982008979681718,0.05830481391968757,False
timer_xl,full,43,building_energy,permutation,rep1,0.24305753118768003,0.3989727092749248,0.8052688027207378,0.048488236147543884,False
timer_xl,raw,43,building_energy,deletion_30,rep1,0.24191231210089986,0.38803828757273556,0.0,0.0,True
timer_xl,full,43,building_energy,deletion_30,rep1,0.24111590006604883,0.39566647721165216,0.0,0.0,True
timer_xl,raw,43,building_energy,deletion_50,rep1,0.24191231210089986,0.38803828757273556,0.0,0.0,True
timer_xl,full,43,building_energy,deletion_50,rep1,0.24111590006604883,0.39566647721165216,0.0,0.0,True
timer_xl,raw,43,building_energy,insertion_1,rep1,0.2419071007219492,0.3872079540646141,-0.0021542429591070444,0.014547970513333603,False
timer_xl,full,43,building_energy,insertion_1,rep1,0.2404496652527519,0.39453989793359134,-0.2763130980223294,0.014748835027890981,False
timer_xl,raw,43,building_energy,insertion_4,rep1,0.24519361008107604,0.3883076833445466,1.3563997432290975,0.04532038664186272,False
timer_xl,full,43,building_energy,insertion_4,rep1,0.24088334923291502,0.394051468860171,-0.09644773864772027,0.03874624467932196,False
timer_xl,raw,43,building_energy,permutation,rep2,0.2470915711155433,0.3941547627661961,2.1409654472167583,0.05429824319382338,False
timer_xl,full,43,building_energy,permutation,rep2,0.24333371602846693,0.3995177353875769,0.9198132357967959,0.045123853242924214,False
timer_xl,raw,43,building_energy,deletion_30,rep2,0.24191231210089986,0.38803828757273556,0.0,0.0,True
timer_xl,full,43,building_energy,deletion_30,rep2,0.24111590006604883,0.39566647721165216,0.0,0.0,True
timer_xl,raw,43,building_energy,deletion_50,rep2,0.24191231210089986,0.38803828757273556,0.0,0.0,True
timer_xl,full,43,building_energy,deletion_50,rep2,0.24111590006604883,0.39566647721165216,0.0,0.0,True
timer_xl,raw,43,building_energy,insertion_1,rep2,0.2414820071639565,0.38669999757485474,-0.177876410343214,0.014985127060741824,False
timer_xl,full,43,building_energy,insertion_1,rep2,0.24016629218730284,0.39422319091419195,-0.39383876321962275,0.014904928077057181,False
timer_xl,raw,43,building_energy,insertion_4,rep2,0.24555653569736874,0.3890413941672366,1.5064233667234417,0.04565841439628845,False
timer_xl,full,43,building_energy,insertion_4,rep2,0.24092597818653413,0.39399556059759366,-0.07876787862710621,0.03906751828049037,False
timer_xl,raw,43,hydraulic,reference,rep0,0.06066392395360595,0.1106870903435294,0.0,0.0,False
timer_xl,full,43,hydraulic,reference,rep0,0.06900109514295276,0.12329809755073329,0.0,0.0,False
timer_xl,raw,43,hydraulic,legal_gauge_direct,rep0,1.2074973808895746,1.536070364597656,1890.4702864474023,1.1943902061141494,False
timer_xl,full,43,hydraulic,legal_gauge_direct,rep0,0.7064297089017311,0.9488694390577233,923.7949230199723,0.680423776624279,False
timer_xl,raw,43,hydraulic,legal_gauge_canonical_preprocessing,rep0,0.06066357489007833,0.11068611078647803,-0.0005754054549611531,2.3396736395630805e-05,False
timer_xl,full,43,hydraulic,legal_gauge_canonical_preprocessing,rep0,0.06900080232832558,0.12329725733331089,-0.00042436228957498656,1.369183590123254e-05,False
timer_xl,raw,43,hydraulic,permutation,rep0,0.06847373281722668,0.12073395611154213,12.873893336661602,0.031102812755368282,False
timer_xl,full,43,hydraulic,permutation,rep0,0.07257475281664551,0.12639850050200246,5.179131818544391,0.01813976442668616,False
timer_xl,raw,43,hydraulic,deletion_30,rep0,0.06066392395360595,0.1106870903435294,0.0,0.0,True
timer_xl,full,43,hydraulic,deletion_30,rep0,0.06900109514295276,0.12329809755073329,0.0,0.0,True
timer_xl,raw,43,hydraulic,deletion_50,rep0,0.06066392395360595,0.1106870903435294,0.0,0.0,True
timer_xl,full,43,hydraulic,deletion_50,rep0,0.06900109514295276,0.12329809755073329,0.0,0.0,True
timer_xl,raw,43,hydraulic,insertion_1,rep0,0.06034309327720256,0.10955251963227208,-0.5288656840740424,0.01019780937773879,False
timer_xl,full,43,hydraulic,insertion_1,rep0,0.06972912570766657,0.12368481676949591,1.0551000142903666,0.006039040809566714,False
timer_xl,raw,43,hydraulic,insertion_4,rep0,0.06255151120318288,0.10607695369500914,3.1115482259612692,0.025845721902614846,False
timer_xl,full,43,hydraulic,insertion_4,rep0,0.07271064897205677,0.12520136782190092,5.376079642531417,0.015224511910290136,False
timer_xl,raw,43,hydraulic,permutation,rep1,0.07002611498553231,0.1313575021426961,15.432880733343746,0.03450759191993719,False
timer_xl,full,43,hydraulic,permutation,rep1,0.07129345076978129,0.12863019634686307,3.3222018028544964,0.0199580915480879,False
timer_xl,raw,43,hydraulic,deletion_30,rep1,0.06066392395360595,0.1106870903435294,0.0,0.0,True
timer_xl,full,43,hydraulic,deletion_30,rep1,0.06900109514295276,0.12329809755073329,0.0,0.0,True
timer_xl,raw,43,hydraulic,deletion_50,rep1,0.06066392395360595,0.1106870903435294,0.0,0.0,True
timer_xl,full,43,hydraulic,deletion_50,rep1,0.06900109514295276,0.12329809755073329,0.0,0.0,True
timer_xl,raw,43,hydraulic,insertion_1,rep1,0.0605532966346532,0.10913768515675437,-0.1823609680068783,0.010389205998988555,False
timer_xl,full,43,hydraulic,insertion_1,rep1,0.0698439192795517,0.12348877404510374,1.221464869293487,0.006128176138291021,False
timer_xl,raw,43,hydraulic,insertion_4,rep1,0.06188633438238436,0.10581351629649761,2.0150533449060593,0.026084727202376333,False
timer_xl,full,43,hydraulic,insertion_4,rep1,0.07279153884352774,0.12602464958151252,5.493309479686004,0.015346392322299215,False
timer_xl,raw,43,hydraulic,permutation,rep2,0.07219334064605563,0.12832095024748857,19.005392234875963,0.03617089288581941,False
timer_xl,full,43,hydraulic,permutation,rep2,0.0755653714105054,0.13194088742993126,9.513292874487167,0.020906805698265873,False
timer_xl,raw,43,hydraulic,deletion_30,rep2,0.06066392395360595,0.1106870903435294,0.0,0.0,True
timer_xl,full,43,hydraulic,deletion_30,rep2,0.06900109514295276,0.12329809755073329,0.0,0.0,True
timer_xl,raw,43,hydraulic,deletion_50,rep2,0.06066392395360595,0.1106870903435294,0.0,0.0,True
timer_xl,full,43,hydraulic,deletion_50,rep2,0.06900109514295276,0.12329809755073329,0.0,0.0,True
timer_xl,raw,43,hydraulic,insertion_1,rep2,0.06069667897521932,0.11008502673213105,0.053994234923560036,0.010171384057378328,False
timer_xl,full,43,hydraulic,insertion_1,rep2,0.0698380104725469,0.1237512385259404,1.2129015167951396,0.005997483702438363,False
timer_xl,raw,43,hydraulic,insertion_4,rep2,0.06339596718192426,0.10856705221181971,4.503571563236997,0.026387594292820404,False
timer_xl,full,43,hydraulic,insertion_4,rep2,0.07329283764312175,0.12661571686414766,6.219817948218931,0.015532477225602819,False
timer_xl,raw,43,metropt,reference,rep0,0.3742803507971978,0.9263744376407832,0.0,0.0,False
timer_xl,full,43,metropt,reference,rep0,0.3741223489207885,0.9342086963851257,0.0,0.0,False
timer_xl,raw,43,metropt,legal_gauge_direct,rep0,0.3733930980165074,0.9344721841209085,-0.2370556666414947,0.014456399548398759,False
timer_xl,full,43,metropt,legal_gauge_direct,rep0,0.37257678225013074,0.9415643159247894,-0.4131179746722391,0.01575207535145347,False
timer_xl,raw,43,metropt,legal_gauge_canonical_preprocessing,rep0,0.3742795661955403,0.9263748537119196,-0.00020962940101565408,3.6031944910625494e-05,False
timer_xl,full,43,metropt,legal_gauge_canonical_preprocessing,rep0,0.374121730695336,0.934209426530264,-0.0001652468649027128,3.385188997466555e-05,False
timer_xl,raw,43,metropt,permutation,rep0,0.4068714126859541,0.9275981371406908,8.707660399307372,0.10887242014814781,False
timer_xl,full,43,metropt,permutation,rep0,0.4055942124213668,0.9391877623992094,8.41218483508499,0.1052921482369433,False
timer_xl,raw,43,metropt,deletion_30,rep0,0.391613781558322,0.9208921064226697,4.6311356511782975,0.09508918115091576,False
timer_xl,full,43,metropt,deletion_30,rep0,0.39163612869696557,0.9345416758427821,4.681297395544037,0.09485984854919997,False
timer_xl,raw,43,metropt,deletion_50,rep0,0.39914769005360834,0.9222490136377053,6.644040811505181,0.10703676192173847,False
timer_xl,full,43,metropt,deletion_50,rep0,0.39509187794342243,0.9331033319603356,5.60499234625349,0.10713941848047252,False
timer_xl,raw,43,metropt,insertion_1,rep0,0.38144197702794264,0.9275671822235471,1.9134390078161756,0.027598732003273167,False
timer_xl,full,43,metropt,insertion_1,rep0,0.3817981767404346,0.9369806801529595,2.0516891978755503,0.026703474480054473,False
timer_xl,raw,43,metropt,insertion_4,rep0,0.4024497323915912,0.9329482467540092,7.526278506043416,0.07384461731533563,False
timer_xl,full,43,metropt,insertion_4,rep0,0.4008895273673157,0.9436598526195293,7.154659037007849,0.06921261105106347,False
timer_xl,raw,43,metropt,permutation,rep1,0.4110535641618969,0.9379945112838063,9.825045126300136,0.11646715051682488,False
timer_xl,full,43,metropt,permutation,rep1,0.40489444903211647,0.9520767581822511,8.225143512568733,0.12001615838864199,False
timer_xl,raw,43,metropt,deletion_30,rep1,0.3865499381439522,0.9196300750584288,3.278181000050062,0.08346024650622208,False
timer_xl,full,43,metropt,deletion_30,rep1,0.3872405005915233,0.9320950939032553,3.5063801209887835,0.0835020731205745,False
timer_xl,raw,43,metropt,deletion_50,rep1,0.39613106246970753,0.9160536705988453,5.8380600600509425,0.11166553906589219,False
timer_xl,full,43,metropt,deletion_50,rep1,0.3927053628925982,0.9282515948990765,4.967095396844168,0.11004286765570827,False
timer_xl,raw,43,metropt,insertion_1,rep1,0.374656514230419,0.9241548445142944,0.10050312083442758,0.02518761859487254,False
timer_xl,full,43,metropt,insertion_1,rep1,0.3749953937388354,0.9325482989702604,0.23335810345608277,0.02452815153743852,False
timer_xl,raw,43,metropt,insertion_4,rep1,0.42002298301479996,0.9396421031574669,12.22148908436489,0.09787960438604723,False
timer_xl,full,43,metropt,insertion_4,rep1,0.41633840456971427,0.9513054727047346,11.284024001962,0.09073010428556431,False
timer_xl,raw,43,metropt,permutation,rep2,0.41768309719589436,0.9250369626134615,11.596319792436605,0.14987283164669837,False
timer_xl,full,43,metropt,permutation,rep2,0.40789440283480377,0.928927583415508,9.027007878956116,0.1463374536045381,False
timer_xl,raw,43,metropt,deletion_30,rep2,0.3884782964961899,0.9222658830823585,3.7933986298642752,0.08883587521977436,False
timer_xl,full,43,metropt,deletion_30,rep2,0.39070845710610863,0.936253658055003,4.433337979718455,0.08989593888366584,False
timer_xl,raw,43,metropt,deletion_50,rep2,0.3967869620783514,0.9151300595259654,6.013302924723596,0.11982641586633584,False
timer_xl,full,43,metropt,deletion_50,rep2,0.3919588736493144,0.9263884869220228,4.767564616221942,0.12250778570207692,False
timer_xl,raw,43,metropt,insertion_1,rep2,0.3812243800215807,0.9277571086906468,1.8553015699575237,0.0262011208316456,False
timer_xl,full,43,metropt,insertion_1,rep2,0.381469579903987,0.9368793221895394,1.963857813999259,0.02488167615823205,False
timer_xl,raw,43,metropt,insertion_4,rep2,0.3912384994334373,0.9266263163306145,4.530867997777466,0.0737139730715189,False
timer_xl,full,43,metropt,insertion_4,rep2,0.3926051262659459,0.9378166934685364,4.940302924557627,0.07262704896869132,False
timer_xl,raw,43,pmsm,reference,rep0,0.05283192830597785,0.14235755860455043,0.0,0.0,False
timer_xl,full,43,pmsm,reference,rep0,0.04925460261855135,0.13739574922298675,0.0,0.0,False
timer_xl,raw,43,pmsm,legal_gauge_direct,rep0,0.06421734618963039,0.15332952585611498,21.55025994454247,0.021595421501257175,False
timer_xl,full,43,pmsm,legal_gauge_direct,rep0,0.057361175265895036,0.14616001019671102,16.458507868035067,0.01708093090903094,False
timer_xl,raw,43,pmsm,legal_gauge_canonical_preprocessing,rep0,0.05283127988965214,0.14235601563473332,-0.0012273190597045236,8.111438119796543e-06,False
timer_xl,full,43,pmsm,legal_gauge_canonical_preprocessing,rep0,0.04925408676025069,0.13739465596916112,-0.0010473301442548433,5.637623635909626e-06,False
timer_xl,raw,43,pmsm,permutation,rep0,0.05351819540625505,0.14235396389396335,1.2989628095773087,0.009921382550610473,False
timer_xl,full,43,pmsm,permutation,rep0,0.04967108239247605,0.13790505785699558,0.8455651894100136,0.0065806135431106545,False
timer_xl,raw,43,pmsm,deletion_30,rep0,0.05283192830597785,0.14235755860455043,0.0,0.0,True
timer_xl,full,43,pmsm,deletion_30,rep0,0.04925460261855135,0.13739574922298675,0.0,0.0,True
timer_xl,raw,43,pmsm,deletion_50,rep0,0.05283192830597785,0.14235755860455043,0.0,0.0,True
timer_xl,full,43,pmsm,deletion_50,rep0,0.04925460261855135,0.13739574922298675,0.0,0.0,True
timer_xl,raw,43,pmsm,insertion_1,rep0,0.05357027470996345,0.1432810648201897,1.3975382456408614,0.005453170042007442,False
timer_xl,full,43,pmsm,insertion_1,rep0,0.049739356607995146,0.138007350505345,0.9841800840379111,0.003789944558317095,False
timer_xl,raw,43,pmsm,insertion_4,rep0,0.05485061942816011,0.14320820043075091,3.8209680905284094,0.014389011318927749,False
timer_xl,full,43,pmsm,insertion_4,rep0,0.05012837174899859,0.13560415723173566,1.7739847323793967,0.00915484851478572,False
timer_xl,raw,43,pmsm,permutation,rep1,0.053223652145249815,0.1421549930298334,0.7414528521527464,0.009454406715107064,False
timer_xl,full,43,pmsm,permutation,rep1,0.049539652139669876,0.13660612212405157,0.578726669111651,0.006495233563625454,False
timer_xl,raw,43,pmsm,deletion_30,rep1,0.05283192830597785,0.14235755860455043,0.0,0.0,True
timer_xl,full,43,pmsm,deletion_30,rep1,0.04925460261855135,0.13739574922298675,0.0,0.0,True
timer_xl,raw,43,pmsm,deletion_50,rep1,0.05283192830597785,0.14235755860455043,0.0,0.0,True
timer_xl,full,43,pmsm,deletion_50,rep1,0.04925460261855135,0.13739574922298675,0.0,0.0,True
timer_xl,raw,43,pmsm,insertion_1,rep1,0.05335911076251896,0.14397083437539218,0.9978482206591366,0.005218397838440529,False
timer_xl,full,43,pmsm,insertion_1,rep1,0.04976408635089252,0.13897227152943173,1.0343880678255202,0.0037861009937994786,False
timer_xl,raw,43,pmsm,insertion_4,rep1,0.054542794047114325,0.14404905458282344,3.2383178051498485,0.012893720333933332,False
timer_xl,full,43,pmsm,insertion_4,rep1,0.04994831337266769,0.1371753029996533,1.4084181319840017,0.00815094616639527,False
timer_xl,raw,43,pmsm,permutation,rep2,0.05334452128095374,0.14195810823612356,0.9702333255890094,0.00970430001681903,False
timer_xl,full,43,pmsm,permutation,rep2,0.04952199392229297,0.13706402726473474,0.5428757710470578,0.0063697455812883365,False
timer_xl,raw,43,pmsm,deletion_30,rep2,0.05283192830597785,0.14235755860455043,0.0,0.0,True
timer_xl,full,43,pmsm,deletion_30,rep2,0.04925460261855135,0.13739574922298675,0.0,0.0,True
timer_xl,raw,43,pmsm,deletion_50,rep2,0.05283192830597785,0.14235755860455043,0.0,0.0,True
timer_xl,full,43,pmsm,deletion_50,rep2,0.04925460261855135,0.13739574922298675,0.0,0.0,True
timer_xl,raw,43,pmsm,insertion_1,rep2,0.053172790485318984,0.14232508340286565,0.645182165918734,0.005341505212067157,False
timer_xl,full,43,pmsm,insertion_1,rep2,0.04950389361713552,0.13740585329574728,0.5061273166993008,0.003709285120192573,False
timer_xl,raw,43,pmsm,insertion_4,rep2,0.055268533865329546,0.14409591402336244,4.611994370601091,0.015348935538208097,False
timer_xl,full,43,pmsm,insertion_4,rep2,0.05023273364849817,0.13567842619076895,1.985867265079544,0.009687676362044182,False
timer_xl,raw,43,steel_industry,reference,rep0,0.2901657939433039,0.5125377759104243,0.0,0.0,False
timer_xl,full,43,steel_industry,reference,rep0,0.2949682925709001,0.54461923014161,0.0,0.0,False
timer_xl,raw,43,steel_industry,legal_gauge_direct,rep0,0.29155843242989776,0.5139497270072695,0.4799457812267205,0.011961315030247237,False
timer_xl,full,43,steel_industry,legal_gauge_direct,rep0,0.2957703536001807,0.5447158016875899,0.27191432078681466,0.009381752509552203,False
timer_xl,raw,43,steel_industry,legal_gauge_canonical_preprocessing,rep0,0.29016579817710075,0.5125377792229868,1.459095777534003e-06,1.9654571922525132e-07,False
timer_xl,full,43,steel_industry,legal_gauge_canonical_preprocessing,rep0,0.29496829722299855,0.5446192343551404,1.5771520311957943e-06,1.710541944328881e-07,False
timer_xl,raw,43,steel_industry,permutation,rep0,0.308633460466996,0.528864499978381,6.364522252164773,0.08673926999694723,False
timer_xl,full,43,steel_industry,permutation,rep0,0.3107761106121193,0.5603460547865258,5.3591584042611995,0.07215077565518777,False
timer_xl,raw,43,steel_industry,deletion_30,rep0,0.30617285966574687,0.5239067539894743,5.51652402059859,0.08665610703074152,False
timer_xl,full,43,steel_industry,deletion_30,rep0,0.30714130444915927,0.5536366334673526,4.126888274044971,0.07227810016088149,False
timer_xl,raw,43,steel_industry,deletion_50,rep0,0.30617285966574687,0.5239067539894743,5.51652402059859,0.08665610703074152,False
timer_xl,full,43,steel_industry,deletion_50,rep0,0.30714130444915927,0.5536366334673526,4.126888274044971,0.07227810016088149,False
timer_xl,raw,43,steel_industry,insertion_1,rep0,0.2915408400087638,0.5146552351758735,0.47388289528316196,0.060284799549356415,False
timer_xl,full,43,steel_industry,insertion_1,rep0,0.296334495733109,0.5477822131054114,0.4631694987624835,0.05087843256758337,False
timer_xl,raw,43,steel_industry,insertion_4,rep0,0.32167254696207886,0.5503673978447676,10.85818993017873,0.14911884025008798,False
timer_xl,full,43,steel_industry,insertion_4,rep0,0.3240662070375609,0.5835527094433162,9.864760111348803,0.12644510222835376,False
timer_xl,raw,43,steel_industry,permutation,rep1,0.322823701848625,0.5420071999486504,11.254913083139705,0.1227117013884596,False
timer_xl,full,43,steel_industry,permutation,rep1,0.32090255830955716,0.5702807028509417,8.79222153425976,0.09816269588460348,False
timer_xl,raw,43,steel_industry,deletion_30,rep1,0.30617285966574687,0.5239067539894743,5.51652402059859,0.08665610703074152,False
timer_xl,full,43,steel_industry,deletion_30,rep1,0.30714130444915927,0.5536366334673526,4.126888274044971,0.07227810016088149,False
timer_xl,raw,43,steel_industry,deletion_50,rep1,0.30617285966574687,0.5239067539894743,5.51652402059859,0.08665610703074152,False
timer_xl,full,43,steel_industry,deletion_50,rep1,0.30714130444915927,0.5536366334673526,4.126888274044971,0.07227810016088149,False
timer_xl,raw,43,steel_industry,insertion_1,rep1,0.2928198048556822,0.514817189802141,0.9146532664346063,0.05897908468014411,False
timer_xl,full,43,steel_industry,insertion_1,rep1,0.2969526535778096,0.5472903465569766,0.6727370557743972,0.04974635968021598,False
timer_xl,raw,43,steel_industry,insertion_4,rep1,0.3249547514037732,0.5526111664165048,11.989337884281026,0.1499080565460284,False
timer_xl,full,43,steel_industry,insertion_4,rep1,0.3271439109815042,0.5869833250797394,10.908161731610576,0.12737160484460044,False
timer_xl,raw,43,steel_industry,permutation,rep2,0.31516206067723107,0.5376690669895348,8.614477397294884,0.11353469823211615,False
timer_xl,full,43,steel_industry,permutation,rep2,0.31755702719652046,0.5698237263999865,7.65802128382691,0.09620722827181953,False
timer_xl,raw,43,steel_industry,deletion_30,rep2,0.30617285966574687,0.5239067539894743,5.51652402059859,0.08665610703074152,False
timer_xl,full,43,steel_industry,deletion_30,rep2,0.30714130444915927,0.5536366334673526,4.126888274044971,0.07227810016088149,False
timer_xl,raw,43,steel_industry,deletion_50,rep2,0.30617285966574687,0.5239067539894743,5.51652402059859,0.08665610703074152,False
timer_xl,full,43,steel_industry,deletion_50,rep2,0.30714130444915927,0.5536366334673526,4.126888274044971,0.07227810016088149,False
timer_xl,raw,43,steel_industry,insertion_1,rep2,0.2923114956660364,0.5142572632765445,0.7394743858581077,0.060098310121429487,False
timer_xl,full,43,steel_industry,insertion_1,rep2,0.2968919178733763,0.5472435434224953,0.6521464682560207,0.050462513060122456,False
timer_xl,raw,43,steel_industry,insertion_4,rep2,0.3232052702074915,0.5498768649415416,11.386413200255884,0.15088602607155951,False
timer_xl,full,43,steel_industry,insertion_4,rep2,0.32646968742199534,0.5855670741090931,10.679586804579477,0.12862707575160234,False
timer_xl,raw,71,building_energy,reference,rep0,0.24218449986346358,0.3908440357146723,0.0,0.0,False
timer_xl,full,71,building_energy,reference,rep0,0.24081111220678691,0.3965494785400553,0.0,0.0,False
timer_xl,raw,71,building_energy,legal_gauge_direct,rep0,0.26969264676177007,0.422289057507705,11.358343293569483,0.07605116269917749,False
timer_xl,full,71,building_energy,legal_gauge_direct,rep0,0.25609903667492273,0.4120093112619029,6.348512877183143,0.05903682162665339,False
timer_xl,raw,71,building_energy,legal_gauge_canonical_preprocessing,rep0,0.24218449028493988,0.39084411912972994,-3.955052330084641e-06,2.638030940019037e-05,False
timer_xl,full,71,building_energy,legal_gauge_canonical_preprocessing,rep0,0.2408110070974953,0.3965492282153188,-4.364802381751076e-05,2.1647606725423525e-05,False
timer_xl,raw,71,building_energy,permutation,rep0,0.2493534981067923,0.39888532698751816,2.960139169670395,0.059090622506525886,False
timer_xl,full,71,building_energy,permutation,rep0,0.24554622447567398,0.4032378100770898,1.9663180097855948,0.05000181489036494,False
timer_xl,raw,71,building_energy,deletion_30,rep0,0.24218449986346358,0.3908440357146723,0.0,0.0,True
timer_xl,full,71,building_energy,deletion_30,rep0,0.24081111220678691,0.3965494785400553,0.0,0.0,True
timer_xl,raw,71,building_energy,deletion_50,rep0,0.24218449986346358,0.3908440357146723,0.0,0.0,True
timer_xl,full,71,building_energy,deletion_50,rep0,0.24081111220678691,0.3965494785400553,0.0,0.0,True
timer_xl,raw,71,building_energy,insertion_1,rep0,0.2422818090915686,0.39027724387493296,0.04017979191892618,0.014523329264206639,False
timer_xl,full,71,building_energy,insertion_1,rep0,0.24111829800632703,0.3964662154620433,0.12756296697651326,0.013944637807396342,False
timer_xl,raw,71,building_energy,insertion_4,rep0,0.24587121749339483,0.3914528020719944,1.522276459480154,0.0462794834274125,False
timer_xl,full,71,building_energy,insertion_4,rep0,0.24232584230566842,0.39720480328183505,0.629011711710703,0.04159489360807846,False
timer_xl,raw,71,building_energy,permutation,rep1,0.24463234122106853,0.39379778327058607,1.0107341134486303,0.058743450720682766,False
timer_xl,full,71,building_energy,permutation,rep1,0.24116676401414683,0.3977315769318966,0.14768911787363947,0.049889735175519825,False
timer_xl,raw,71,building_energy,deletion_30,rep1,0.24218449986346358,0.3908440357146723,0.0,0.0,True
timer_xl,full,71,building_energy,deletion_30,rep1,0.24081111220678691,0.3965494785400553,0.0,0.0,True
timer_xl,raw,71,building_energy,deletion_50,rep1,0.24218449986346358,0.3908440357146723,0.0,0.0,True
timer_xl,full,71,building_energy,deletion_50,rep1,0.24081111220678691,0.3965494785400553,0.0,0.0,True
timer_xl,raw,71,building_energy,insertion_1,rep1,0.2423360916683845,0.3901486428148636,0.06259352064494905,0.014683960784443796,False
timer_xl,full,71,building_energy,insertion_1,rep1,0.2407278236044616,0.3958429400653503,-0.034586693928717605,0.01379200173083828,False
timer_xl,raw,71,building_energy,insertion_4,rep1,0.24554301799477526,0.3910140779900407,1.3867601490620274,0.04588759304867634,False
timer_xl,full,71,building_energy,insertion_4,rep1,0.2418906997974785,0.3964396971207337,0.4483130287461723,0.041959239970823826,False
timer_xl,raw,71,building_energy,permutation,rep2,0.24647951830522438,0.3963694141607318,1.7734489383846697,0.0555567981625361,False
timer_xl,full,71,building_energy,permutation,rep2,0.24298234383643022,0.40092843953254653,0.9016326571254174,0.04766849841410852,False
timer_xl,raw,71,building_energy,deletion_30,rep2,0.24218449986346358,0.3908440357146723,0.0,0.0,True
timer_xl,full,71,building_energy,deletion_30,rep2,0.24081111220678691,0.3965494785400553,0.0,0.0,True
timer_xl,raw,71,building_energy,deletion_50,rep2,0.24218449986346358,0.3908440357146723,0.0,0.0,True
timer_xl,full,71,building_energy,deletion_50,rep2,0.24081111220678691,0.3965494785400553,0.0,0.0,True
timer_xl,raw,71,building_energy,insertion_1,rep2,0.2418190379861224,0.38959251766215036,-0.1509022573893959,0.015110185029307907,False
timer_xl,full,71,building_energy,insertion_1,rep2,0.24036645164747242,0.3958762882290575,-0.18465117960696498,0.014815259136302297,False
timer_xl,raw,71,building_energy,insertion_4,rep2,0.24573788759192583,0.3915829582102842,1.4672234310889154,0.046469400904591826,False
timer_xl,full,71,building_energy,insertion_4,rep2,0.24210653932271706,0.3965978721295873,0.5379432469120315,0.04171466954655059,False
timer_xl,raw,71,hydraulic,reference,rep0,0.06122525563649751,0.11231584661232992,0.0,0.0,False
timer_xl,full,71,hydraulic,reference,rep0,0.06818884169251169,0.12184989407998902,0.0,0.0,False
timer_xl,raw,71,hydraulic,legal_gauge_direct,rep0,0.7988575191830912,1.0491285159237267,1204.784293471986,0.7854906409139276,False
timer_xl,full,71,hydraulic,legal_gauge_direct,rep0,0.47203089387548536,0.6531091835004899,592.2406689411803,0.44959484328968474,False
timer_xl,raw,71,hydraulic,legal_gauge_canonical_preprocessing,rep0,0.06122612869240083,0.11231827339469973,0.0014259734716359773,2.3262392302527237e-05,False
timer_xl,full,71,hydraulic,legal_gauge_canonical_preprocessing,rep0,0.0681886834621307,0.12185009477049714,-0.00023204732191306476,1.3658399541462439e-05,False
timer_xl,raw,71,hydraulic,permutation,rep0,0.06762801476691827,0.12127133824862503,10.457709100366674,0.030638973052580818,False
timer_xl,full,71,hydraulic,permutation,rep0,0.07126956361767445,0.12482292682384676,4.517926758537505,0.017914686897708386,False
timer_xl,raw,71,hydraulic,deletion_30,rep0,0.06122525563649751,0.11231584661232992,0.0,0.0,True
timer_xl,full,71,hydraulic,deletion_30,rep0,0.06818884169251169,0.12184989407998902,0.0,0.0,True
timer_xl,raw,71,hydraulic,deletion_50,rep0,0.06122525563649751,0.11231584661232992,0.0,0.0,True
timer_xl,full,71,hydraulic,deletion_50,rep0,0.06818884169251169,0.12184989407998902,0.0,0.0,True
timer_xl,raw,71,hydraulic,insertion_1,rep0,0.06132253984414777,0.11246681883914941,0.15889555158061786,0.01063530940489254,False
timer_xl,full,71,hydraulic,insertion_1,rep0,0.06909369856873357,0.12234651963569532,1.3269867235789379,0.0062570638802881854,False
timer_xl,raw,71,hydraulic,insertion_4,rep0,0.06431666209363089,0.10889191946659454,5.049234053815099,0.02751921303514058,False
timer_xl,full,71,hydraulic,insertion_4,rep0,0.07263613227886478,0.12366830394160173,6.522021016880664,0.01619569046929185,False
timer_xl,raw,71,hydraulic,permutation,rep1,0.07018366955621462,0.12961784891107533,14.631893042479739,0.0335741299278706,False
timer_xl,full,71,hydraulic,permutation,rep1,0.07133707994486994,0.1273446663527146,4.61694050553727,0.019536125581382107,False
timer_xl,raw,71,hydraulic,deletion_30,rep1,0.06122525563649751,0.11231584661232992,0.0,0.0,True
timer_xl,full,71,hydraulic,deletion_30,rep1,0.06818884169251169,0.12184989407998902,0.0,0.0,True
timer_xl,raw,71,hydraulic,deletion_50,rep1,0.06122525563649751,0.11231584661232992,0.0,0.0,True
timer_xl,full,71,hydraulic,deletion_50,rep1,0.06818884169251169,0.12184989407998902,0.0,0.0,True
timer_xl,raw,71,hydraulic,insertion_1,rep1,0.061452623200648114,0.1117275110967613,0.37136237617449996,0.010791528477263187,False
timer_xl,full,71,hydraulic,insertion_1,rep1,0.06919277879909681,0.1221195646151382,1.4722894269303621,0.006331577376599145,False
timer_xl,raw,71,hydraulic,insertion_4,rep1,0.06401508426528857,0.10984673411403045,4.556663095626168,0.02782833892724276,False
timer_xl,full,71,hydraulic,insertion_4,rep1,0.07293540811566925,0.12493471554087666,6.960913699871241,0.0163314443493198,False
timer_xl,raw,71,hydraulic,permutation,rep2,0.06860072129178034,0.12381783529561213,12.04644321792947,0.03527091951200059,False
timer_xl,full,71,hydraulic,permutation,rep2,0.07281742506448997,0.128591009772809,6.787889714933493,0.02059942753149949,False
timer_xl,raw,71,hydraulic,deletion_30,rep2,0.06122525563649751,0.11231584661232992,0.0,0.0,True
timer_xl,full,71,hydraulic,deletion_30,rep2,0.06818884169251169,0.12184989407998902,0.0,0.0,True
timer_xl,raw,71,hydraulic,deletion_50,rep2,0.06122525563649751,0.11231584661232992,0.0,0.0,True
timer_xl,full,71,hydraulic,deletion_50,rep2,0.06818884169251169,0.12184989407998902,0.0,0.0,True
timer_xl,raw,71,hydraulic,insertion_1,rep2,0.06145676196540671,0.11334227484938912,0.37812227405580323,0.010640763815492497,False
timer_xl,full,71,hydraulic,insertion_1,rep2,0.0691637136156032,0.12260905723833865,1.4296648819576152,0.006225819790071422,False
timer_xl,raw,71,hydraulic,insertion_4,rep2,0.06547185020894936,0.11326383696184218,6.936017707568998,0.027903067718066187,False
timer_xl,full,71,hydraulic,insertion_4,rep2,0.07326039854595959,0.12559993789746499,7.437517235323332,0.016412578781545607,False
timer_xl,raw,71,metropt,reference,rep0,0.37361561356597045,0.9283804745345592,0.0,0.0,False
timer_xl,full,71,metropt,reference,rep0,0.37308827588095433,0.9363054245924963,0.0,0.0,False
timer_xl,raw,71,metropt,legal_gauge_direct,rep0,0.37624916186689145,0.9411452266189656,0.7048817568904964,0.016270751887216155,False
timer_xl,full,71,metropt,legal_gauge_direct,rep0,0.37560117019199596,0.9488064351920105,0.6735388039487589,0.01649400299254863,False
timer_xl,raw,71,metropt,legal_gauge_canonical_preprocessing,rep0,0.3736168368232539,0.9283823898158925,0.00032741064319719015,3.7888314362760514e-05,False
timer_xl,full,71,metropt,legal_gauge_canonical_preprocessing,rep0,0.3730893187096163,0.9363069168563385,0.00027951257903779947,3.571256428635022e-05,False
timer_xl,raw,71,metropt,permutation,rep0,0.4053592557042566,0.9321299246541258,8.496337140546494,0.11907879737863632,False
timer_xl,full,71,metropt,permutation,rep0,0.40426526624664344,0.945464377911244,8.356464778227735,0.1166721556588406,False
timer_xl,raw,71,metropt,deletion_30,rep0,0.394580068154717,0.922093218038693,5.611236208425963,0.1048670881568472,False
timer_xl,full,71,metropt,deletion_30,rep0,0.38712904784005175,0.9274162745443306,3.7633913652053597,0.10296066365639224,False
timer_xl,raw,71,metropt,deletion_50,rep0,0.4005468185660996,0.9237228432254024,7.208265399586633,0.11916282658658106,False
timer_xl,full,71,metropt,deletion_50,rep0,0.39333574526097265,0.9320700850082515,5.426991596615838,0.11760179331180808,False
timer_xl,raw,71,metropt,insertion_1,rep0,0.3807935067382113,0.9287679977768653,1.9211973246330727,0.030319252331266946,False
timer_xl,full,71,metropt,insertion_1,rep0,0.3810692678500151,0.9387121686021045,2.1391698654200875,0.029143646127560638,False
timer_xl,raw,71,metropt,insertion_4,rep0,0.39869220256607524,0.9281082301911348,6.71186858620858,0.07489397974082115,False
timer_xl,full,71,metropt,insertion_4,rep0,0.3982957008333296,0.9418215427765322,6.756423769375819,0.07207247653331597,False
timer_xl,raw,71,metropt,permutation,rep1,0.4098113153450453,0.942281524384386,9.687952126412846,0.12872608795233478,False
timer_xl,full,71,metropt,permutation,rep1,0.4031888860093151,0.956309414453127,8.067959267089186,0.1293691801673157,False
timer_xl,raw,71,metropt,deletion_30,rep1,0.39067634263150935,0.9209700081296882,4.566385463043932,0.09668176618713002,False
timer_xl,full,71,metropt,deletion_30,rep1,0.3829481884476221,0.9267694808139616,2.642782741801808,0.09404576767596531,False
timer_xl,raw,71,metropt,deletion_50,rep1,0.4005544771296705,0.9173443246047858,7.2103152506348245,0.12511577594700962,False
timer_xl,full,71,metropt,deletion_50,rep1,0.39409812816698064,0.9330454887883483,5.631335435673179,0.1229159952048253,False
timer_xl,raw,71,metropt,insertion_1,rep1,0.3748776867035221,0.9253422871817749,0.3377998915799596,0.025549964031725735,False
timer_xl,full,71,metropt,insertion_1,rep1,0.3758227957398437,0.9350332647526826,0.7329417823255024,0.025764285890377894,False
timer_xl,raw,71,metropt,insertion_4,rep1,0.4167851582169688,0.9357958868938855,11.554534415456331,0.09718740116556288,False
timer_xl,full,71,metropt,insertion_4,rep1,0.4127911808766723,0.9459443043279296,10.641691943272559,0.09020664706675333,False
timer_xl,raw,71,metropt,permutation,rep2,0.4153629284177965,0.9255012539918451,11.17386782992531,0.15916797139207825,False
timer_xl,full,71,metropt,permutation,rep2,0.4141301854665215,0.939745357152728,11.000589468714072,0.1556132215102359,False
timer_xl,raw,71,metropt,deletion_30,rep2,0.39182082218165615,0.9245215897665731,4.872710870385277,0.0983988167272792,False
timer_xl,full,71,metropt,deletion_30,rep2,0.3854899059564909,0.9305113348129846,3.324047116263107,0.09779988586608988,False
timer_xl,raw,71,metropt,deletion_50,rep2,0.39648646864020215,0.9139790884146602,6.121493386194721,0.12830091347053799,False
timer_xl,full,71,metropt,deletion_50,rep2,0.3895370342885017,0.9288578450882442,4.408811391542056,0.12613548709526753,False
timer_xl,raw,71,metropt,insertion_1,rep2,0.38050122193575797,0.9290451007135857,1.8429659039320923,0.028767778593514176,False
timer_xl,full,71,metropt,insertion_1,rep2,0.38157095712279127,0.9397539118833725,2.273639186813692,0.028999828957068145,False
timer_xl,raw,71,metropt,insertion_4,rep2,0.3888102103566582,0.9210088759767087,4.066906263810299,0.07183676423120715,False
timer_xl,full,71,metropt,insertion_4,rep2,0.390415461580884,0.9342595709332002,4.6442589649905,0.0715238945398506,False
timer_xl,raw,71,pmsm,reference,rep0,0.05285970763645783,0.14242329633966885,0.0,0.0,False
timer_xl,full,71,pmsm,reference,rep0,0.04927219103600699,0.13765799863145206,0.0,0.0,False
timer_xl,raw,71,pmsm,legal_gauge_direct,rep0,0.0691070133474416,0.1559539056024377,30.736654509564197,0.026530520712537208,False
timer_xl,full,71,pmsm,legal_gauge_direct,rep0,0.0600326832084729,0.1464424720377329,21.838874923590048,0.019901340027048214,False
timer_xl,raw,71,pmsm,legal_gauge_canonical_preprocessing,rep0,0.052859145332173015,0.14242345532165113,-0.0010637673001911985,8.203103026985764e-06,False
timer_xl,full,71,pmsm,legal_gauge_canonical_preprocessing,rep0,0.04927204994488849,0.1376586468453913,-0.00028635040482116736,5.480794419370705e-06,False
timer_xl,raw,71,pmsm,permutation,rep0,0.053471645936964546,0.1422715901917894,1.1576649358625124,0.010378265352510869,False
timer_xl,full,71,pmsm,permutation,rep0,0.049389526504071475,0.1372899424805658,0.23813730544017808,0.007003279188653457,False
timer_xl,raw,71,pmsm,deletion_30,rep0,0.05285970763645783,0.14242329633966885,0.0,0.0,True
timer_xl,full,71,pmsm,deletion_30,rep0,0.04927219103600699,0.13765799863145206,0.0,0.0,True
timer_xl,raw,71,pmsm,deletion_50,rep0,0.05285970763645783,0.14242329633966885,0.0,0.0,True
timer_xl,full,71,pmsm,deletion_50,rep0,0.04927219103600699,0.13765799863145206,0.0,0.0,True
timer_xl,raw,71,pmsm,insertion_1,rep0,0.05347500998421895,0.14376785267151257,1.164029040782566,0.005493781907229029,False
timer_xl,full,71,pmsm,insertion_1,rep0,0.04945403523813408,0.1377058556206793,0.3690605152797177,0.0037314202021799603,False
timer_xl,raw,71,pmsm,insertion_4,rep0,0.05478194119111979,0.14545204928977698,3.6364816239282005,0.01476591720665883,False
timer_xl,full,71,pmsm,insertion_4,rep0,0.04985815867567301,0.13680302204483633,1.1892461596396453,0.009316844318655752,False
timer_xl,raw,71,pmsm,permutation,rep1,0.053392562626734315,0.14301645880198297,1.0080551219488143,0.0097530556265853,False
timer_xl,full,71,pmsm,permutation,rep1,0.049473943384834,0.13745292697475384,0.4094649427697883,0.006702766424770618,False
timer_xl,raw,71,pmsm,deletion_30,rep1,0.05285970763645783,0.14242329633966885,0.0,0.0,True
timer_xl,full,71,pmsm,deletion_30,rep1,0.04927219103600699,0.13765799863145206,0.0,0.0,True
timer_xl,raw,71,pmsm,deletion_50,rep1,0.05285970763645783,0.14242329633966885,0.0,0.0,True
timer_xl,full,71,pmsm,deletion_50,rep1,0.04927219103600699,0.13765799863145206,0.0,0.0,True
timer_xl,raw,71,pmsm,insertion_1,rep1,0.053337465505032176,0.14456343593707438,0.903822381803776,0.005487382355192787,False
timer_xl,full,71,pmsm,insertion_1,rep1,0.04951757084544536,0.13872677606844497,0.4980087231336139,0.0040073530139267104,False
timer_xl,raw,71,pmsm,insertion_4,rep1,0.05431739711233791,0.1455307192898322,2.757657090927035,0.013534657639283274,False
timer_xl,full,71,pmsm,insertion_4,rep1,0.04965021160225719,0.13757187131254506,0.7672087607672129,0.008407522139039524,False
timer_xl,raw,71,pmsm,permutation,rep2,0.053573398219287166,0.14200345250761606,1.35015991336489,0.01014727877835317,False
timer_xl,full,71,pmsm,permutation,rep2,0.04948318306326079,0.1366520359970681,0.4282172617402269,0.006716980524431024,False
timer_xl,raw,71,pmsm,deletion_30,rep2,0.05285970763645783,0.14242329633966885,0.0,0.0,True
timer_xl,full,71,pmsm,deletion_30,rep2,0.04927219103600699,0.13765799863145206,0.0,0.0,True
timer_xl,raw,71,pmsm,deletion_50,rep2,0.05285970763645783,0.14242329633966885,0.0,0.0,True
timer_xl,full,71,pmsm,deletion_50,rep2,0.04927219103600699,0.13765799863145206,0.0,0.0,True
timer_xl,raw,71,pmsm,insertion_1,rep2,0.05301219835001494,0.14281946510648988,0.2884819466007382,0.005362559499845782,False
timer_xl,full,71,pmsm,insertion_1,rep2,0.04924238387289721,0.13735105474177453,-0.06049490084173437,0.00381188615855557,False
timer_xl,raw,71,pmsm,insertion_4,rep2,0.055348623291515096,0.14655227197062975,4.708530876059247,0.015737459882858615,False
timer_xl,full,71,pmsm,insertion_4,rep2,0.050162785471436315,0.13700988461137392,1.8074991525716788,0.009656879077146484,False
timer_xl,raw,71,steel_industry,reference,rep0,0.2884803337043865,0.5096987309178278,0.0,0.0,False
timer_xl,full,71,steel_industry,reference,rep0,0.29306204476927855,0.540370259151475,0.0,0.0,False
timer_xl,raw,71,steel_industry,legal_gauge_direct,rep0,0.290446625687348,0.5115281662111834,0.6816034762967327,0.012466585642868153,False
timer_xl,full,71,steel_industry,legal_gauge_direct,rep0,0.29436490508875723,0.5409009828382111,0.4445680847222633,0.009724574153812303,False
timer_xl,raw,71,steel_industry,legal_gauge_canonical_preprocessing,rep0,0.28848033773487114,0.5096987303051744,1.3971436230164613e-06,2.001270876563698e-07,False
timer_xl,full,71,steel_industry,legal_gauge_canonical_preprocessing,rep0,0.2930620479918974,0.5403702619496643,1.0996370480853557e-06,1.7350838059840326e-07,False
timer_xl,raw,71,steel_industry,permutation,rep0,0.3039651000807305,0.5236368612970501,5.367702601249635,0.08816891578294103,False
timer_xl,full,71,steel_industry,permutation,rep0,0.30630767972052897,0.5543261870510469,4.519737437059934,0.07316171426569357,False
timer_xl,raw,71,steel_industry,deletion_30,rep0,0.30033440183310495,0.5187208783575414,4.109142545871292,0.08789854062233012,False
timer_xl,full,71,steel_industry,deletion_30,rep0,0.30208451197184116,0.5471757572219433,3.0786884086835054,0.07364226379775539,False
timer_xl,raw,71,steel_industry,deletion_50,rep0,0.30033440183310495,0.5187208783575414,4.109142545871292,0.08789854062233012,False
timer_xl,full,71,steel_industry,deletion_50,rep0,0.30208451197184116,0.5471757572219433,3.0786884086835054,0.07364226379775539,False
timer_xl,raw,71,steel_industry,insertion_1,rep0,0.28958502228062183,0.5111233936382265,0.3829337556740642,0.05985551046597497,False
timer_xl,full,71,steel_industry,insertion_1,rep0,0.29441475796386596,0.5434533315454009,0.4615791156621363,0.050558798831805515,False
timer_xl,raw,71,steel_industry,insertion_4,rep0,0.31480268308446535,0.5401142331204845,9.124486595697046,0.14572107742866022,False
timer_xl,full,71,steel_industry,insertion_4,rep0,0.3177718155805679,0.5734349290519004,8.43158343167325,0.12300791944315548,False
timer_xl,raw,71,steel_industry,permutation,rep1,0.3197010587316813,0.5376648852823788,10.822479517542249,0.11896687254316142,False
timer_xl,full,71,steel_industry,permutation,rep1,0.3178945781652792,0.5651808625571288,8.473473054332503,0.09438533764036335,False
timer_xl,raw,71,steel_industry,deletion_30,rep1,0.30033440183310495,0.5187208783575414,4.109142545871292,0.08789854062233012,False
timer_xl,full,71,steel_industry,deletion_30,rep1,0.30208451197184116,0.5471757572219433,3.0786884086835054,0.07364226379775539,False
timer_xl,raw,71,steel_industry,deletion_50,rep1,0.30033440183310495,0.5187208783575414,4.109142545871292,0.08789854062233012,False
timer_xl,full,71,steel_industry,deletion_50,rep1,0.30208451197184116,0.5471757572219433,3.0786884086835054,0.07364226379775539,False
timer_xl,raw,71,steel_industry,insertion_1,rep1,0.2904314489256864,0.5117159033824246,0.6763425417065871,0.058427555070534695,False
timer_xl,full,71,steel_industry,insertion_1,rep1,0.29495574056333573,0.5435427004196611,0.646175725535536,0.04899272399033391,False
timer_xl,raw,71,steel_industry,insertion_4,rep1,0.3185789208422253,0.5432161780319771,10.433497060732599,0.14930144157070072,False
timer_xl,full,71,steel_industry,insertion_4,rep1,0.3215219043716129,0.5778596257905428,9.711206248062654,0.12626926123604335,False
timer_xl,raw,71,steel_industry,permutation,rep2,0.3100825549213021,0.5313664053629129,7.488282109050792,0.1163438540367949,False
timer_xl,full,71,steel_industry,permutation,rep2,0.3126118812156161,0.5621464370030684,6.6708865222477876,0.09875537907142078,False
timer_xl,raw,71,steel_industry,deletion_30,rep2,0.30033440183310495,0.5187208783575414,4.109142545871292,0.08789854062233012,False
timer_xl,full,71,steel_industry,deletion_30,rep2,0.30208451197184116,0.5471757572219433,3.0786884086835054,0.07364226379775539,False
timer_xl,raw,71,steel_industry,deletion_50,rep2,0.30033440183310495,0.5187208783575414,4.109142545871292,0.08789854062233012,False
timer_xl,full,71,steel_industry,deletion_50,rep2,0.30208451197184116,0.5471757572219433,3.0786884086835054,0.07364226379775539,False
timer_xl,raw,71,steel_industry,insertion_1,rep2,0.2879779433566914,0.5090400354570338,-0.17415064009524972,0.05913998413598985,False
timer_xl,full,71,steel_industry,insertion_1,rep2,0.29355827015998426,0.5418050350633689,0.16932434600884783,0.049524554079009554,False
timer_xl,raw,71,steel_industry,insertion_4,rep2,0.31603061524088216,0.5391090286398728,9.550142008892415,0.14862957405063282,False
timer_xl,full,71,steel_industry,insertion_4,rep2,0.3196741731622429,0.5746360436159776,9.080714772844601,0.12618876879698118,False
