study,method,seed,identity,system,condition,replicate,sd_nmae,sd_nrmse
diagnostic,timer_xl,17,building_energy/condition/legal_gauge_canonical_preprocessing/replicate0,building_energy,legal_gauge_canonical_preprocessing,0,0.31611884337060314,0.5458788769833057
diagnostic,timer_xl,17,building_energy/condition/legal_gauge_direct/replicate0,building_energy,legal_gauge_direct,0,0.336499472616984,0.5550546978191325
diagnostic,timer_xl,17,building_energy/condition/reference/replicate0,building_energy,reference,0,0.3161194220594775,0.5458788650573827
diagnostic,timer_xl,17,building_energy/permutation/reference,building_energy,reference,0,0.3025900396756395,0.5030365340501957
diagnostic,timer_xl,17,building_energy/permutation/replicate0,building_energy,permutation,0,0.3071062974380002,0.5071891994155351
diagnostic,timer_xl,17,building_energy/permutation/replicate1,building_energy,permutation,1,0.3140864316533594,0.513572241391417
diagnostic,timer_xl,17,building_energy/permutation/replicate10,building_energy,permutation,10,0.30789762080611394,0.5061533157561611
diagnostic,timer_xl,17,building_energy/permutation/replicate11,building_energy,permutation,11,0.3158765956595395,0.5269097918402774
diagnostic,timer_xl,17,building_energy/permutation/replicate12,building_energy,permutation,12,0.3038100087681085,0.5032445500052162
diagnostic,timer_xl,17,building_energy/permutation/replicate13,building_energy,permutation,13,0.3058429125253583,0.5067244056785565
diagnostic,timer_xl,17,building_energy/permutation/replicate14,building_energy,permutation,14,0.3087126730834647,0.512659225157433
diagnostic,timer_xl,17,building_energy/permutation/replicate15,building_energy,permutation,15,0.3072254158909212,0.5086882491529416
diagnostic,timer_xl,17,building_energy/permutation/replicate16,building_energy,permutation,16,0.3087875896551193,0.5056420140887281
diagnostic,timer_xl,17,building_energy/permutation/replicate17,building_energy,permutation,17,0.3020509435872798,0.506500035146369
diagnostic,timer_xl,17,building_energy/permutation/replicate18,building_energy,permutation,18,0.3102603432224359,0.5231192515199903
diagnostic,timer_xl,17,building_energy/permutation/replicate19,building_energy,permutation,19,0.30415312359804286,0.5040178769986793
diagnostic,timer_xl,17,building_energy/permutation/replicate2,building_energy,permutation,2,0.3147225823427106,0.5212787560492032
diagnostic,timer_xl,17,building_energy/permutation/replicate20,building_energy,permutation,20,0.31741580233731287,0.527224786395192
diagnostic,timer_xl,17,building_energy/permutation/replicate21,building_energy,permutation,21,0.3116000830568411,0.5156527282869183
diagnostic,timer_xl,17,building_energy/permutation/replicate22,building_energy,permutation,22,0.31122028428199566,0.5083856428689516
diagnostic,timer_xl,17,building_energy/permutation/replicate23,building_energy,permutation,23,0.30369092926473035,0.5061351431993071
diagnostic,timer_xl,17,building_energy/permutation/replicate24,building_energy,permutation,24,0.31441170906772964,0.5213826344666075
diagnostic,timer_xl,17,building_energy/permutation/replicate25,building_energy,permutation,25,0.31458862998552595,0.5224209136206663
diagnostic,timer_xl,17,building_energy/permutation/replicate26,building_energy,permutation,26,0.31346990722467505,0.5261300672836179
diagnostic,timer_xl,17,building_energy/permutation/replicate27,building_energy,permutation,27,0.3110928614066031,0.5123265113327211
diagnostic,timer_xl,17,building_energy/permutation/replicate28,building_energy,permutation,28,0.3052489430655138,0.5078364996807117
diagnostic,timer_xl,17,building_energy/permutation/replicate29,building_energy,permutation,29,0.31186869827902297,0.5166815315866281
diagnostic,timer_xl,17,building_energy/permutation/replicate3,building_energy,permutation,3,0.3212365009157387,0.527777182215251
diagnostic,timer_xl,17,building_energy/permutation/replicate30,building_energy,permutation,30,0.31070534353669704,0.5191673691059848
diagnostic,timer_xl,17,building_energy/permutation/replicate31,building_energy,permutation,31,0.3032465608696407,0.5054874888999222
diagnostic,timer_xl,17,building_energy/permutation/replicate32,building_energy,permutation,32,0.312083492355086,0.5144983818799193
diagnostic,timer_xl,17,building_energy/permutation/replicate33,building_energy,permutation,33,0.3021089459424348,0.5037814340746877
diagnostic,timer_xl,17,building_energy/permutation/replicate34,building_energy,permutation,34,0.3146558252743434,0.5273080767321157
diagnostic,timer_xl,17,building_energy/permutation/replicate35,building_energy,permutation,35,0.3049422725086465,0.509711070572811
diagnostic,timer_xl,17,building_energy/permutation/replicate36,building_energy,permutation,36,0.3074908129580327,0.5146031399441279
diagnostic,timer_xl,17,building_energy/permutation/replicate37,building_energy,permutation,37,0.3197717782093617,0.5288164320428764
diagnostic,timer_xl,17,building_energy/permutation/replicate38,building_energy,permutation,38,0.30640344574867023,0.5069596521482099
diagnostic,timer_xl,17,building_energy/permutation/replicate39,building_energy,permutation,39,0.30021240707619434,0.5019196117631682
diagnostic,timer_xl,17,building_energy/permutation/replicate4,building_energy,permutation,4,0.30758850945506894,0.5105222196903878
diagnostic,timer_xl,17,building_energy/permutation/replicate40,building_energy,permutation,40,0.30481128814772573,0.505440375656831
diagnostic,timer_xl,17,building_energy/permutation/replicate41,building_energy,permutation,41,0.31100802009434597,0.5110628699732558
diagnostic,timer_xl,17,building_energy/permutation/replicate42,building_energy,permutation,42,0.30255233147160193,0.5144598314404121
diagnostic,timer_xl,17,building_energy/permutation/replicate43,building_energy,permutation,43,0.31421260192733275,0.5194451447851132
diagnostic,timer_xl,17,building_energy/permutation/replicate44,building_energy,permutation,44,0.30897108432078224,0.5092224824861014
diagnostic,timer_xl,17,building_energy/permutation/replicate45,building_energy,permutation,45,0.31454154150061725,0.5228599454508198
diagnostic,timer_xl,17,building_energy/permutation/replicate46,building_energy,permutation,46,0.30947314494643474,0.5126429334818995
diagnostic,timer_xl,17,building_energy/permutation/replicate47,building_energy,permutation,47,0.3163713719810251,0.5175111396785574
diagnostic,timer_xl,17,building_energy/permutation/replicate48,building_energy,permutation,48,0.314076003304012,0.513295104016489
diagnostic,timer_xl,17,building_energy/permutation/replicate49,building_energy,permutation,49,0.3049357194170221,0.5074042606976124
diagnostic,timer_xl,17,building_energy/permutation/replicate5,building_energy,permutation,5,0.30583827924474505,0.5102059325423708
diagnostic,timer_xl,17,building_energy/permutation/replicate50,building_energy,permutation,50,0.3130626229335409,0.5164721507413312
diagnostic,timer_xl,17,building_energy/permutation/replicate51,building_energy,permutation,51,0.30490684652642175,0.5100498229444315
diagnostic,timer_xl,17,building_energy/permutation/replicate52,building_energy,permutation,52,0.31108589614954485,0.5156421876544125
diagnostic,timer_xl,17,building_energy/permutation/replicate53,building_energy,permutation,53,0.3063167699589663,0.5091657444867193
diagnostic,timer_xl,17,building_energy/permutation/replicate54,building_energy,permutation,54,0.30594691891522946,0.5057697592012439
diagnostic,timer_xl,17,building_energy/permutation/replicate55,building_energy,permutation,55,0.30344883167867986,0.5038400962468874
diagnostic,timer_xl,17,building_energy/permutation/replicate56,building_energy,permutation,56,0.3190169508042185,0.527820043090024
diagnostic,timer_xl,17,building_energy/permutation/replicate57,building_energy,permutation,57,0.30500140809190857,0.5069317735611891
diagnostic,timer_xl,17,building_energy/permutation/replicate58,building_energy,permutation,58,0.3069817674303798,0.5084912631811057
diagnostic,timer_xl,17,building_energy/permutation/replicate59,building_energy,permutation,59,0.3081290035923081,0.5113190313277662
diagnostic,timer_xl,17,building_energy/permutation/replicate6,building_energy,permutation,6,0.3138426687073758,0.5179039467945358
diagnostic,timer_xl,17,building_energy/permutation/replicate60,building_energy,permutation,60,0.3069933540644313,0.5074466692163325
diagnostic,timer_xl,17,building_energy/permutation/replicate61,building_energy,permutation,61,0.30923030520960826,0.5187786901099013
diagnostic,timer_xl,17,building_energy/permutation/replicate62,building_energy,permutation,62,0.30954098601135693,0.5124255804791404
diagnostic,timer_xl,17,building_energy/permutation/replicate63,building_energy,permutation,63,0.30417514266480783,0.5054820619082424
diagnostic,timer_xl,17,building_energy/permutation/replicate64,building_energy,permutation,64,0.31137217232960146,0.5125847199954238
diagnostic,timer_xl,17,building_energy/permutation/replicate65,building_energy,permutation,65,0.30935187279095877,0.5109314774078829
diagnostic,timer_xl,17,building_energy/permutation/replicate66,building_energy,permutation,66,0.313230335676783,0.5163358448421377
diagnostic,timer_xl,17,building_energy/permutation/replicate67,building_energy,permutation,67,0.31536235028132037,0.5162082758069333
diagnostic,timer_xl,17,building_energy/permutation/replicate68,building_energy,permutation,68,0.31109833878054327,0.5145018075715452
diagnostic,timer_xl,17,building_energy/permutation/replicate69,building_energy,permutation,69,0.30682597197551764,0.5113990687691129
diagnostic,timer_xl,17,building_energy/permutation/replicate7,building_energy,permutation,7,0.30314122224777146,0.5048569264411671
diagnostic,timer_xl,17,building_energy/permutation/replicate70,building_energy,permutation,70,0.30680990976417594,0.5106548993593579
diagnostic,timer_xl,17,building_energy/permutation/replicate71,building_energy,permutation,71,0.30761895541449885,0.5079850458805949
diagnostic,timer_xl,17,building_energy/permutation/replicate72,building_energy,permutation,72,0.3047242540918291,0.5070403373593064
diagnostic,timer_xl,17,building_energy/permutation/replicate73,building_energy,permutation,73,0.30947205923593624,0.5079721543807011
diagnostic,timer_xl,17,building_energy/permutation/replicate74,building_energy,permutation,74,0.30857535913755896,0.5101778184143549
diagnostic,timer_xl,17,building_energy/permutation/replicate75,building_energy,permutation,75,0.30838195303201893,0.5109007832024808
diagnostic,timer_xl,17,building_energy/permutation/replicate76,building_energy,permutation,76,0.3063254824918737,0.5042972308842921
diagnostic,timer_xl,17,building_energy/permutation/replicate77,building_energy,permutation,77,0.31155208395356276,0.519380164225668
diagnostic,timer_xl,17,building_energy/permutation/replicate78,building_energy,permutation,78,0.30432760192514197,0.5083558924068319
diagnostic,timer_xl,17,building_energy/permutation/replicate79,building_energy,permutation,79,0.3062979484243993,0.5102417616944249
diagnostic,timer_xl,17,building_energy/permutation/replicate8,building_energy,permutation,8,0.30825490506106257,0.5086665403633018
diagnostic,timer_xl,17,building_energy/permutation/replicate80,building_energy,permutation,80,0.31246826013197876,0.5231323525186649
diagnostic,timer_xl,17,building_energy/permutation/replicate81,building_energy,permutation,81,0.29847346148543624,0.5022307798547976
diagnostic,timer_xl,17,building_energy/permutation/replicate82,building_energy,permutation,82,0.30429587783541023,0.5064239395784216
diagnostic,timer_xl,17,building_energy/permutation/replicate83,building_energy,permutation,83,0.30587528002918934,0.5086259419939995
diagnostic,timer_xl,17,building_energy/permutation/replicate84,building_energy,permutation,84,0.3159083277836999,0.5216847384904932
diagnostic,timer_xl,17,building_energy/permutation/replicate85,building_energy,permutation,85,0.30848869369069953,0.5111495290142802
diagnostic,timer_xl,17,building_energy/permutation/replicate86,building_energy,permutation,86,0.3049542685485805,0.5099981961556777
diagnostic,timer_xl,17,building_energy/permutation/replicate87,building_energy,permutation,87,0.3197865616401569,0.5257365424135956
diagnostic,timer_xl,17,building_energy/permutation/replicate88,building_energy,permutation,88,0.3123774189177552,0.5154363011692525
diagnostic,timer_xl,17,building_energy/permutation/replicate89,building_energy,permutation,89,0.3165034455667581,0.512995027228612
diagnostic,timer_xl,17,building_energy/permutation/replicate9,building_energy,permutation,9,0.3077551257772684,0.5150793528369164
diagnostic,timer_xl,17,building_energy/permutation/replicate90,building_energy,permutation,90,0.30093398690742,0.5028676297228506
diagnostic,timer_xl,17,building_energy/permutation/replicate91,building_energy,permutation,91,0.30519402960440034,0.5079880444586521
diagnostic,timer_xl,17,building_energy/permutation/replicate92,building_energy,permutation,92,0.30436096431527204,0.5082628959624086
diagnostic,timer_xl,17,building_energy/permutation/replicate93,building_energy,permutation,93,0.3161110353572493,0.5190757141939792
diagnostic,timer_xl,17,building_energy/permutation/replicate94,building_energy,permutation,94,0.30471079040456595,0.5076024549417365
diagnostic,timer_xl,17,building_energy/permutation/replicate95,building_energy,permutation,95,0.3088161949789055,0.5145280603902294
diagnostic,timer_xl,17,building_energy/permutation/replicate96,building_energy,permutation,96,0.3045638605465195,0.5065485124074924
diagnostic,timer_xl,17,building_energy/permutation/replicate97,building_energy,permutation,97,0.30755232150902323,0.5130078986208947
diagnostic,timer_xl,17,building_energy/permutation/replicate98,building_energy,permutation,98,0.3122922676853964,0.5159270253856647
diagnostic,timer_xl,17,building_energy/permutation/replicate99,building_energy,permutation,99,0.3107531483029241,0.5131304112164795
diagnostic,timer_xl,17,hydraulic/condition/legal_gauge_canonical_preprocessing/replicate0,hydraulic,legal_gauge_canonical_preprocessing,0,0.046434162291773134,0.0838965933930969
diagnostic,timer_xl,17,hydraulic/condition/legal_gauge_direct/replicate0,hydraulic,legal_gauge_direct,0,1.1317627059720914,1.359836039387338
diagnostic,timer_xl,17,hydraulic/condition/reference/replicate0,hydraulic,reference,0,0.04643412191484026,0.08389712837518774
diagnostic,timer_xl,17,hydraulic/permutation/reference,hydraulic,reference,0,0.04281366457433723,0.08495705197246478
diagnostic,timer_xl,17,hydraulic/permutation/replicate0,hydraulic,permutation,0,0.05030543561783754,0.09919170399605433
diagnostic,timer_xl,17,hydraulic/permutation/replicate1,hydraulic,permutation,1,0.04865617712651598,0.09601664818216371
diagnostic,timer_xl,17,hydraulic/permutation/replicate10,hydraulic,permutation,10,0.05062920194787608,0.10356101374527032
diagnostic,timer_xl,17,hydraulic/permutation/replicate11,hydraulic,permutation,11,0.05006060613974741,0.1004119559980571
diagnostic,timer_xl,17,hydraulic/permutation/replicate12,hydraulic,permutation,12,0.0504525092631726,0.09716590391098151
diagnostic,timer_xl,17,hydraulic/permutation/replicate13,hydraulic,permutation,13,0.04919479372003342,0.09626778262116362
diagnostic,timer_xl,17,hydraulic/permutation/replicate14,hydraulic,permutation,14,0.04811498913951382,0.09561765647188517
diagnostic,timer_xl,17,hydraulic/permutation/replicate15,hydraulic,permutation,15,0.05181215198925313,0.09973054656445843
diagnostic,timer_xl,17,hydraulic/permutation/replicate16,hydraulic,permutation,16,0.04951139149856418,0.10203387092526135
diagnostic,timer_xl,17,hydraulic/permutation/replicate17,hydraulic,permutation,17,0.049909202275503634,0.09662531923796047
diagnostic,timer_xl,17,hydraulic/permutation/replicate18,hydraulic,permutation,18,0.05359232925957215,0.10487970983614456
diagnostic,timer_xl,17,hydraulic/permutation/replicate19,hydraulic,permutation,19,0.047840459175335484,0.09401296028334535
diagnostic,timer_xl,17,hydraulic/permutation/replicate2,hydraulic,permutation,2,0.05451330972185083,0.10405177382139998
diagnostic,timer_xl,17,hydraulic/permutation/replicate20,hydraulic,permutation,20,0.04828442849929007,0.09753516934630171
diagnostic,timer_xl,17,hydraulic/permutation/replicate21,hydraulic,permutation,21,0.050273139096138786,0.09734831605215119
diagnostic,timer_xl,17,hydraulic/permutation/replicate22,hydraulic,permutation,22,0.0469977443418455,0.08969047316106177
diagnostic,timer_xl,17,hydraulic/permutation/replicate23,hydraulic,permutation,23,0.05457366471661567,0.10355537857799041
diagnostic,timer_xl,17,hydraulic/permutation/replicate24,hydraulic,permutation,24,0.04738258076969185,0.09439348735744627
diagnostic,timer_xl,17,hydraulic/permutation/replicate25,hydraulic,permutation,25,0.04700955577941132,0.09408656046327801
diagnostic,timer_xl,17,hydraulic/permutation/replicate26,hydraulic,permutation,26,0.0480999262984632,0.09392171066184733
diagnostic,timer_xl,17,hydraulic/permutation/replicate27,hydraulic,permutation,27,0.05090835980727233,0.09625693798646945
diagnostic,timer_xl,17,hydraulic/permutation/replicate28,hydraulic,permutation,28,0.04624120656606968,0.09207646075552217
diagnostic,timer_xl,17,hydraulic/permutation/replicate29,hydraulic,permutation,29,0.052005080593621016,0.10313810376341218
diagnostic,timer_xl,17,hydraulic/permutation/replicate3,hydraulic,permutation,3,0.050854742175259364,0.09915771090508042
diagnostic,timer_xl,17,hydraulic/permutation/replicate30,hydraulic,permutation,30,0.04681865325233555,0.09449209439504726
diagnostic,timer_xl,17,hydraulic/permutation/replicate31,hydraulic,permutation,31,0.049875090887317675,0.09764435677088901
diagnostic,timer_xl,17,hydraulic/permutation/replicate32,hydraulic,permutation,32,0.05614762621180852,0.09908698510590383
diagnostic,timer_xl,17,hydraulic/permutation/replicate33,hydraulic,permutation,33,0.04628559834521989,0.0940333355403367
diagnostic,timer_xl,17,hydraulic/permutation/replicate34,hydraulic,permutation,34,0.045903131859120615,0.0870763696361206
diagnostic,timer_xl,17,hydraulic/permutation/replicate35,hydraulic,permutation,35,0.04940128861012963,0.09477407766214921
diagnostic,timer_xl,17,hydraulic/permutation/replicate36,hydraulic,permutation,36,0.0474093026940468,0.0970424595345623
diagnostic,timer_xl,17,hydraulic/permutation/replicate37,hydraulic,permutation,37,0.04701955935079407,0.09777373144179621
diagnostic,timer_xl,17,hydraulic/permutation/replicate38,hydraulic,permutation,38,0.0475396768738053,0.10159722484344863
diagnostic,timer_xl,17,hydraulic/permutation/replicate39,hydraulic,permutation,39,0.0565657143971114,0.10778134411771811
diagnostic,timer_xl,17,hydraulic/permutation/replicate4,hydraulic,permutation,4,0.047598313421103704,0.0951899589638128
diagnostic,timer_xl,17,hydraulic/permutation/replicate40,hydraulic,permutation,40,0.04850049485914472,0.09624663792607158
diagnostic,timer_xl,17,hydraulic/permutation/replicate41,hydraulic,permutation,41,0.050659244065135396,0.09984819503065681
diagnostic,timer_xl,17,hydraulic/permutation/replicate42,hydraulic,permutation,42,0.049971652654819794,0.10487066305598633
diagnostic,timer_xl,17,hydraulic/permutation/replicate43,hydraulic,permutation,43,0.047480536368292844,0.10069310305529308
diagnostic,timer_xl,17,hydraulic/permutation/replicate44,hydraulic,permutation,44,0.04740413041210527,0.09893598789467681
diagnostic,timer_xl,17,hydraulic/permutation/replicate45,hydraulic,permutation,45,0.0488219131972384,0.09896812808173693
diagnostic,timer_xl,17,hydraulic/permutation/replicate46,hydraulic,permutation,46,0.055670592727554306,0.09977469431706752
diagnostic,timer_xl,17,hydraulic/permutation/replicate47,hydraulic,permutation,47,0.05225965327239348,0.10372709071916768
diagnostic,timer_xl,17,hydraulic/permutation/replicate48,hydraulic,permutation,48,0.048835047303018575,0.09584563758482585
diagnostic,timer_xl,17,hydraulic/permutation/replicate49,hydraulic,permutation,49,0.052565929821918274,0.09827149289603597
diagnostic,timer_xl,17,hydraulic/permutation/replicate5,hydraulic,permutation,5,0.05023292014194587,0.09257484681442657
diagnostic,timer_xl,17,hydraulic/permutation/replicate50,hydraulic,permutation,50,0.05171806817235286,0.09806145207939382
diagnostic,timer_xl,17,hydraulic/permutation/replicate51,hydraulic,permutation,51,0.04859685188146859,0.09338306521950387
diagnostic,timer_xl,17,hydraulic/permutation/replicate52,hydraulic,permutation,52,0.052187663406011414,0.10498359642170185
diagnostic,timer_xl,17,hydraulic/permutation/replicate53,hydraulic,permutation,53,0.0520999297164276,0.09757101989551947
diagnostic,timer_xl,17,hydraulic/permutation/replicate54,hydraulic,permutation,54,0.04720750039346522,0.09431595817831284
diagnostic,timer_xl,17,hydraulic/permutation/replicate55,hydraulic,permutation,55,0.04933820337127316,0.10136616346883714
diagnostic,timer_xl,17,hydraulic/permutation/replicate56,hydraulic,permutation,56,0.04757280549022831,0.0933108871792186
diagnostic,timer_xl,17,hydraulic/permutation/replicate57,hydraulic,permutation,57,0.04892000552412244,0.09905248743277358
diagnostic,timer_xl,17,hydraulic/permutation/replicate58,hydraulic,permutation,58,0.049045408546263304,0.09660066008735421
diagnostic,timer_xl,17,hydraulic/permutation/replicate59,hydraulic,permutation,59,0.049823753648565505,0.09345322030526489
diagnostic,timer_xl,17,hydraulic/permutation/replicate6,hydraulic,permutation,6,0.04701342228502367,0.09442589091410425
diagnostic,timer_xl,17,hydraulic/permutation/replicate60,hydraulic,permutation,60,0.053593679605127384,0.10566147835722882
diagnostic,timer_xl,17,hydraulic/permutation/replicate61,hydraulic,permutation,61,0.04938597986334346,0.09843686986994465
diagnostic,timer_xl,17,hydraulic/permutation/replicate62,hydraulic,permutation,62,0.05367022281115387,0.10293514654841501
diagnostic,timer_xl,17,hydraulic/permutation/replicate63,hydraulic,permutation,63,0.04848516675138951,0.09619772870368795
diagnostic,timer_xl,17,hydraulic/permutation/replicate64,hydraulic,permutation,64,0.05020587591080243,0.1001755716063344
diagnostic,timer_xl,17,hydraulic/permutation/replicate65,hydraulic,permutation,65,0.0507327596665256,0.09693497216646045
diagnostic,timer_xl,17,hydraulic/permutation/replicate66,hydraulic,permutation,66,0.05290188606081553,0.09927653434213612
diagnostic,timer_xl,17,hydraulic/permutation/replicate67,hydraulic,permutation,67,0.04729377277116253,0.09687544306157844
diagnostic,timer_xl,17,hydraulic/permutation/replicate68,hydraulic,permutation,68,0.04640987898972873,0.09442547567534557
diagnostic,timer_xl,17,hydraulic/permutation/replicate69,hydraulic,permutation,69,0.048888739057392584,0.09837218948590759
diagnostic,timer_xl,17,hydraulic/permutation/replicate7,hydraulic,permutation,7,0.053558769177801974,0.10001616800197016
diagnostic,timer_xl,17,hydraulic/permutation/replicate70,hydraulic,permutation,70,0.046940654182907986,0.0949068511384824
diagnostic,timer_xl,17,hydraulic/permutation/replicate71,hydraulic,permutation,71,0.051797817834432415,0.09655209642816676
diagnostic,timer_xl,17,hydraulic/permutation/replicate72,hydraulic,permutation,72,0.05020825643184565,0.10122019916278585
diagnostic,timer_xl,17,hydraulic/permutation/replicate73,hydraulic,permutation,73,0.05211204191802994,0.09500527596357627
diagnostic,timer_xl,17,hydraulic/permutation/replicate74,hydraulic,permutation,74,0.047331666763532204,0.09657204024861606
diagnostic,timer_xl,17,hydraulic/permutation/replicate75,hydraulic,permutation,75,0.04805917466528587,0.09887987977405904
diagnostic,timer_xl,17,hydraulic/permutation/replicate76,hydraulic,permutation,76,0.04776529799593999,0.09491449711188443
diagnostic,timer_xl,17,hydraulic/permutation/replicate77,hydraulic,permutation,77,0.050175255245688645,0.09985455733860835
diagnostic,timer_xl,17,hydraulic/permutation/replicate78,hydraulic,permutation,78,0.05080172854672757,0.09684659084872771
diagnostic,timer_xl,17,hydraulic/permutation/replicate79,hydraulic,permutation,79,0.04782244608686961,0.09502429405857349
diagnostic,timer_xl,17,hydraulic/permutation/replicate8,hydraulic,permutation,8,0.05008177069132765,0.09806877481655621
diagnostic,timer_xl,17,hydraulic/permutation/replicate80,hydraulic,permutation,80,0.05727681670575373,0.10099795405512575
diagnostic,timer_xl,17,hydraulic/permutation/replicate81,hydraulic,permutation,81,0.045600498034186074,0.08958604511688918
diagnostic,timer_xl,17,hydraulic/permutation/replicate82,hydraulic,permutation,82,0.04751138800593253,0.09437557720108788
diagnostic,timer_xl,17,hydraulic/permutation/replicate83,hydraulic,permutation,83,0.048393688885921174,0.09702985354527019
diagnostic,timer_xl,17,hydraulic/permutation/replicate84,hydraulic,permutation,84,0.051689669925074594,0.10402519641382614
diagnostic,timer_xl,17,hydraulic/permutation/replicate85,hydraulic,permutation,85,0.04798001128964546,0.09684410996072992
diagnostic,timer_xl,17,hydraulic/permutation/replicate86,hydraulic,permutation,86,0.05050861716046463,0.09794202855522402
diagnostic,timer_xl,17,hydraulic/permutation/replicate87,hydraulic,permutation,87,0.046719049633408526,0.09103481057918753
diagnostic,timer_xl,17,hydraulic/permutation/replicate88,hydraulic,permutation,88,0.05002704955942151,0.09686545878673145
diagnostic,timer_xl,17,hydraulic/permutation/replicate89,hydraulic,permutation,89,0.049635477298236204,0.09933081208115721
diagnostic,timer_xl,17,hydraulic/permutation/replicate9,hydraulic,permutation,9,0.04852386266711607,0.09637447653547734
diagnostic,timer_xl,17,hydraulic/permutation/replicate90,hydraulic,permutation,90,0.04619298380973786,0.09091618922727301
diagnostic,timer_xl,17,hydraulic/permutation/replicate91,hydraulic,permutation,91,0.05156976846689136,0.09812915052763539
diagnostic,timer_xl,17,hydraulic/permutation/replicate92,hydraulic,permutation,92,0.05246307773673677,0.10506572599686412
diagnostic,timer_xl,17,hydraulic/permutation/replicate93,hydraulic,permutation,93,0.05133926129935065,0.09899728374786251
diagnostic,timer_xl,17,hydraulic/permutation/replicate94,hydraulic,permutation,94,0.05737588084799433,0.11311202657726273
diagnostic,timer_xl,17,hydraulic/permutation/replicate95,hydraulic,permutation,95,0.04869898331234017,0.09473285375290665
diagnostic,timer_xl,17,hydraulic/permutation/replicate96,hydraulic,permutation,96,0.04973636804994813,0.1009295451759829
diagnostic,timer_xl,17,hydraulic/permutation/replicate97,hydraulic,permutation,97,0.0480154967244804,0.0958711339219678
diagnostic,timer_xl,17,hydraulic/permutation/replicate98,hydraulic,permutation,98,0.047591455796724656,0.0920074706796484
diagnostic,timer_xl,17,hydraulic/permutation/replicate99,hydraulic,permutation,99,0.050620231555146326,0.10468617209953449
diagnostic,timer_xl,17,metropt/condition/legal_gauge_canonical_preprocessing/replicate0,metropt,legal_gauge_canonical_preprocessing,0,0.4255044381232999,0.8996536518893345
diagnostic,timer_xl,17,metropt/condition/legal_gauge_direct/replicate0,metropt,legal_gauge_direct,0,0.42896688699773805,0.9198009235840943
diagnostic,timer_xl,17,metropt/condition/reference/replicate0,metropt,reference,0,0.4255038481226594,0.8996532400236217
diagnostic,timer_xl,17,metropt/permutation/reference,metropt,reference,0,0.29208656055179216,0.6646745316099016
diagnostic,timer_xl,17,metropt/permutation/replicate0,metropt,permutation,0,0.3219835670718855,0.6678712663407268
diagnostic,timer_xl,17,metropt/permutation/replicate1,metropt,permutation,1,0.35375351773305275,0.7334262023165687
diagnostic,timer_xl,17,metropt/permutation/replicate10,metropt,permutation,10,0.3276938586899839,0.7024783636176468
diagnostic,timer_xl,17,metropt/permutation/replicate11,metropt,permutation,11,0.3649068665982891,0.7373719199646878
diagnostic,timer_xl,17,metropt/permutation/replicate12,metropt,permutation,12,0.34472413882649605,0.6839691216918051
diagnostic,timer_xl,17,metropt/permutation/replicate13,metropt,permutation,13,0.3265031652844772,0.694015285160318
diagnostic,timer_xl,17,metropt/permutation/replicate14,metropt,permutation,14,0.3261349328460048,0.7118874709297576
diagnostic,timer_xl,17,metropt/permutation/replicate15,metropt,permutation,15,0.34352636639989115,0.6701080841435566
diagnostic,timer_xl,17,metropt/permutation/replicate16,metropt,permutation,16,0.3382904292250021,0.714566497193472
diagnostic,timer_xl,17,metropt/permutation/replicate17,metropt,permutation,17,0.3436129098969458,0.6807791816788832
diagnostic,timer_xl,17,metropt/permutation/replicate18,metropt,permutation,18,0.33897361676143617,0.6878787475623049
diagnostic,timer_xl,17,metropt/permutation/replicate19,metropt,permutation,19,0.3541693452940266,0.7335149226109348
diagnostic,timer_xl,17,metropt/permutation/replicate2,metropt,permutation,2,0.35068444030154255,0.7025719949216511
diagnostic,timer_xl,17,metropt/permutation/replicate20,metropt,permutation,20,0.3719329666812631,0.7548699879956001
diagnostic,timer_xl,17,metropt/permutation/replicate21,metropt,permutation,21,0.3521468753521627,0.7158094833381514
diagnostic,timer_xl,17,metropt/permutation/replicate22,metropt,permutation,22,0.34796043528743936,0.7108312476449772
diagnostic,timer_xl,17,metropt/permutation/replicate23,metropt,permutation,23,0.3447611942811066,0.7144919438116594
diagnostic,timer_xl,17,metropt/permutation/replicate24,metropt,permutation,24,0.33876285633077374,0.6927750392923513
diagnostic,timer_xl,17,metropt/permutation/replicate25,metropt,permutation,25,0.35642207816082633,0.7296637398006827
diagnostic,timer_xl,17,metropt/permutation/replicate26,metropt,permutation,26,0.3556651425170659,0.7392918653089713
diagnostic,timer_xl,17,metropt/permutation/replicate27,metropt,permutation,27,0.3350148349028711,0.6777837133039112
diagnostic,timer_xl,17,metropt/permutation/replicate28,metropt,permutation,28,0.33704282560411647,0.6868802292019088
diagnostic,timer_xl,17,metropt/permutation/replicate29,metropt,permutation,29,0.378178138594118,0.7504664366333096
diagnostic,timer_xl,17,metropt/permutation/replicate3,metropt,permutation,3,0.3545407415833547,0.7418194288163862
diagnostic,timer_xl,17,metropt/permutation/replicate30,metropt,permutation,30,0.3521802618967271,0.7213624883928399
diagnostic,timer_xl,17,metropt/permutation/replicate31,metropt,permutation,31,0.35651130361867783,0.7231678292531548
diagnostic,timer_xl,17,metropt/permutation/replicate32,metropt,permutation,32,0.3549949362350281,0.6667609545910618
diagnostic,timer_xl,17,metropt/permutation/replicate33,metropt,permutation,33,0.3469836843738832,0.6708152790348111
diagnostic,timer_xl,17,metropt/permutation/replicate34,metropt,permutation,34,0.33782572338546174,0.6741358068480273
diagnostic,timer_xl,17,metropt/permutation/replicate35,metropt,permutation,35,0.3344055770369786,0.6607616209210947
diagnostic,timer_xl,17,metropt/permutation/replicate36,metropt,permutation,36,0.33775587256393147,0.6916307468508137
diagnostic,timer_xl,17,metropt/permutation/replicate37,metropt,permutation,37,0.3567277879404854,0.6994798971381035
diagnostic,timer_xl,17,metropt/permutation/replicate38,metropt,permutation,38,0.350234037671735,0.664079505920494
diagnostic,timer_xl,17,metropt/permutation/replicate39,metropt,permutation,39,0.3806490057913816,0.7211391802805398
diagnostic,timer_xl,17,metropt/permutation/replicate4,metropt,permutation,4,0.3542453820757996,0.6966635660832542
diagnostic,timer_xl,17,metropt/permutation/replicate40,metropt,permutation,40,0.3591432258890548,0.7359129365507433
diagnostic,timer_xl,17,metropt/permutation/replicate41,metropt,permutation,41,0.3518309428610991,0.7142132324723006
diagnostic,timer_xl,17,metropt/permutation/replicate42,metropt,permutation,42,0.35428974628298804,0.713829635827205
diagnostic,timer_xl,17,metropt/permutation/replicate43,metropt,permutation,43,0.3294987039690909,0.6847737901200115
diagnostic,timer_xl,17,metropt/permutation/replicate44,metropt,permutation,44,0.3545280968680062,0.6804053211017982
diagnostic,timer_xl,17,metropt/permutation/replicate45,metropt,permutation,45,0.3447668152530292,0.7146945416726707
diagnostic,timer_xl,17,metropt/permutation/replicate46,metropt,permutation,46,0.3278358015355254,0.6940751468395825
diagnostic,timer_xl,17,metropt/permutation/replicate47,metropt,permutation,47,0.36739407677709346,0.6808065946178925
diagnostic,timer_xl,17,metropt/permutation/replicate48,metropt,permutation,48,0.34170946211270614,0.6767981467389284
diagnostic,timer_xl,17,metropt/permutation/replicate49,metropt,permutation,49,0.35621162330090517,0.7183420459324346
diagnostic,timer_xl,17,metropt/permutation/replicate5,metropt,permutation,5,0.34962272749566486,0.7283613627501424
diagnostic,timer_xl,17,metropt/permutation/replicate50,metropt,permutation,50,0.35827121456132915,0.7280140599734657
diagnostic,timer_xl,17,metropt/permutation/replicate51,metropt,permutation,51,0.351325713623541,0.6730437746199656
diagnostic,timer_xl,17,metropt/permutation/replicate52,metropt,permutation,52,0.34250103161904694,0.6630846257219196
diagnostic,timer_xl,17,metropt/permutation/replicate53,metropt,permutation,53,0.3471986658754872,0.6900754482003599
diagnostic,timer_xl,17,metropt/permutation/replicate54,metropt,permutation,54,0.3584723130817096,0.699393827832152
diagnostic,timer_xl,17,metropt/permutation/replicate55,metropt,permutation,55,0.3283946539933056,0.7133337069512804
diagnostic,timer_xl,17,metropt/permutation/replicate56,metropt,permutation,56,0.3155932491529388,0.6547986326989947
diagnostic,timer_xl,17,metropt/permutation/replicate57,metropt,permutation,57,0.336220804957471,0.7115990097876744
diagnostic,timer_xl,17,metropt/permutation/replicate58,metropt,permutation,58,0.32552948852194663,0.6731325031551865
diagnostic,timer_xl,17,metropt/permutation/replicate59,metropt,permutation,59,0.33578459290230556,0.6894452365708409
diagnostic,timer_xl,17,metropt/permutation/replicate6,metropt,permutation,6,0.3445528280118582,0.6831472224097671
diagnostic,timer_xl,17,metropt/permutation/replicate60,metropt,permutation,60,0.3433728466174118,0.68825360681174
diagnostic,timer_xl,17,metropt/permutation/replicate61,metropt,permutation,61,0.3679149096164355,0.6893033933914036
diagnostic,timer_xl,17,metropt/permutation/replicate62,metropt,permutation,62,0.32918649626061525,0.6543173108111611
diagnostic,timer_xl,17,metropt/permutation/replicate63,metropt,permutation,63,0.34690641740876715,0.7301945401739094
diagnostic,timer_xl,17,metropt/permutation/replicate64,metropt,permutation,64,0.34179787741207107,0.6720931191188619
diagnostic,timer_xl,17,metropt/permutation/replicate65,metropt,permutation,65,0.3509219446045548,0.7417947339639389
diagnostic,timer_xl,17,metropt/permutation/replicate66,metropt,permutation,66,0.34752503639108223,0.7300036820004497
diagnostic,timer_xl,17,metropt/permutation/replicate67,metropt,permutation,67,0.3601635398932592,0.7435727553719143
diagnostic,timer_xl,17,metropt/permutation/replicate68,metropt,permutation,68,0.36508197858954755,0.7310521611453247
diagnostic,timer_xl,17,metropt/permutation/replicate69,metropt,permutation,69,0.3823714326642831,0.7668505148307526
diagnostic,timer_xl,17,metropt/permutation/replicate7,metropt,permutation,7,0.34476442964166293,0.6784264367519175
diagnostic,timer_xl,17,metropt/permutation/replicate70,metropt,permutation,70,0.3407410132745474,0.6914382919969115
diagnostic,timer_xl,17,metropt/permutation/replicate71,metropt,permutation,71,0.3470737753368463,0.6653733682402743
diagnostic,timer_xl,17,metropt/permutation/replicate72,metropt,permutation,72,0.34037288318448783,0.7150949460179439
diagnostic,timer_xl,17,metropt/permutation/replicate73,metropt,permutation,73,0.3373040742962814,0.7149105096816276
diagnostic,timer_xl,17,metropt/permutation/replicate74,metropt,permutation,74,0.3384813901803988,0.6712069467104476
diagnostic,timer_xl,17,metropt/permutation/replicate75,metropt,permutation,75,0.3496446426580926,0.6742619014855858
diagnostic,timer_xl,17,metropt/permutation/replicate76,metropt,permutation,76,0.3493181589718321,0.7106270664935378
diagnostic,timer_xl,17,metropt/permutation/replicate77,metropt,permutation,77,0.34350221253024615,0.6819462447056543
diagnostic,timer_xl,17,metropt/permutation/replicate78,metropt,permutation,78,0.36957695888237696,0.7679774541916711
diagnostic,timer_xl,17,metropt/permutation/replicate79,metropt,permutation,79,0.31873547166598154,0.6998420539299404
diagnostic,timer_xl,17,metropt/permutation/replicate8,metropt,permutation,8,0.3294916622048564,0.7050482115293472
diagnostic,timer_xl,17,metropt/permutation/replicate80,metropt,permutation,80,0.3608141694955247,0.7328526758098213
diagnostic,timer_xl,17,metropt/permutation/replicate81,metropt,permutation,81,0.33529412099985856,0.6957853496068144
diagnostic,timer_xl,17,metropt/permutation/replicate82,metropt,permutation,82,0.3402296614463157,0.6788699049416861
diagnostic,timer_xl,17,metropt/permutation/replicate83,metropt,permutation,83,0.3454337952870016,0.6977748028396639
diagnostic,timer_xl,17,metropt/permutation/replicate84,metropt,permutation,84,0.34207766790864036,0.7205568403384806
diagnostic,timer_xl,17,metropt/permutation/replicate85,metropt,permutation,85,0.3715910986876399,0.751693925711004
diagnostic,timer_xl,17,metropt/permutation/replicate86,metropt,permutation,86,0.338069262969925,0.6759154200031405
diagnostic,timer_xl,17,metropt/permutation/replicate87,metropt,permutation,87,0.35316060428839485,0.7363388298315698
diagnostic,timer_xl,17,metropt/permutation/replicate88,metropt,permutation,88,0.34870693934171115,0.7022960724593545
diagnostic,timer_xl,17,metropt/permutation/replicate89,metropt,permutation,89,0.34796779985750154,0.7225459490611216
diagnostic,timer_xl,17,metropt/permutation/replicate9,metropt,permutation,9,0.34814070795920443,0.7439935583841695
diagnostic,timer_xl,17,metropt/permutation/replicate90,metropt,permutation,90,0.317026646272149,0.6584451212245431
diagnostic,timer_xl,17,metropt/permutation/replicate91,metropt,permutation,91,0.353179561986504,0.7444955847420012
diagnostic,timer_xl,17,metropt/permutation/replicate92,metropt,permutation,92,0.3545865472499119,0.7321281225910152
diagnostic,timer_xl,17,metropt/permutation/replicate93,metropt,permutation,93,0.33783337858064855,0.6821098435174022
diagnostic,timer_xl,17,metropt/permutation/replicate94,metropt,permutation,94,0.35762809381991223,0.6964848588730361
diagnostic,timer_xl,17,metropt/permutation/replicate95,metropt,permutation,95,0.32433063619358915,0.6953176984980565
diagnostic,timer_xl,17,metropt/permutation/replicate96,metropt,permutation,96,0.3554269982914657,0.6653793052281581
diagnostic,timer_xl,17,metropt/permutation/replicate97,metropt,permutation,97,0.3493421830669757,0.7031194003103473
diagnostic,timer_xl,17,metropt/permutation/replicate98,metropt,permutation,98,0.34221419788249396,0.7057137752754632
diagnostic,timer_xl,17,metropt/permutation/replicate99,metropt,permutation,99,0.3348749408911922,0.6411646456859337
diagnostic,timer_xl,17,pmsm/condition/legal_gauge_canonical_preprocessing/replicate0,pmsm,legal_gauge_canonical_preprocessing,0,0.07109688724722166,0.20277977990816243
diagnostic,timer_xl,17,pmsm/condition/legal_gauge_direct/replicate0,pmsm,legal_gauge_direct,0,0.07222753841047906,0.2026454689854562
diagnostic,timer_xl,17,pmsm/condition/reference/replicate0,pmsm,reference,0,0.07109701334643535,0.2027796392417281
diagnostic,timer_xl,17,pmsm/permutation/reference,pmsm,reference,0,0.09425786024151246,0.2573302085633936
diagnostic,timer_xl,17,pmsm/permutation/replicate0,pmsm,permutation,0,0.09373779537132623,0.263333725993657
diagnostic,timer_xl,17,pmsm/permutation/replicate1,pmsm,permutation,1,0.09273672500694322,0.25626246298499544
diagnostic,timer_xl,17,pmsm/permutation/replicate10,pmsm,permutation,10,0.08945001010138201,0.253897479994707
diagnostic,timer_xl,17,pmsm/permutation/replicate11,pmsm,permutation,11,0.09321180307977021,0.2619582556492549
diagnostic,timer_xl,17,pmsm/permutation/replicate12,pmsm,permutation,12,0.09285246168864933,0.2568719355779141
diagnostic,timer_xl,17,pmsm/permutation/replicate13,pmsm,permutation,13,0.09393563502543972,0.25885578124822234
diagnostic,timer_xl,17,pmsm/permutation/replicate14,pmsm,permutation,14,0.09237610254338816,0.25709099070561137
diagnostic,timer_xl,17,pmsm/permutation/replicate15,pmsm,permutation,15,0.09311999799503451,0.26169334762757956
diagnostic,timer_xl,17,pmsm/permutation/replicate16,pmsm,permutation,16,0.09309863794365698,0.2602683354130467
diagnostic,timer_xl,17,pmsm/permutation/replicate17,pmsm,permutation,17,0.09209898355745674,0.2589106729194953
diagnostic,timer_xl,17,pmsm/permutation/replicate18,pmsm,permutation,18,0.09217298011179981,0.2582142972621375
diagnostic,timer_xl,17,pmsm/permutation/replicate19,pmsm,permutation,19,0.09335892335409006,0.2622830152008984
diagnostic,timer_xl,17,pmsm/permutation/replicate2,pmsm,permutation,2,0.0934542139702857,0.26198244857036257
diagnostic,timer_xl,17,pmsm/permutation/replicate20,pmsm,permutation,20,0.09204092455089459,0.2566129327717904
diagnostic,timer_xl,17,pmsm/permutation/replicate21,pmsm,permutation,21,0.0923046663941965,0.2622530243421278
diagnostic,timer_xl,17,pmsm/permutation/replicate22,pmsm,permutation,22,0.08987538864203978,0.25609862483521023
diagnostic,timer_xl,17,pmsm/permutation/replicate23,pmsm,permutation,23,0.090080117636786,0.25471591861505993
diagnostic,timer_xl,17,pmsm/permutation/replicate24,pmsm,permutation,24,0.09330657497844927,0.26136433508993695
diagnostic,timer_xl,17,pmsm/permutation/replicate25,pmsm,permutation,25,0.0929301231664174,0.2600202866083278
diagnostic,timer_xl,17,pmsm/permutation/replicate26,pmsm,permutation,26,0.09451586662026489,0.2587956217088223
diagnostic,timer_xl,17,pmsm/permutation/replicate27,pmsm,permutation,27,0.09568249756847534,0.2621557382670556
diagnostic,timer_xl,17,pmsm/permutation/replicate28,pmsm,permutation,28,0.09304654498635244,0.260500248712671
diagnostic,timer_xl,17,pmsm/permutation/replicate29,pmsm,permutation,29,0.09188911621133053,0.2582400205418151
diagnostic,timer_xl,17,pmsm/permutation/replicate3,pmsm,permutation,3,0.09365821121943775,0.26198728069551247
diagnostic,timer_xl,17,pmsm/permutation/replicate30,pmsm,permutation,30,0.09287070900787517,0.25889091389367297
diagnostic,timer_xl,17,pmsm/permutation/replicate31,pmsm,permutation,31,0.09311811860795671,0.25813751100993565
diagnostic,timer_xl,17,pmsm/permutation/replicate32,pmsm,permutation,32,0.09233866607830178,0.2520380463582387
diagnostic,timer_xl,17,pmsm/permutation/replicate33,pmsm,permutation,33,0.09233023367989146,0.2574105213007308
diagnostic,timer_xl,17,pmsm/permutation/replicate34,pmsm,permutation,34,0.0940400560732412,0.2620056776606652
diagnostic,timer_xl,17,pmsm/permutation/replicate35,pmsm,permutation,35,0.09294655127240242,0.2589437559448724
diagnostic,timer_xl,17,pmsm/permutation/replicate36,pmsm,permutation,36,0.09082578307807057,0.25489669695957606
diagnostic,timer_xl,17,pmsm/permutation/replicate37,pmsm,permutation,37,0.09362232315596845,0.26023941838325304
diagnostic,timer_xl,17,pmsm/permutation/replicate38,pmsm,permutation,38,0.09370407971914031,0.26181002123698727
diagnostic,timer_xl,17,pmsm/permutation/replicate39,pmsm,permutation,39,0.09263650058096853,0.2565977993832077
diagnostic,timer_xl,17,pmsm/permutation/replicate4,pmsm,permutation,4,0.0930589786110896,0.25766094318029975
diagnostic,timer_xl,17,pmsm/permutation/replicate40,pmsm,permutation,40,0.0939047940993829,0.2597859928768627
diagnostic,timer_xl,17,pmsm/permutation/replicate41,pmsm,permutation,41,0.09349935404514396,0.2594367841585629
diagnostic,timer_xl,17,pmsm/permutation/replicate42,pmsm,permutation,42,0.09304757075266461,0.25730684885798066
diagnostic,timer_xl,17,pmsm/permutation/replicate43,pmsm,permutation,43,0.09093547823195292,0.25380286271733454
diagnostic,timer_xl,17,pmsm/permutation/replicate44,pmsm,permutation,44,0.09117185877165038,0.2526091007963102
diagnostic,timer_xl,17,pmsm/permutation/replicate45,pmsm,permutation,45,0.09403879632232733,0.2598175040663946
diagnostic,timer_xl,17,pmsm/permutation/replicate46,pmsm,permutation,46,0.09120138873122388,0.2586344126828381
diagnostic,timer_xl,17,pmsm/permutation/replicate47,pmsm,permutation,47,0.09245006702970653,0.2545212571508749
diagnostic,timer_xl,17,pmsm/permutation/replicate48,pmsm,permutation,48,0.09179328768617727,0.253729783289761
diagnostic,timer_xl,17,pmsm/permutation/replicate49,pmsm,permutation,49,0.09184216817341315,0.2601777105407143
diagnostic,timer_xl,17,pmsm/permutation/replicate5,pmsm,permutation,5,0.09167768419902492,0.25685721182478893
diagnostic,timer_xl,17,pmsm/permutation/replicate50,pmsm,permutation,50,0.0918150842271569,0.25824973690958014
diagnostic,timer_xl,17,pmsm/permutation/replicate51,pmsm,permutation,51,0.0933302711094349,0.2570201816479824
diagnostic,timer_xl,17,pmsm/permutation/replicate52,pmsm,permutation,52,0.09309922111440401,0.261470902308288
diagnostic,timer_xl,17,pmsm/permutation/replicate53,pmsm,permutation,53,0.09270631599500052,0.25628253694010905
diagnostic,timer_xl,17,pmsm/permutation/replicate54,pmsm,permutation,54,0.09300491581960266,0.25884648978253794
diagnostic,timer_xl,17,pmsm/permutation/replicate55,pmsm,permutation,55,0.09346192865809043,0.25915549515005615
diagnostic,timer_xl,17,pmsm/permutation/replicate56,pmsm,permutation,56,0.09296341105304057,0.2620880461750725
diagnostic,timer_xl,17,pmsm/permutation/replicate57,pmsm,permutation,57,0.09252923697877306,0.2596629494682129
diagnostic,timer_xl,17,pmsm/permutation/replicate58,pmsm,permutation,58,0.09275310334921026,0.2618559722370461
diagnostic,timer_xl,17,pmsm/permutation/replicate59,pmsm,permutation,59,0.09294035670694198,0.2601566916013299
diagnostic,timer_xl,17,pmsm/permutation/replicate6,pmsm,permutation,6,0.09258615225791016,0.2582870958693265
diagnostic,timer_xl,17,pmsm/permutation/replicate60,pmsm,permutation,60,0.09319062718538382,0.2599524160975966
diagnostic,timer_xl,17,pmsm/permutation/replicate61,pmsm,permutation,61,0.09414639751215152,0.2586015432083287
diagnostic,timer_xl,17,pmsm/permutation/replicate62,pmsm,permutation,62,0.09594851108775956,0.2636538639084005
diagnostic,timer_xl,17,pmsm/permutation/replicate63,pmsm,permutation,63,0.09292858433309328,0.2602626515163789
diagnostic,timer_xl,17,pmsm/permutation/replicate64,pmsm,permutation,64,0.09158853378234431,0.25590483323259944
diagnostic,timer_xl,17,pmsm/permutation/replicate65,pmsm,permutation,65,0.09147540741196182,0.25613144851419767
diagnostic,timer_xl,17,pmsm/permutation/replicate66,pmsm,permutation,66,0.0912815271098301,0.253548214119618
diagnostic,timer_xl,17,pmsm/permutation/replicate67,pmsm,permutation,67,0.09237155787991641,0.2607920686868325
diagnostic,timer_xl,17,pmsm/permutation/replicate68,pmsm,permutation,68,0.09222066254075428,0.25790005553480955
diagnostic,timer_xl,17,pmsm/permutation/replicate69,pmsm,permutation,69,0.09301345727618864,0.25661793981258485
diagnostic,timer_xl,17,pmsm/permutation/replicate7,pmsm,permutation,7,0.09493949571414748,0.26193497090371776
diagnostic,timer_xl,17,pmsm/permutation/replicate70,pmsm,permutation,70,0.09298843820623123,0.25997075878213355
diagnostic,timer_xl,17,pmsm/permutation/replicate71,pmsm,permutation,71,0.09158564915656663,0.2580029767845897
diagnostic,timer_xl,17,pmsm/permutation/replicate72,pmsm,permutation,72,0.093326865821641,0.2602435336980598
diagnostic,timer_xl,17,pmsm/permutation/replicate73,pmsm,permutation,73,0.09176971869454695,0.2526817940971148
diagnostic,timer_xl,17,pmsm/permutation/replicate74,pmsm,permutation,74,0.09189364061054638,0.25835736219073085
diagnostic,timer_xl,17,pmsm/permutation/replicate75,pmsm,permutation,75,0.09093578355051007,0.2517835053665897
diagnostic,timer_xl,17,pmsm/permutation/replicate76,pmsm,permutation,76,0.09051129385619987,0.2526863376276739
diagnostic,timer_xl,17,pmsm/permutation/replicate77,pmsm,permutation,77,0.09328529547064751,0.26031895568663876
diagnostic,timer_xl,17,pmsm/permutation/replicate78,pmsm,permutation,78,0.09365467002132387,0.2610009972179781
diagnostic,timer_xl,17,pmsm/permutation/replicate79,pmsm,permutation,79,0.09227471648824848,0.2597985579038901
diagnostic,timer_xl,17,pmsm/permutation/replicate8,pmsm,permutation,8,0.09217445311907545,0.25905431969494924
diagnostic,timer_xl,17,pmsm/permutation/replicate80,pmsm,permutation,80,0.09247251080214516,0.2591775883520799
diagnostic,timer_xl,17,pmsm/permutation/replicate81,pmsm,permutation,81,0.09118695032951327,0.25625904454690895
diagnostic,timer_xl,17,pmsm/permutation/replicate82,pmsm,permutation,82,0.09372735048453351,0.2588351584437291
diagnostic,timer_xl,17,pmsm/permutation/replicate83,pmsm,permutation,83,0.09181172175405469,0.25552738748439235
diagnostic,timer_xl,17,pmsm/permutation/replicate84,pmsm,permutation,84,0.09014536487828699,0.2530388506760973
diagnostic,timer_xl,17,pmsm/permutation/replicate85,pmsm,permutation,85,0.09279972260311672,0.25647459017643426
diagnostic,timer_xl,17,pmsm/permutation/replicate86,pmsm,permutation,86,0.09280063099248173,0.2596489212045833
diagnostic,timer_xl,17,pmsm/permutation/replicate87,pmsm,permutation,87,0.09202017250568208,0.2546771526202456
diagnostic,timer_xl,17,pmsm/permutation/replicate88,pmsm,permutation,88,0.09081341560088067,0.2567520738276089
diagnostic,timer_xl,17,pmsm/permutation/replicate89,pmsm,permutation,89,0.0927064702343055,0.2566842263838939
diagnostic,timer_xl,17,pmsm/permutation/replicate9,pmsm,permutation,9,0.09449961755918668,0.2648113858220176
diagnostic,timer_xl,17,pmsm/permutation/replicate90,pmsm,permutation,90,0.09452559991125101,0.2611783255393331
diagnostic,timer_xl,17,pmsm/permutation/replicate91,pmsm,permutation,91,0.09186947479031679,0.25415060865377115
diagnostic,timer_xl,17,pmsm/permutation/replicate92,pmsm,permutation,92,0.0937987260056929,0.25997761660061025
diagnostic,timer_xl,17,pmsm/permutation/replicate93,pmsm,permutation,93,0.09157834573800745,0.25416317454993975
diagnostic,timer_xl,17,pmsm/permutation/replicate94,pmsm,permutation,94,0.09444215841326045,0.2602512353293899
diagnostic,timer_xl,17,pmsm/permutation/replicate95,pmsm,permutation,95,0.09296846072392233,0.25697087029613264
diagnostic,timer_xl,17,pmsm/permutation/replicate96,pmsm,permutation,96,0.09398584525251581,0.25786731454759415
diagnostic,timer_xl,17,pmsm/permutation/replicate97,pmsm,permutation,97,0.09487034398305912,0.2629706694529941
diagnostic,timer_xl,17,pmsm/permutation/replicate98,pmsm,permutation,98,0.09155833390415602,0.2568019440878829
diagnostic,timer_xl,17,pmsm/permutation/replicate99,pmsm,permutation,99,0.09041238712271568,0.25480574434035697
diagnostic,timer_xl,17,steel_industry/condition/legal_gauge_canonical_preprocessing/replicate0,steel_industry,legal_gauge_canonical_preprocessing,0,0.2932952432447534,0.5338021936223049
diagnostic,timer_xl,17,steel_industry/condition/legal_gauge_direct/replicate0,steel_industry,legal_gauge_direct,0,0.29505200681612326,0.5344520478334466
diagnostic,timer_xl,17,steel_industry/condition/reference/replicate0,steel_industry,reference,0,0.29329524314499933,0.5338021928618418
diagnostic,timer_xl,17,steel_industry/permutation/reference,steel_industry,reference,0,0.2979813029255651,0.5140024101073524
diagnostic,timer_xl,17,steel_industry/permutation/replicate0,steel_industry,permutation,0,0.32490149702501714,0.5427232689730941
diagnostic,timer_xl,17,steel_industry/permutation/replicate1,steel_industry,permutation,1,0.32876980041517784,0.5402921022044692
diagnostic,timer_xl,17,steel_industry/permutation/replicate10,steel_industry,permutation,10,0.32216587763072446,0.5375513367969669
diagnostic,timer_xl,17,steel_industry/permutation/replicate11,steel_industry,permutation,11,0.32205851294972204,0.5446661405199935
diagnostic,timer_xl,17,steel_industry/permutation/replicate12,steel_industry,permutation,12,0.3177319016901664,0.5338399301285631
diagnostic,timer_xl,17,steel_industry/permutation/replicate13,steel_industry,permutation,13,0.3281461428500672,0.5471864060317784
diagnostic,timer_xl,17,steel_industry/permutation/replicate14,steel_industry,permutation,14,0.3150820737067884,0.526796014603084
diagnostic,timer_xl,17,steel_industry/permutation/replicate15,steel_industry,permutation,15,0.32181898905910367,0.5431209168600426
diagnostic,timer_xl,17,steel_industry/permutation/replicate16,steel_industry,permutation,16,0.3189686274674547,0.5356556955760683
diagnostic,timer_xl,17,steel_industry/permutation/replicate17,steel_industry,permutation,17,0.31980602699985655,0.538690444456038
diagnostic,timer_xl,17,steel_industry/permutation/replicate18,steel_industry,permutation,18,0.32516153831344446,0.5452540035049332
diagnostic,timer_xl,17,steel_industry/permutation/replicate19,steel_industry,permutation,19,0.32918874434230294,0.5454379697200263
diagnostic,timer_xl,17,steel_industry/permutation/replicate2,steel_industry,permutation,2,0.31556615657031334,0.5270095879270238
diagnostic,timer_xl,17,steel_industry/permutation/replicate20,steel_industry,permutation,20,0.3157076006278276,0.5363679906674537
diagnostic,timer_xl,17,steel_industry/permutation/replicate21,steel_industry,permutation,21,0.32100998509155887,0.5399742124221901
diagnostic,timer_xl,17,steel_industry/permutation/replicate22,steel_industry,permutation,22,0.31358320242829896,0.5316313565894255
diagnostic,timer_xl,17,steel_industry/permutation/replicate23,steel_industry,permutation,23,0.31394345546497165,0.5304366459633615
diagnostic,timer_xl,17,steel_industry/permutation/replicate24,steel_industry,permutation,24,0.3348521934836286,0.5485864640747782
diagnostic,timer_xl,17,steel_industry/permutation/replicate25,steel_industry,permutation,25,0.3132319844884629,0.5316874584663213
diagnostic,timer_xl,17,steel_industry/permutation/replicate26,steel_industry,permutation,26,0.3189866236382488,0.5387864069214969
diagnostic,timer_xl,17,steel_industry/permutation/replicate27,steel_industry,permutation,27,0.32129402310067773,0.5397159053932552
diagnostic,timer_xl,17,steel_industry/permutation/replicate28,steel_industry,permutation,28,0.32466492773649713,0.5462581452730388
diagnostic,timer_xl,17,steel_industry/permutation/replicate29,steel_industry,permutation,29,0.3228166472864017,0.5408514248649954
diagnostic,timer_xl,17,steel_industry/permutation/replicate3,steel_industry,permutation,3,0.3169332701343437,0.5354991633698852
diagnostic,timer_xl,17,steel_industry/permutation/replicate30,steel_industry,permutation,30,0.3356791511431463,0.5523540206424276
diagnostic,timer_xl,17,steel_industry/permutation/replicate31,steel_industry,permutation,31,0.3322952684424924,0.5493247103126593
diagnostic,timer_xl,17,steel_industry/permutation/replicate32,steel_industry,permutation,32,0.3189686274674547,0.5356556955760683
diagnostic,timer_xl,17,steel_industry/permutation/replicate33,steel_industry,permutation,33,0.3253624435152843,0.5447121528683877
diagnostic,timer_xl,17,steel_industry/permutation/replicate34,steel_industry,permutation,34,0.32153534567920794,0.5366915094562832
diagnostic,timer_xl,17,steel_industry/permutation/replicate35,steel_industry,permutation,35,0.3104480423346148,0.5299594003629945
diagnostic,timer_xl,17,steel_industry/permutation/replicate36,steel_industry,permutation,36,0.3342664025312311,0.5471470830707731
diagnostic,timer_xl,17,steel_industry/permutation/replicate37,steel_industry,permutation,37,0.31290082400898067,0.5274639407762731
diagnostic,timer_xl,17,steel_industry/permutation/replicate38,steel_industry,permutation,38,0.3254814797981853,0.5444566302514731
diagnostic,timer_xl,17,steel_industry/permutation/replicate39,steel_industry,permutation,39,0.3222692322043272,0.5364365627020944
diagnostic,timer_xl,17,steel_industry/permutation/replicate4,steel_industry,permutation,4,0.30891775370602514,0.5266855242156674
diagnostic,timer_xl,17,steel_industry/permutation/replicate40,steel_industry,permutation,40,0.33054211300035446,0.5428370308440724
diagnostic,timer_xl,17,steel_industry/permutation/replicate41,steel_industry,permutation,41,0.3356791511431463,0.5523540206424276
diagnostic,timer_xl,17,steel_industry/permutation/replicate42,steel_industry,permutation,42,0.31803003710240735,0.534960029587806
diagnostic,timer_xl,17,steel_industry/permutation/replicate43,steel_industry,permutation,43,0.31650371805105204,0.5318966338228316
diagnostic,timer_xl,17,steel_industry/permutation/replicate44,steel_industry,permutation,44,0.3221913673965344,0.533330917597919
diagnostic,timer_xl,17,steel_industry/permutation/replicate45,steel_industry,permutation,45,0.33513787052854466,0.5563434731956447
diagnostic,timer_xl,17,steel_industry/permutation/replicate46,steel_industry,permutation,46,0.3271345782789057,0.5468233159417866
diagnostic,timer_xl,17,steel_industry/permutation/replicate47,steel_industry,permutation,47,0.32593725596621426,0.5445157262841474
diagnostic,timer_xl,17,steel_industry/permutation/replicate48,steel_industry,permutation,48,0.3171234992184088,0.5396224549507517
diagnostic,timer_xl,17,steel_industry/permutation/replicate49,steel_industry,permutation,49,0.321982228608395,0.5443419706415042
diagnostic,timer_xl,17,steel_industry/permutation/replicate5,steel_industry,permutation,5,0.34542297593048865,0.5657456049951172
diagnostic,timer_xl,17,steel_industry/permutation/replicate50,steel_industry,permutation,50,0.32407685401602193,0.5419519861654252
diagnostic,timer_xl,17,steel_industry/permutation/replicate51,steel_industry,permutation,51,0.3107263720129162,0.5291169993203614
diagnostic,timer_xl,17,steel_industry/permutation/replicate52,steel_industry,permutation,52,0.31556615657031334,0.5270095879270238
diagnostic,timer_xl,17,steel_industry/permutation/replicate53,steel_industry,permutation,53,0.3178496734538999,0.5328261127551494
diagnostic,timer_xl,17,steel_industry/permutation/replicate54,steel_industry,permutation,54,0.31464998161253693,0.5342013064889951
diagnostic,timer_xl,17,steel_industry/permutation/replicate55,steel_industry,permutation,55,0.32678172076861733,0.546097443543516
diagnostic,timer_xl,17,steel_industry/permutation/replicate56,steel_industry,permutation,56,0.3351552888593238,0.5467676792378645
diagnostic,timer_xl,17,steel_industry/permutation/replicate57,steel_industry,permutation,57,0.331396225054032,0.5466510017096428
diagnostic,timer_xl,17,steel_industry/permutation/replicate58,steel_industry,permutation,58,0.32290408359578604,0.5421188538851074
diagnostic,timer_xl,17,steel_industry/permutation/replicate59,steel_industry,permutation,59,0.32882728893613145,0.5496359186160177
diagnostic,timer_xl,17,steel_industry/permutation/replicate6,steel_industry,permutation,6,0.329185366279352,0.5471835753351976
diagnostic,timer_xl,17,steel_industry/permutation/replicate60,steel_industry,permutation,60,0.3148034882112679,0.5299360423010409
diagnostic,timer_xl,17,steel_industry/permutation/replicate61,steel_industry,permutation,61,0.31831501418814095,0.5327369359685389
diagnostic,timer_xl,17,steel_industry/permutation/replicate62,steel_industry,permutation,62,0.3068725379412795,0.5265621244681866
diagnostic,timer_xl,17,steel_industry/permutation/replicate63,steel_industry,permutation,63,0.31300617255542007,0.5350599584209839
diagnostic,timer_xl,17,steel_industry/permutation/replicate64,steel_industry,permutation,64,0.3135767276810381,0.5292641673438614
diagnostic,timer_xl,17,steel_industry/permutation/replicate65,steel_industry,permutation,65,0.3156182320324249,0.5332018261864508
diagnostic,timer_xl,17,steel_industry/permutation/replicate66,steel_industry,permutation,66,0.3286826194718471,0.5445805612741312
diagnostic,timer_xl,17,steel_industry/permutation/replicate67,steel_industry,permutation,67,0.3115370396548927,0.5249568252026322
diagnostic,timer_xl,17,steel_industry/permutation/replicate68,steel_industry,permutation,68,0.3260317831451114,0.5408766326882462
diagnostic,timer_xl,17,steel_industry/permutation/replicate69,steel_industry,permutation,69,0.31417507695569585,0.5305081442075263
diagnostic,timer_xl,17,steel_industry/permutation/replicate7,steel_industry,permutation,7,0.31947562933127616,0.5416727967692141
diagnostic,timer_xl,17,steel_industry/permutation/replicate70,steel_industry,permutation,70,0.3248542202874667,0.5444784209121976
diagnostic,timer_xl,17,steel_industry/permutation/replicate71,steel_industry,permutation,71,0.32170622594941783,0.5403989935340675
diagnostic,timer_xl,17,steel_industry/permutation/replicate72,steel_industry,permutation,72,0.3178533079369778,0.5428939459535058
diagnostic,timer_xl,17,steel_industry/permutation/replicate73,steel_industry,permutation,73,0.31821114181934496,0.5481786340836563
diagnostic,timer_xl,17,steel_industry/permutation/replicate74,steel_industry,permutation,74,0.31676849431342163,0.5381659828397936
diagnostic,timer_xl,17,steel_industry/permutation/replicate75,steel_industry,permutation,75,0.326968924257683,0.5403814789053781
diagnostic,timer_xl,17,steel_industry/permutation/replicate76,steel_industry,permutation,76,0.30819029179232177,0.5236087448450009
diagnostic,timer_xl,17,steel_industry/permutation/replicate77,steel_industry,permutation,77,0.32177187267027607,0.5455280112648638
diagnostic,timer_xl,17,steel_industry/permutation/replicate78,steel_industry,permutation,78,0.3326429988086983,0.5565008963732434
diagnostic,timer_xl,17,steel_industry/permutation/replicate79,steel_industry,permutation,79,0.31617856325169946,0.5331438649261846
diagnostic,timer_xl,17,steel_industry/permutation/replicate8,steel_industry,permutation,8,0.3196790122659493,0.5382059302475645
diagnostic,timer_xl,17,steel_industry/permutation/replicate80,steel_industry,permutation,80,0.31742314889125417,0.5370388395326722
diagnostic,timer_xl,17,steel_industry/permutation/replicate81,steel_industry,permutation,81,0.3276142335867449,0.5379777751984689
diagnostic,timer_xl,17,steel_industry/permutation/replicate82,steel_industry,permutation,82,0.3267716433219767,0.5413518938910042
diagnostic,timer_xl,17,steel_industry/permutation/replicate83,steel_industry,permutation,83,0.3196314456122226,0.5385395539883474
diagnostic,timer_xl,17,steel_industry/permutation/replicate84,steel_industry,permutation,84,0.30797610810131115,0.5242664506455168
diagnostic,timer_xl,17,steel_industry/permutation/replicate85,steel_industry,permutation,85,0.3228153793087365,0.5379092428323691
diagnostic,timer_xl,17,steel_industry/permutation/replicate86,steel_industry,permutation,86,0.31372516335867917,0.5278206005732694
diagnostic,timer_xl,17,steel_industry/permutation/replicate87,steel_industry,permutation,87,0.310092528255669,0.5208134928192876
diagnostic,timer_xl,17,steel_industry/permutation/replicate88,steel_industry,permutation,88,0.33876814839804237,0.5579237941780101
diagnostic,timer_xl,17,steel_industry/permutation/replicate89,steel_industry,permutation,89,0.31849132412279996,0.5406930935424847
diagnostic,timer_xl,17,steel_industry/permutation/replicate9,steel_industry,permutation,9,0.3261054716199189,0.5412128564654488
diagnostic,timer_xl,17,steel_industry/permutation/replicate90,steel_industry,permutation,90,0.30603928892372245,0.5205489680985785
diagnostic,timer_xl,17,steel_industry/permutation/replicate91,steel_industry,permutation,91,0.3216460086521036,0.5359428356112106
diagnostic,timer_xl,17,steel_industry/permutation/replicate92,steel_industry,permutation,92,0.31850950347880397,0.5314446185969778
diagnostic,timer_xl,17,steel_industry/permutation/replicate93,steel_industry,permutation,93,0.3231602123339634,0.54183134638888
diagnostic,timer_xl,17,steel_industry/permutation/replicate94,steel_industry,permutation,94,0.32229709316245425,0.5444348203265262
diagnostic,timer_xl,17,steel_industry/permutation/replicate95,steel_industry,permutation,95,0.32008100219253804,0.5388456457964133
diagnostic,timer_xl,17,steel_industry/permutation/replicate96,steel_industry,permutation,96,0.3359148520016232,0.5498221846217196
diagnostic,timer_xl,17,steel_industry/permutation/replicate97,steel_industry,permutation,97,0.3132185162936183,0.5337015423143956
diagnostic,timer_xl,17,steel_industry/permutation/replicate98,steel_industry,permutation,98,0.31549984621607796,0.5367277796059918
diagnostic,timer_xl,17,steel_industry/permutation/replicate99,steel_industry,permutation,99,0.3125346734878208,0.5340650470364716
diagnostic,gtm,17,building_energy/condition/legal_gauge_canonical_preprocessing/replicate0,building_energy,legal_gauge_canonical_preprocessing,0,0.33372694055133784,0.5712058398626303
diagnostic,gtm,17,building_energy/condition/legal_gauge_direct/replicate0,building_energy,legal_gauge_direct,0,0.388371788180831,0.5930876273050731
diagnostic,gtm,17,building_energy/condition/reference/replicate0,building_energy,reference,0,0.3337268742531632,0.5712056395221762
diagnostic,gtm,17,building_energy/permutation/reference,building_energy,reference,0,0.33351511671250733,0.5432853872942882
diagnostic,gtm,17,building_energy/permutation/replicate0,building_energy,permutation,0,0.33351511671250733,0.5432853872942882
diagnostic,gtm,17,building_energy/permutation/replicate1,building_energy,permutation,1,0.33351511671250733,0.5432853872942882
diagnostic,gtm,17,building_energy/permutation/replicate10,building_energy,permutation,10,0.33351511671250733,0.5432853872942882
diagnostic,gtm,17,building_energy/permutation/replicate11,building_energy,permutation,11,0.33351511671250733,0.5432853872942882
diagnostic,gtm,17,building_energy/permutation/replicate12,building_energy,permutation,12,0.33351511671250733,0.5432853872942882
diagnostic,gtm,17,building_energy/permutation/replicate13,building_energy,permutation,13,0.33351511671250733,0.5432853872942882
diagnostic,gtm,17,building_energy/permutation/replicate14,building_energy,permutation,14,0.33351511671250733,0.5432853872942882
diagnostic,gtm,17,building_energy/permutation/replicate15,building_energy,permutation,15,0.33351511671250733,0.5432853872942882
diagnostic,gtm,17,building_energy/permutation/replicate16,building_energy,permutation,16,0.33351511671250733,0.5432853872942882
diagnostic,gtm,17,building_energy/permutation/replicate17,building_energy,permutation,17,0.33351511671250733,0.5432853872942882
diagnostic,gtm,17,building_energy/permutation/replicate18,building_energy,permutation,18,0.33351511671250733,0.5432853872942882
diagnostic,gtm,17,building_energy/permutation/replicate19,building_energy,permutation,19,0.33351511671250733,0.5432853872942882
diagnostic,gtm,17,building_energy/permutation/replicate2,building_energy,permutation,2,0.33351511671250733,0.5432853872942882
diagnostic,gtm,17,building_energy/permutation/replicate20,building_energy,permutation,20,0.33351511671250733,0.5432853872942882
diagnostic,gtm,17,building_energy/permutation/replicate21,building_energy,permutation,21,0.33351511671250733,0.5432853872942882
diagnostic,gtm,17,building_energy/permutation/replicate22,building_energy,permutation,22,0.33351511671250733,0.5432853872942882
diagnostic,gtm,17,building_energy/permutation/replicate23,building_energy,permutation,23,0.33351511671250733,0.5432853872942882
diagnostic,gtm,17,building_energy/permutation/replicate24,building_energy,permutation,24,0.33351511671250733,0.5432853872942882
diagnostic,gtm,17,building_energy/permutation/replicate25,building_energy,permutation,25,0.33351511671250733,0.5432853872942882
diagnostic,gtm,17,building_energy/permutation/replicate26,building_energy,permutation,26,0.33351511671250733,0.5432853872942882
diagnostic,gtm,17,building_energy/permutation/replicate27,building_energy,permutation,27,0.33351511671250733,0.5432853872942882
diagnostic,gtm,17,building_energy/permutation/replicate28,building_energy,permutation,28,0.33351511671250733,0.5432853872942882
diagnostic,gtm,17,building_energy/permutation/replicate29,building_energy,permutation,29,0.33351511671250733,0.5432853872942882
diagnostic,gtm,17,building_energy/permutation/replicate3,building_energy,permutation,3,0.33351511671250733,0.5432853872942882
diagnostic,gtm,17,building_energy/permutation/replicate30,building_energy,permutation,30,0.33351511671250733,0.5432853872942882
diagnostic,gtm,17,building_energy/permutation/replicate31,building_energy,permutation,31,0.33351511671250733,0.5432853872942882
diagnostic,gtm,17,building_energy/permutation/replicate32,building_energy,permutation,32,0.33351511671250733,0.5432853872942882
diagnostic,gtm,17,building_energy/permutation/replicate33,building_energy,permutation,33,0.33351511671250733,0.5432853872942882
diagnostic,gtm,17,building_energy/permutation/replicate34,building_energy,permutation,34,0.33351511671250733,0.5432853872942882
diagnostic,gtm,17,building_energy/permutation/replicate35,building_energy,permutation,35,0.33351511671250733,0.5432853872942882
diagnostic,gtm,17,building_energy/permutation/replicate36,building_energy,permutation,36,0.33351511671250733,0.5432853872942882
diagnostic,gtm,17,building_energy/permutation/replicate37,building_energy,permutation,37,0.33351511671250733,0.5432853872942882
diagnostic,gtm,17,building_energy/permutation/replicate38,building_energy,permutation,38,0.33351511671250733,0.5432853872942882
diagnostic,gtm,17,building_energy/permutation/replicate39,building_energy,permutation,39,0.33351511671250733,0.5432853872942882
diagnostic,gtm,17,building_energy/permutation/replicate4,building_energy,permutation,4,0.33351511671250733,0.5432853872942882
diagnostic,gtm,17,building_energy/permutation/replicate40,building_energy,permutation,40,0.33351511671250733,0.5432853872942882
diagnostic,gtm,17,building_energy/permutation/replicate41,building_energy,permutation,41,0.33351511671250733,0.5432853872942882
diagnostic,gtm,17,building_energy/permutation/replicate42,building_energy,permutation,42,0.33351511671250733,0.5432853872942882
diagnostic,gtm,17,building_energy/permutation/replicate43,building_energy,permutation,43,0.33351511671250733,0.5432853872942882
diagnostic,gtm,17,building_energy/permutation/replicate44,building_energy,permutation,44,0.33351511671250733,0.5432853872942882
diagnostic,gtm,17,building_energy/permutation/replicate45,building_energy,permutation,45,0.33351511671250733,0.5432853872942882
diagnostic,gtm,17,building_energy/permutation/replicate46,building_energy,permutation,46,0.33351511671250733,0.5432853872942882
diagnostic,gtm,17,building_energy/permutation/replicate47,building_energy,permutation,47,0.33351511671250733,0.5432853872942882
diagnostic,gtm,17,building_energy/permutation/replicate48,building_energy,permutation,48,0.33351511671250733,0.5432853872942882
diagnostic,gtm,17,building_energy/permutation/replicate49,building_energy,permutation,49,0.33351511671250733,0.5432853872942882
diagnostic,gtm,17,building_energy/permutation/replicate5,building_energy,permutation,5,0.33351511671250733,0.5432853872942882
diagnostic,gtm,17,building_energy/permutation/replicate50,building_energy,permutation,50,0.33351511671250733,0.5432853872942882
diagnostic,gtm,17,building_energy/permutation/replicate51,building_energy,permutation,51,0.33351511671250733,0.5432853872942882
diagnostic,gtm,17,building_energy/permutation/replicate52,building_energy,permutation,52,0.33351511671250733,0.5432853872942882
diagnostic,gtm,17,building_energy/permutation/replicate53,building_energy,permutation,53,0.33351511671250733,0.5432853872942882
diagnostic,gtm,17,building_energy/permutation/replicate54,building_energy,permutation,54,0.33351511671250733,0.5432853872942882
diagnostic,gtm,17,building_energy/permutation/replicate55,building_energy,permutation,55,0.33351511671250733,0.5432853872942882
diagnostic,gtm,17,building_energy/permutation/replicate56,building_energy,permutation,56,0.33351511671250733,0.5432853872942882
diagnostic,gtm,17,building_energy/permutation/replicate57,building_energy,permutation,57,0.33351511671250733,0.5432853872942882
diagnostic,gtm,17,building_energy/permutation/replicate58,building_energy,permutation,58,0.33351511671250733,0.5432853872942882
diagnostic,gtm,17,building_energy/permutation/replicate59,building_energy,permutation,59,0.33351511671250733,0.5432853872942882
diagnostic,gtm,17,building_energy/permutation/replicate6,building_energy,permutation,6,0.33351511671250733,0.5432853872942882
diagnostic,gtm,17,building_energy/permutation/replicate60,building_energy,permutation,60,0.33351511671250733,0.5432853872942882
diagnostic,gtm,17,building_energy/permutation/replicate61,building_energy,permutation,61,0.33351511671250733,0.5432853872942882
diagnostic,gtm,17,building_energy/permutation/replicate62,building_energy,permutation,62,0.33351511671250733,0.5432853872942882
diagnostic,gtm,17,building_energy/permutation/replicate63,building_energy,permutation,63,0.33351511671250733,0.5432853872942882
diagnostic,gtm,17,building_energy/permutation/replicate64,building_energy,permutation,64,0.33351511671250733,0.5432853872942882
diagnostic,gtm,17,building_energy/permutation/replicate65,building_energy,permutation,65,0.33351511671250733,0.5432853872942882
diagnostic,gtm,17,building_energy/permutation/replicate66,building_energy,permutation,66,0.33351511671250733,0.5432853872942882
diagnostic,gtm,17,building_energy/permutation/replicate67,building_energy,permutation,67,0.33351511671250733,0.5432853872942882
diagnostic,gtm,17,building_energy/permutation/replicate68,building_energy,permutation,68,0.33351511671250733,0.5432853872942882
diagnostic,gtm,17,building_energy/permutation/replicate69,building_energy,permutation,69,0.33351511671250733,0.5432853872942882
diagnostic,gtm,17,building_energy/permutation/replicate7,building_energy,permutation,7,0.33351511671250733,0.5432853872942882
diagnostic,gtm,17,building_energy/permutation/replicate70,building_energy,permutation,70,0.33351511671250733,0.5432853872942882
diagnostic,gtm,17,building_energy/permutation/replicate71,building_energy,permutation,71,0.33351511671250733,0.5432853872942882
diagnostic,gtm,17,building_energy/permutation/replicate72,building_energy,permutation,72,0.33351511671250733,0.5432853872942882
diagnostic,gtm,17,building_energy/permutation/replicate73,building_energy,permutation,73,0.33351511671250733,0.5432853872942882
diagnostic,gtm,17,building_energy/permutation/replicate74,building_energy,permutation,74,0.33351511671250733,0.5432853872942882
diagnostic,gtm,17,building_energy/permutation/replicate75,building_energy,permutation,75,0.33351511671250733,0.5432853872942882
diagnostic,gtm,17,building_energy/permutation/replicate76,building_energy,permutation,76,0.33351511671250733,0.5432853872942882
diagnostic,gtm,17,building_energy/permutation/replicate77,building_energy,permutation,77,0.33351511671250733,0.5432853872942882
diagnostic,gtm,17,building_energy/permutation/replicate78,building_energy,permutation,78,0.33351511671250733,0.5432853872942882
diagnostic,gtm,17,building_energy/permutation/replicate79,building_energy,permutation,79,0.33351511671250733,0.5432853872942882
diagnostic,gtm,17,building_energy/permutation/replicate8,building_energy,permutation,8,0.33351511671250733,0.5432853872942882
diagnostic,gtm,17,building_energy/permutation/replicate80,building_energy,permutation,80,0.33351511671250733,0.5432853872942882
diagnostic,gtm,17,building_energy/permutation/replicate81,building_energy,permutation,81,0.33351511671250733,0.5432853872942882
diagnostic,gtm,17,building_energy/permutation/replicate82,building_energy,permutation,82,0.33351511671250733,0.5432853872942882
diagnostic,gtm,17,building_energy/permutation/replicate83,building_energy,permutation,83,0.33351511671250733,0.5432853872942882
diagnostic,gtm,17,building_energy/permutation/replicate84,building_energy,permutation,84,0.33351511671250733,0.5432853872942882
diagnostic,gtm,17,building_energy/permutation/replicate85,building_energy,permutation,85,0.33351511671250733,0.5432853872942882
diagnostic,gtm,17,building_energy/permutation/replicate86,building_energy,permutation,86,0.33351511671250733,0.5432853872942882
diagnostic,gtm,17,building_energy/permutation/replicate87,building_energy,permutation,87,0.33351511671250733,0.5432853872942882
diagnostic,gtm,17,building_energy/permutation/replicate88,building_energy,permutation,88,0.33351511671250733,0.5432853872942882
diagnostic,gtm,17,building_energy/permutation/replicate89,building_energy,permutation,89,0.33351511671250733,0.5432853872942882
diagnostic,gtm,17,building_energy/permutation/replicate9,building_energy,permutation,9,0.33351511671250733,0.5432853872942882
diagnostic,gtm,17,building_energy/permutation/replicate90,building_energy,permutation,90,0.33351511671250733,0.5432853872942882
diagnostic,gtm,17,building_energy/permutation/replicate91,building_energy,permutation,91,0.33351511671250733,0.5432853872942882
diagnostic,gtm,17,building_energy/permutation/replicate92,building_energy,permutation,92,0.33351511671250733,0.5432853872942882
diagnostic,gtm,17,building_energy/permutation/replicate93,building_energy,permutation,93,0.33351511671250733,0.5432853872942882
diagnostic,gtm,17,building_energy/permutation/replicate94,building_energy,permutation,94,0.33351511671250733,0.5432853872942882
diagnostic,gtm,17,building_energy/permutation/replicate95,building_energy,permutation,95,0.33351511671250733,0.5432853872942882
diagnostic,gtm,17,building_energy/permutation/replicate96,building_energy,permutation,96,0.33351511671250733,0.5432853872942882
diagnostic,gtm,17,building_energy/permutation/replicate97,building_energy,permutation,97,0.33351511671250733,0.5432853872942882
diagnostic,gtm,17,building_energy/permutation/replicate98,building_energy,permutation,98,0.33351511671250733,0.5432853872942882
diagnostic,gtm,17,building_energy/permutation/replicate99,building_energy,permutation,99,0.33351511671250733,0.5432853872942882
diagnostic,gtm,17,hydraulic/condition/legal_gauge_canonical_preprocessing/replicate0,hydraulic,legal_gauge_canonical_preprocessing,0,0.048786540546154604,0.09344238749742145
diagnostic,gtm,17,hydraulic/condition/legal_gauge_direct/replicate0,hydraulic,legal_gauge_direct,0,14.868155706947512,15.670048978270422
diagnostic,gtm,17,hydraulic/condition/reference/replicate0,hydraulic,reference,0,0.048786691267469075,0.09344282396921838
diagnostic,gtm,17,hydraulic/permutation/reference,hydraulic,reference,0,0.046421227278171495,0.10838965830724044
diagnostic,gtm,17,hydraulic/permutation/replicate0,hydraulic,permutation,0,0.046421227278171495,0.10838965830724044
diagnostic,gtm,17,hydraulic/permutation/replicate1,hydraulic,permutation,1,0.046421227278171495,0.10838965830724044
diagnostic,gtm,17,hydraulic/permutation/replicate10,hydraulic,permutation,10,0.046421227278171495,0.10838965830724044
diagnostic,gtm,17,hydraulic/permutation/replicate11,hydraulic,permutation,11,0.046421227278171495,0.10838965830724044
diagnostic,gtm,17,hydraulic/permutation/replicate12,hydraulic,permutation,12,0.046421227278171495,0.10838965830724044
diagnostic,gtm,17,hydraulic/permutation/replicate13,hydraulic,permutation,13,0.046421227278171495,0.10838965830724044
diagnostic,gtm,17,hydraulic/permutation/replicate14,hydraulic,permutation,14,0.046421227278171495,0.10838965830724044
diagnostic,gtm,17,hydraulic/permutation/replicate15,hydraulic,permutation,15,0.046421227278171495,0.10838965830724044
diagnostic,gtm,17,hydraulic/permutation/replicate16,hydraulic,permutation,16,0.046421227278171495,0.10838965830724044
diagnostic,gtm,17,hydraulic/permutation/replicate17,hydraulic,permutation,17,0.046421227278171495,0.10838965830724044
diagnostic,gtm,17,hydraulic/permutation/replicate18,hydraulic,permutation,18,0.046421227278171495,0.10838965830724044
diagnostic,gtm,17,hydraulic/permutation/replicate19,hydraulic,permutation,19,0.046421227278171495,0.10838965830724044
diagnostic,gtm,17,hydraulic/permutation/replicate2,hydraulic,permutation,2,0.046421227278171495,0.10838965830724044
diagnostic,gtm,17,hydraulic/permutation/replicate20,hydraulic,permutation,20,0.046421227278171495,0.10838965830724044
diagnostic,gtm,17,hydraulic/permutation/replicate21,hydraulic,permutation,21,0.046421227278171495,0.10838965830724044
diagnostic,gtm,17,hydraulic/permutation/replicate22,hydraulic,permutation,22,0.046421227278171495,0.10838965830724044
diagnostic,gtm,17,hydraulic/permutation/replicate23,hydraulic,permutation,23,0.046421227278171495,0.10838965830724044
diagnostic,gtm,17,hydraulic/permutation/replicate24,hydraulic,permutation,24,0.046421227278171495,0.10838965830724044
diagnostic,gtm,17,hydraulic/permutation/replicate25,hydraulic,permutation,25,0.046421227278171495,0.10838965830724044
diagnostic,gtm,17,hydraulic/permutation/replicate26,hydraulic,permutation,26,0.046421227278171495,0.10838965830724044
diagnostic,gtm,17,hydraulic/permutation/replicate27,hydraulic,permutation,27,0.046421227278171495,0.10838965830724044
diagnostic,gtm,17,hydraulic/permutation/replicate28,hydraulic,permutation,28,0.046421227278171495,0.10838965830724044
diagnostic,gtm,17,hydraulic/permutation/replicate29,hydraulic,permutation,29,0.046421227278171495,0.10838965830724044
diagnostic,gtm,17,hydraulic/permutation/replicate3,hydraulic,permutation,3,0.046421227278171495,0.10838965830724044
diagnostic,gtm,17,hydraulic/permutation/replicate30,hydraulic,permutation,30,0.046421227278171495,0.10838965830724044
diagnostic,gtm,17,hydraulic/permutation/replicate31,hydraulic,permutation,31,0.046421227278171495,0.10838965830724044
diagnostic,gtm,17,hydraulic/permutation/replicate32,hydraulic,permutation,32,0.046421227278171495,0.10838965830724044
diagnostic,gtm,17,hydraulic/permutation/replicate33,hydraulic,permutation,33,0.046421227278171495,0.10838965830724044
diagnostic,gtm,17,hydraulic/permutation/replicate34,hydraulic,permutation,34,0.046421227278171495,0.10838965830724044
diagnostic,gtm,17,hydraulic/permutation/replicate35,hydraulic,permutation,35,0.046421227278171495,0.10838965830724044
diagnostic,gtm,17,hydraulic/permutation/replicate36,hydraulic,permutation,36,0.046421227278171495,0.10838965830724044
diagnostic,gtm,17,hydraulic/permutation/replicate37,hydraulic,permutation,37,0.046421227278171495,0.10838965830724044
diagnostic,gtm,17,hydraulic/permutation/replicate38,hydraulic,permutation,38,0.046421227278171495,0.10838965830724044
diagnostic,gtm,17,hydraulic/permutation/replicate39,hydraulic,permutation,39,0.046421227278171495,0.10838965830724044
diagnostic,gtm,17,hydraulic/permutation/replicate4,hydraulic,permutation,4,0.046421227278171495,0.10838965830724044
diagnostic,gtm,17,hydraulic/permutation/replicate40,hydraulic,permutation,40,0.046421227278171495,0.10838965830724044
diagnostic,gtm,17,hydraulic/permutation/replicate41,hydraulic,permutation,41,0.046421227278171495,0.10838965830724044
diagnostic,gtm,17,hydraulic/permutation/replicate42,hydraulic,permutation,42,0.046421227278171495,0.10838965830724044
diagnostic,gtm,17,hydraulic/permutation/replicate43,hydraulic,permutation,43,0.046421227278171495,0.10838965830724044
diagnostic,gtm,17,hydraulic/permutation/replicate44,hydraulic,permutation,44,0.046421227278171495,0.10838965830724044
diagnostic,gtm,17,hydraulic/permutation/replicate45,hydraulic,permutation,45,0.046421227278171495,0.10838965830724044
diagnostic,gtm,17,hydraulic/permutation/replicate46,hydraulic,permutation,46,0.046421227278171495,0.10838965830724044
diagnostic,gtm,17,hydraulic/permutation/replicate47,hydraulic,permutation,47,0.046421227278171495,0.10838965830724044
diagnostic,gtm,17,hydraulic/permutation/replicate48,hydraulic,permutation,48,0.046421227278171495,0.10838965830724044
diagnostic,gtm,17,hydraulic/permutation/replicate49,hydraulic,permutation,49,0.046421227278171495,0.10838965830724044
diagnostic,gtm,17,hydraulic/permutation/replicate5,hydraulic,permutation,5,0.046421227278171495,0.10838965830724044
diagnostic,gtm,17,hydraulic/permutation/replicate50,hydraulic,permutation,50,0.046421227278171495,0.10838965830724044
diagnostic,gtm,17,hydraulic/permutation/replicate51,hydraulic,permutation,51,0.046421227278171495,0.10838965830724044
diagnostic,gtm,17,hydraulic/permutation/replicate52,hydraulic,permutation,52,0.046421227278171495,0.10838965830724044
diagnostic,gtm,17,hydraulic/permutation/replicate53,hydraulic,permutation,53,0.046421227278171495,0.10838965830724044
diagnostic,gtm,17,hydraulic/permutation/replicate54,hydraulic,permutation,54,0.046421227278171495,0.10838965830724044
diagnostic,gtm,17,hydraulic/permutation/replicate55,hydraulic,permutation,55,0.046421227278171495,0.10838965830724044
diagnostic,gtm,17,hydraulic/permutation/replicate56,hydraulic,permutation,56,0.046421227278171495,0.10838965830724044
diagnostic,gtm,17,hydraulic/permutation/replicate57,hydraulic,permutation,57,0.046421227278171495,0.10838965830724044
diagnostic,gtm,17,hydraulic/permutation/replicate58,hydraulic,permutation,58,0.046421227278171495,0.10838965830724044
diagnostic,gtm,17,hydraulic/permutation/replicate59,hydraulic,permutation,59,0.046421227278171495,0.10838965830724044
diagnostic,gtm,17,hydraulic/permutation/replicate6,hydraulic,permutation,6,0.046421227278171495,0.10838965830724044
diagnostic,gtm,17,hydraulic/permutation/replicate60,hydraulic,permutation,60,0.046421227278171495,0.10838965830724044
diagnostic,gtm,17,hydraulic/permutation/replicate61,hydraulic,permutation,61,0.046421227278171495,0.10838965830724044
diagnostic,gtm,17,hydraulic/permutation/replicate62,hydraulic,permutation,62,0.046421227278171495,0.10838965830724044
diagnostic,gtm,17,hydraulic/permutation/replicate63,hydraulic,permutation,63,0.046421227278171495,0.10838965830724044
diagnostic,gtm,17,hydraulic/permutation/replicate64,hydraulic,permutation,64,0.046421227278171495,0.10838965830724044
diagnostic,gtm,17,hydraulic/permutation/replicate65,hydraulic,permutation,65,0.046421227278171495,0.10838965830724044
diagnostic,gtm,17,hydraulic/permutation/replicate66,hydraulic,permutation,66,0.046421227278171495,0.10838965830724044
diagnostic,gtm,17,hydraulic/permutation/replicate67,hydraulic,permutation,67,0.046421227278171495,0.10838965830724044
diagnostic,gtm,17,hydraulic/permutation/replicate68,hydraulic,permutation,68,0.046421227278171495,0.10838965830724044
diagnostic,gtm,17,hydraulic/permutation/replicate69,hydraulic,permutation,69,0.046421227278171495,0.10838965830724044
diagnostic,gtm,17,hydraulic/permutation/replicate7,hydraulic,permutation,7,0.046421227278171495,0.10838965830724044
diagnostic,gtm,17,hydraulic/permutation/replicate70,hydraulic,permutation,70,0.046421227278171495,0.10838965830724044
diagnostic,gtm,17,hydraulic/permutation/replicate71,hydraulic,permutation,71,0.046421227278171495,0.10838965830724044
diagnostic,gtm,17,hydraulic/permutation/replicate72,hydraulic,permutation,72,0.046421227278171495,0.10838965830724044
diagnostic,gtm,17,hydraulic/permutation/replicate73,hydraulic,permutation,73,0.046421227278171495,0.10838965830724044
diagnostic,gtm,17,hydraulic/permutation/replicate74,hydraulic,permutation,74,0.046421227278171495,0.10838965830724044
diagnostic,gtm,17,hydraulic/permutation/replicate75,hydraulic,permutation,75,0.046421227278171495,0.10838965830724044
diagnostic,gtm,17,hydraulic/permutation/replicate76,hydraulic,permutation,76,0.046421227278171495,0.10838965830724044
diagnostic,gtm,17,hydraulic/permutation/replicate77,hydraulic,permutation,77,0.046421227278171495,0.10838965830724044
diagnostic,gtm,17,hydraulic/permutation/replicate78,hydraulic,permutation,78,0.046421227278171495,0.10838965830724044
diagnostic,gtm,17,hydraulic/permutation/replicate79,hydraulic,permutation,79,0.046421227278171495,0.10838965830724044
diagnostic,gtm,17,hydraulic/permutation/replicate8,hydraulic,permutation,8,0.046421227278171495,0.10838965830724044
diagnostic,gtm,17,hydraulic/permutation/replicate80,hydraulic,permutation,80,0.046421227278171495,0.10838965830724044
diagnostic,gtm,17,hydraulic/permutation/replicate81,hydraulic,permutation,81,0.046421227278171495,0.10838965830724044
diagnostic,gtm,17,hydraulic/permutation/replicate82,hydraulic,permutation,82,0.046421227278171495,0.10838965830724044
diagnostic,gtm,17,hydraulic/permutation/replicate83,hydraulic,permutation,83,0.046421227278171495,0.10838965830724044
diagnostic,gtm,17,hydraulic/permutation/replicate84,hydraulic,permutation,84,0.046421227278171495,0.10838965830724044
diagnostic,gtm,17,hydraulic/permutation/replicate85,hydraulic,permutation,85,0.046421227278171495,0.10838965830724044
diagnostic,gtm,17,hydraulic/permutation/replicate86,hydraulic,permutation,86,0.046421227278171495,0.10838965830724044
diagnostic,gtm,17,hydraulic/permutation/replicate87,hydraulic,permutation,87,0.046421227278171495,0.10838965830724044
diagnostic,gtm,17,hydraulic/permutation/replicate88,hydraulic,permutation,88,0.046421227278171495,0.10838965830724044
diagnostic,gtm,17,hydraulic/permutation/replicate89,hydraulic,permutation,89,0.046421227278171495,0.10838965830724044
diagnostic,gtm,17,hydraulic/permutation/replicate9,hydraulic,permutation,9,0.046421227278171495,0.10838965830724044
diagnostic,gtm,17,hydraulic/permutation/replicate90,hydraulic,permutation,90,0.046421227278171495,0.10838965830724044
diagnostic,gtm,17,hydraulic/permutation/replicate91,hydraulic,permutation,91,0.046421227278171495,0.10838965830724044
diagnostic,gtm,17,hydraulic/permutation/replicate92,hydraulic,permutation,92,0.046421227278171495,0.10838965830724044
diagnostic,gtm,17,hydraulic/permutation/replicate93,hydraulic,permutation,93,0.046421227278171495,0.10838965830724044
diagnostic,gtm,17,hydraulic/permutation/replicate94,hydraulic,permutation,94,0.046421227278171495,0.10838965830724044
diagnostic,gtm,17,hydraulic/permutation/replicate95,hydraulic,permutation,95,0.046421227278171495,0.10838965830724044
diagnostic,gtm,17,hydraulic/permutation/replicate96,hydraulic,permutation,96,0.046421227278171495,0.10838965830724044
diagnostic,gtm,17,hydraulic/permutation/replicate97,hydraulic,permutation,97,0.046421227278171495,0.10838965830724044
diagnostic,gtm,17,hydraulic/permutation/replicate98,hydraulic,permutation,98,0.046421227278171495,0.10838965830724044
diagnostic,gtm,17,hydraulic/permutation/replicate99,hydraulic,permutation,99,0.046421227278171495,0.10838965830724044
diagnostic,gtm,17,metropt/condition/legal_gauge_canonical_preprocessing/replicate0,metropt,legal_gauge_canonical_preprocessing,0,0.5079545800132715,0.9762620177609849
diagnostic,gtm,17,metropt/condition/legal_gauge_direct/replicate0,metropt,legal_gauge_direct,0,0.507951026223176,0.9762684249137199
diagnostic,gtm,17,metropt/condition/reference/replicate0,metropt,reference,0,0.507954561790152,0.9762620464969385
diagnostic,gtm,17,metropt/permutation/reference,metropt,reference,0,0.37173324677315567,0.6981698096947561
diagnostic,gtm,17,metropt/permutation/replicate0,metropt,permutation,0,0.37173324677315567,0.6981698096947561
diagnostic,gtm,17,metropt/permutation/replicate1,metropt,permutation,1,0.37173324677315567,0.6981698096947561
diagnostic,gtm,17,metropt/permutation/replicate10,metropt,permutation,10,0.37173324677315567,0.6981698096947561
diagnostic,gtm,17,metropt/permutation/replicate11,metropt,permutation,11,0.37173324677315567,0.6981698096947561
diagnostic,gtm,17,metropt/permutation/replicate12,metropt,permutation,12,0.37173324677315567,0.6981698096947561
diagnostic,gtm,17,metropt/permutation/replicate13,metropt,permutation,13,0.37173324677315567,0.6981698096947561
diagnostic,gtm,17,metropt/permutation/replicate14,metropt,permutation,14,0.37173324677315567,0.6981698096947561
diagnostic,gtm,17,metropt/permutation/replicate15,metropt,permutation,15,0.37173324677315567,0.6981698096947561
diagnostic,gtm,17,metropt/permutation/replicate16,metropt,permutation,16,0.37173324677315567,0.6981698096947561
diagnostic,gtm,17,metropt/permutation/replicate17,metropt,permutation,17,0.37173324677315567,0.6981698096947561
diagnostic,gtm,17,metropt/permutation/replicate18,metropt,permutation,18,0.37173324677315567,0.6981698096947561
diagnostic,gtm,17,metropt/permutation/replicate19,metropt,permutation,19,0.37173324677315567,0.6981698096947561
diagnostic,gtm,17,metropt/permutation/replicate2,metropt,permutation,2,0.37173324677315567,0.6981698096947561
diagnostic,gtm,17,metropt/permutation/replicate20,metropt,permutation,20,0.37173324677315567,0.6981698096947561
diagnostic,gtm,17,metropt/permutation/replicate21,metropt,permutation,21,0.37173324677315567,0.6981698096947561
diagnostic,gtm,17,metropt/permutation/replicate22,metropt,permutation,22,0.37173324677315567,0.6981698096947561
diagnostic,gtm,17,metropt/permutation/replicate23,metropt,permutation,23,0.37173324677315567,0.6981698096947561
diagnostic,gtm,17,metropt/permutation/replicate24,metropt,permutation,24,0.37173324677315567,0.6981698096947561
diagnostic,gtm,17,metropt/permutation/replicate25,metropt,permutation,25,0.37173324677315567,0.6981698096947561
diagnostic,gtm,17,metropt/permutation/replicate26,metropt,permutation,26,0.37173324677315567,0.6981698096947561
diagnostic,gtm,17,metropt/permutation/replicate27,metropt,permutation,27,0.37173324677315567,0.6981698096947561
diagnostic,gtm,17,metropt/permutation/replicate28,metropt,permutation,28,0.37173324677315567,0.6981698096947561
diagnostic,gtm,17,metropt/permutation/replicate29,metropt,permutation,29,0.37173324677315567,0.6981698096947561
diagnostic,gtm,17,metropt/permutation/replicate3,metropt,permutation,3,0.37173324677315567,0.6981698096947561
diagnostic,gtm,17,metropt/permutation/replicate30,metropt,permutation,30,0.37173324677315567,0.6981698096947561
diagnostic,gtm,17,metropt/permutation/replicate31,metropt,permutation,31,0.37173324677315567,0.6981698096947561
diagnostic,gtm,17,metropt/permutation/replicate32,metropt,permutation,32,0.37173324677315567,0.6981698096947561
diagnostic,gtm,17,metropt/permutation/replicate33,metropt,permutation,33,0.37173324677315567,0.6981698096947561
diagnostic,gtm,17,metropt/permutation/replicate34,metropt,permutation,34,0.37173324677315567,0.6981698096947561
diagnostic,gtm,17,metropt/permutation/replicate35,metropt,permutation,35,0.37173324677315567,0.6981698096947561
diagnostic,gtm,17,metropt/permutation/replicate36,metropt,permutation,36,0.37173324677315567,0.6981698096947561
diagnostic,gtm,17,metropt/permutation/replicate37,metropt,permutation,37,0.37173324677315567,0.6981698096947561
diagnostic,gtm,17,metropt/permutation/replicate38,metropt,permutation,38,0.37173324677315567,0.6981698096947561
diagnostic,gtm,17,metropt/permutation/replicate39,metropt,permutation,39,0.37173324677315567,0.6981698096947561
diagnostic,gtm,17,metropt/permutation/replicate4,metropt,permutation,4,0.37173324677315567,0.6981698096947561
diagnostic,gtm,17,metropt/permutation/replicate40,metropt,permutation,40,0.37173324677315567,0.6981698096947561
diagnostic,gtm,17,metropt/permutation/replicate41,metropt,permutation,41,0.37173324677315567,0.6981698096947561
diagnostic,gtm,17,metropt/permutation/replicate42,metropt,permutation,42,0.37173324677315567,0.6981698096947561
diagnostic,gtm,17,metropt/permutation/replicate43,metropt,permutation,43,0.37173324677315567,0.6981698096947561
diagnostic,gtm,17,metropt/permutation/replicate44,metropt,permutation,44,0.37173324677315567,0.6981698096947561
diagnostic,gtm,17,metropt/permutation/replicate45,metropt,permutation,45,0.37173324677315567,0.6981698096947561
diagnostic,gtm,17,metropt/permutation/replicate46,metropt,permutation,46,0.37173324677315567,0.6981698096947561
diagnostic,gtm,17,metropt/permutation/replicate47,metropt,permutation,47,0.37173324677315567,0.6981698096947561
diagnostic,gtm,17,metropt/permutation/replicate48,metropt,permutation,48,0.37173324677315567,0.6981698096947561
diagnostic,gtm,17,metropt/permutation/replicate49,metropt,permutation,49,0.37173324677315567,0.6981698096947561
diagnostic,gtm,17,metropt/permutation/replicate5,metropt,permutation,5,0.37173324677315567,0.6981698096947561
diagnostic,gtm,17,metropt/permutation/replicate50,metropt,permutation,50,0.37173324677315567,0.6981698096947561
diagnostic,gtm,17,metropt/permutation/replicate51,metropt,permutation,51,0.37173324677315567,0.6981698096947561
diagnostic,gtm,17,metropt/permutation/replicate52,metropt,permutation,52,0.37173324677315567,0.6981698096947561
diagnostic,gtm,17,metropt/permutation/replicate53,metropt,permutation,53,0.37173324677315567,0.6981698096947561
diagnostic,gtm,17,metropt/permutation/replicate54,metropt,permutation,54,0.37173324677315567,0.6981698096947561
diagnostic,gtm,17,metropt/permutation/replicate55,metropt,permutation,55,0.37173324677315567,0.6981698096947561
diagnostic,gtm,17,metropt/permutation/replicate56,metropt,permutation,56,0.37173324677315567,0.6981698096947561
diagnostic,gtm,17,metropt/permutation/replicate57,metropt,permutation,57,0.37173324677315567,0.6981698096947561
diagnostic,gtm,17,metropt/permutation/replicate58,metropt,permutation,58,0.37173324677315567,0.6981698096947561
diagnostic,gtm,17,metropt/permutation/replicate59,metropt,permutation,59,0.37173324677315567,0.6981698096947561
diagnostic,gtm,17,metropt/permutation/replicate6,metropt,permutation,6,0.37173324677315567,0.6981698096947561
diagnostic,gtm,17,metropt/permutation/replicate60,metropt,permutation,60,0.37173324677315567,0.6981698096947561
diagnostic,gtm,17,metropt/permutation/replicate61,metropt,permutation,61,0.37173324677315567,0.6981698096947561
diagnostic,gtm,17,metropt/permutation/replicate62,metropt,permutation,62,0.37173324677315567,0.6981698096947561
diagnostic,gtm,17,metropt/permutation/replicate63,metropt,permutation,63,0.37173324677315567,0.6981698096947561
diagnostic,gtm,17,metropt/permutation/replicate64,metropt,permutation,64,0.37173324677315567,0.6981698096947561
diagnostic,gtm,17,metropt/permutation/replicate65,metropt,permutation,65,0.37173324677315567,0.6981698096947561
diagnostic,gtm,17,metropt/permutation/replicate66,metropt,permutation,66,0.37173324677315567,0.6981698096947561
diagnostic,gtm,17,metropt/permutation/replicate67,metropt,permutation,67,0.37173324677315567,0.6981698096947561
diagnostic,gtm,17,metropt/permutation/replicate68,metropt,permutation,68,0.37173324677315567,0.6981698096947561
diagnostic,gtm,17,metropt/permutation/replicate69,metropt,permutation,69,0.37173324677315567,0.6981698096947561
diagnostic,gtm,17,metropt/permutation/replicate7,metropt,permutation,7,0.37173324677315567,0.6981698096947561
diagnostic,gtm,17,metropt/permutation/replicate70,metropt,permutation,70,0.37173324677315567,0.6981698096947561
diagnostic,gtm,17,metropt/permutation/replicate71,metropt,permutation,71,0.37173324677315567,0.6981698096947561
diagnostic,gtm,17,metropt/permutation/replicate72,metropt,permutation,72,0.37173324677315567,0.6981698096947561
diagnostic,gtm,17,metropt/permutation/replicate73,metropt,permutation,73,0.37173324677315567,0.6981698096947561
diagnostic,gtm,17,metropt/permutation/replicate74,metropt,permutation,74,0.37173324677315567,0.6981698096947561
diagnostic,gtm,17,metropt/permutation/replicate75,metropt,permutation,75,0.37173324677315567,0.6981698096947561
diagnostic,gtm,17,metropt/permutation/replicate76,metropt,permutation,76,0.37173324677315567,0.6981698096947561
diagnostic,gtm,17,metropt/permutation/replicate77,metropt,permutation,77,0.37173324677315567,0.6981698096947561
diagnostic,gtm,17,metropt/permutation/replicate78,metropt,permutation,78,0.37173324677315567,0.6981698096947561
diagnostic,gtm,17,metropt/permutation/replicate79,metropt,permutation,79,0.37173324677315567,0.6981698096947561
diagnostic,gtm,17,metropt/permutation/replicate8,metropt,permutation,8,0.37173324677315567,0.6981698096947561
diagnostic,gtm,17,metropt/permutation/replicate80,metropt,permutation,80,0.37173324677315567,0.6981698096947561
diagnostic,gtm,17,metropt/permutation/replicate81,metropt,permutation,81,0.37173324677315567,0.6981698096947561
diagnostic,gtm,17,metropt/permutation/replicate82,metropt,permutation,82,0.37173324677315567,0.6981698096947561
diagnostic,gtm,17,metropt/permutation/replicate83,metropt,permutation,83,0.37173324677315567,0.6981698096947561
diagnostic,gtm,17,metropt/permutation/replicate84,metropt,permutation,84,0.37173324677315567,0.6981698096947561
diagnostic,gtm,17,metropt/permutation/replicate85,metropt,permutation,85,0.37173324677315567,0.6981698096947561
diagnostic,gtm,17,metropt/permutation/replicate86,metropt,permutation,86,0.37173324677315567,0.6981698096947561
diagnostic,gtm,17,metropt/permutation/replicate87,metropt,permutation,87,0.37173324677315567,0.6981698096947561
diagnostic,gtm,17,metropt/permutation/replicate88,metropt,permutation,88,0.37173324677315567,0.6981698096947561
diagnostic,gtm,17,metropt/permutation/replicate89,metropt,permutation,89,0.37173324677315567,0.6981698096947561
diagnostic,gtm,17,metropt/permutation/replicate9,metropt,permutation,9,0.37173324677315567,0.6981698096947561
diagnostic,gtm,17,metropt/permutation/replicate90,metropt,permutation,90,0.37173324677315567,0.6981698096947561
diagnostic,gtm,17,metropt/permutation/replicate91,metropt,permutation,91,0.37173324677315567,0.6981698096947561
diagnostic,gtm,17,metropt/permutation/replicate92,metropt,permutation,92,0.37173324677315567,0.6981698096947561
diagnostic,gtm,17,metropt/permutation/replicate93,metropt,permutation,93,0.37173324677315567,0.6981698096947561
diagnostic,gtm,17,metropt/permutation/replicate94,metropt,permutation,94,0.37173324677315567,0.6981698096947561
diagnostic,gtm,17,metropt/permutation/replicate95,metropt,permutation,95,0.37173324677315567,0.6981698096947561
diagnostic,gtm,17,metropt/permutation/replicate96,metropt,permutation,96,0.37173324677315567,0.6981698096947561
diagnostic,gtm,17,metropt/permutation/replicate97,metropt,permutation,97,0.37173324677315567,0.6981698096947561
diagnostic,gtm,17,metropt/permutation/replicate98,metropt,permutation,98,0.37173324677315567,0.6981698096947561
diagnostic,gtm,17,metropt/permutation/replicate99,metropt,permutation,99,0.37173324677315567,0.6981698096947561
diagnostic,gtm,17,pmsm/condition/legal_gauge_canonical_preprocessing/replicate0,pmsm,legal_gauge_canonical_preprocessing,0,0.0780647506325278,0.21429943486774441
diagnostic,gtm,17,pmsm/condition/legal_gauge_direct/replicate0,pmsm,legal_gauge_direct,0,0.08508550880929722,0.223403772828841
diagnostic,gtm,17,pmsm/condition/reference/replicate0,pmsm,reference,0,0.07806475838993837,0.2142994332210978
diagnostic,gtm,17,pmsm/permutation/reference,pmsm,reference,0,0.09509196689960392,0.2613385989821635
diagnostic,gtm,17,pmsm/permutation/replicate0,pmsm,permutation,0,0.09509196689960392,0.2613385989821635
diagnostic,gtm,17,pmsm/permutation/replicate1,pmsm,permutation,1,0.09509196689960392,0.2613385989821635
diagnostic,gtm,17,pmsm/permutation/replicate10,pmsm,permutation,10,0.09509196689960392,0.2613385989821635
diagnostic,gtm,17,pmsm/permutation/replicate11,pmsm,permutation,11,0.09509196689960392,0.2613385989821635
diagnostic,gtm,17,pmsm/permutation/replicate12,pmsm,permutation,12,0.09509196689960392,0.2613385989821635
diagnostic,gtm,17,pmsm/permutation/replicate13,pmsm,permutation,13,0.09509196689960392,0.2613385989821635
diagnostic,gtm,17,pmsm/permutation/replicate14,pmsm,permutation,14,0.09509196689960392,0.2613385989821635
diagnostic,gtm,17,pmsm/permutation/replicate15,pmsm,permutation,15,0.09509196689960392,0.2613385989821635
diagnostic,gtm,17,pmsm/permutation/replicate16,pmsm,permutation,16,0.09509196689960392,0.2613385989821635
diagnostic,gtm,17,pmsm/permutation/replicate17,pmsm,permutation,17,0.09509196689960392,0.2613385989821635
diagnostic,gtm,17,pmsm/permutation/replicate18,pmsm,permutation,18,0.09509196689960392,0.2613385989821635
diagnostic,gtm,17,pmsm/permutation/replicate19,pmsm,permutation,19,0.09509196689960392,0.2613385989821635
diagnostic,gtm,17,pmsm/permutation/replicate2,pmsm,permutation,2,0.09509196689960392,0.2613385989821635
diagnostic,gtm,17,pmsm/permutation/replicate20,pmsm,permutation,20,0.09509196689960392,0.2613385989821635
diagnostic,gtm,17,pmsm/permutation/replicate21,pmsm,permutation,21,0.09509196689960392,0.2613385989821635
diagnostic,gtm,17,pmsm/permutation/replicate22,pmsm,permutation,22,0.09509196689960392,0.2613385989821635
diagnostic,gtm,17,pmsm/permutation/replicate23,pmsm,permutation,23,0.09509196689960392,0.2613385989821635
diagnostic,gtm,17,pmsm/permutation/replicate24,pmsm,permutation,24,0.09509196689960392,0.2613385989821635
diagnostic,gtm,17,pmsm/permutation/replicate25,pmsm,permutation,25,0.09509196689960392,0.2613385989821635
diagnostic,gtm,17,pmsm/permutation/replicate26,pmsm,permutation,26,0.09509196689960392,0.2613385989821635
diagnostic,gtm,17,pmsm/permutation/replicate27,pmsm,permutation,27,0.09509196689960392,0.2613385989821635
diagnostic,gtm,17,pmsm/permutation/replicate28,pmsm,permutation,28,0.09509196689960392,0.2613385989821635
diagnostic,gtm,17,pmsm/permutation/replicate29,pmsm,permutation,29,0.09509196689960392,0.2613385989821635
diagnostic,gtm,17,pmsm/permutation/replicate3,pmsm,permutation,3,0.09509196689960392,0.2613385989821635
diagnostic,gtm,17,pmsm/permutation/replicate30,pmsm,permutation,30,0.09509196689960392,0.2613385989821635
diagnostic,gtm,17,pmsm/permutation/replicate31,pmsm,permutation,31,0.09509196689960392,0.2613385989821635
diagnostic,gtm,17,pmsm/permutation/replicate32,pmsm,permutation,32,0.09509196689960392,0.2613385989821635
diagnostic,gtm,17,pmsm/permutation/replicate33,pmsm,permutation,33,0.09509196689960392,0.2613385989821635
diagnostic,gtm,17,pmsm/permutation/replicate34,pmsm,permutation,34,0.09509196689960392,0.2613385989821635
diagnostic,gtm,17,pmsm/permutation/replicate35,pmsm,permutation,35,0.09509196689960392,0.2613385989821635
diagnostic,gtm,17,pmsm/permutation/replicate36,pmsm,permutation,36,0.09509196689960392,0.2613385989821635
diagnostic,gtm,17,pmsm/permutation/replicate37,pmsm,permutation,37,0.09509196689960392,0.2613385989821635
diagnostic,gtm,17,pmsm/permutation/replicate38,pmsm,permutation,38,0.09509196689960392,0.2613385989821635
diagnostic,gtm,17,pmsm/permutation/replicate39,pmsm,permutation,39,0.09509196689960392,0.2613385989821635
diagnostic,gtm,17,pmsm/permutation/replicate4,pmsm,permutation,4,0.09509196689960392,0.2613385989821635
diagnostic,gtm,17,pmsm/permutation/replicate40,pmsm,permutation,40,0.09509196689960392,0.2613385989821635
diagnostic,gtm,17,pmsm/permutation/replicate41,pmsm,permutation,41,0.09509196689960392,0.2613385989821635
diagnostic,gtm,17,pmsm/permutation/replicate42,pmsm,permutation,42,0.09509196689960392,0.2613385989821635
diagnostic,gtm,17,pmsm/permutation/replicate43,pmsm,permutation,43,0.09509196689960392,0.2613385989821635
diagnostic,gtm,17,pmsm/permutation/replicate44,pmsm,permutation,44,0.09509196689960392,0.2613385989821635
diagnostic,gtm,17,pmsm/permutation/replicate45,pmsm,permutation,45,0.09509196689960392,0.2613385989821635
diagnostic,gtm,17,pmsm/permutation/replicate46,pmsm,permutation,46,0.09509196689960392,0.2613385989821635
diagnostic,gtm,17,pmsm/permutation/replicate47,pmsm,permutation,47,0.09509196689960392,0.2613385989821635
diagnostic,gtm,17,pmsm/permutation/replicate48,pmsm,permutation,48,0.09509196689960392,0.2613385989821635
diagnostic,gtm,17,pmsm/permutation/replicate49,pmsm,permutation,49,0.09509196689960392,0.2613385989821635
diagnostic,gtm,17,pmsm/permutation/replicate5,pmsm,permutation,5,0.09509196689960392,0.2613385989821635
diagnostic,gtm,17,pmsm/permutation/replicate50,pmsm,permutation,50,0.09509196689960392,0.2613385989821635
diagnostic,gtm,17,pmsm/permutation/replicate51,pmsm,permutation,51,0.09509196689960392,0.2613385989821635
diagnostic,gtm,17,pmsm/permutation/replicate52,pmsm,permutation,52,0.09509196689960392,0.2613385989821635
diagnostic,gtm,17,pmsm/permutation/replicate53,pmsm,permutation,53,0.09509196689960392,0.2613385989821635
diagnostic,gtm,17,pmsm/permutation/replicate54,pmsm,permutation,54,0.09509196689960392,0.2613385989821635
diagnostic,gtm,17,pmsm/permutation/replicate55,pmsm,permutation,55,0.09509196689960392,0.2613385989821635
diagnostic,gtm,17,pmsm/permutation/replicate56,pmsm,permutation,56,0.09509196689960392,0.2613385989821635
diagnostic,gtm,17,pmsm/permutation/replicate57,pmsm,permutation,57,0.09509196689960392,0.2613385989821635
diagnostic,gtm,17,pmsm/permutation/replicate58,pmsm,permutation,58,0.09509196689960392,0.2613385989821635
diagnostic,gtm,17,pmsm/permutation/replicate59,pmsm,permutation,59,0.09509196689960392,0.2613385989821635
diagnostic,gtm,17,pmsm/permutation/replicate6,pmsm,permutation,6,0.09509196689960392,0.2613385989821635
diagnostic,gtm,17,pmsm/permutation/replicate60,pmsm,permutation,60,0.09509196689960392,0.2613385989821635
diagnostic,gtm,17,pmsm/permutation/replicate61,pmsm,permutation,61,0.09509196689960392,0.2613385989821635
diagnostic,gtm,17,pmsm/permutation/replicate62,pmsm,permutation,62,0.09509196689960392,0.2613385989821635
diagnostic,gtm,17,pmsm/permutation/replicate63,pmsm,permutation,63,0.09509196689960392,0.2613385989821635
diagnostic,gtm,17,pmsm/permutation/replicate64,pmsm,permutation,64,0.09509196689960392,0.2613385989821635
diagnostic,gtm,17,pmsm/permutation/replicate65,pmsm,permutation,65,0.09509196689960392,0.2613385989821635
diagnostic,gtm,17,pmsm/permutation/replicate66,pmsm,permutation,66,0.09509196689960392,0.2613385989821635
diagnostic,gtm,17,pmsm/permutation/replicate67,pmsm,permutation,67,0.09509196689960392,0.2613385989821635
diagnostic,gtm,17,pmsm/permutation/replicate68,pmsm,permutation,68,0.09509196689960392,0.2613385989821635
diagnostic,gtm,17,pmsm/permutation/replicate69,pmsm,permutation,69,0.09509196689960392,0.2613385989821635
diagnostic,gtm,17,pmsm/permutation/replicate7,pmsm,permutation,7,0.09509196689960392,0.2613385989821635
diagnostic,gtm,17,pmsm/permutation/replicate70,pmsm,permutation,70,0.09509196689960392,0.2613385989821635
diagnostic,gtm,17,pmsm/permutation/replicate71,pmsm,permutation,71,0.09509196689960392,0.2613385989821635
diagnostic,gtm,17,pmsm/permutation/replicate72,pmsm,permutation,72,0.09509196689960392,0.2613385989821635
diagnostic,gtm,17,pmsm/permutation/replicate73,pmsm,permutation,73,0.09509196689960392,0.2613385989821635
diagnostic,gtm,17,pmsm/permutation/replicate74,pmsm,permutation,74,0.09509196689960392,0.2613385989821635
diagnostic,gtm,17,pmsm/permutation/replicate75,pmsm,permutation,75,0.09509196689960392,0.2613385989821635
diagnostic,gtm,17,pmsm/permutation/replicate76,pmsm,permutation,76,0.09509196689960392,0.2613385989821635
diagnostic,gtm,17,pmsm/permutation/replicate77,pmsm,permutation,77,0.09509196689960392,0.2613385989821635
diagnostic,gtm,17,pmsm/permutation/replicate78,pmsm,permutation,78,0.09509196689960392,0.2613385989821635
diagnostic,gtm,17,pmsm/permutation/replicate79,pmsm,permutation,79,0.09509196689960392,0.2613385989821635
diagnostic,gtm,17,pmsm/permutation/replicate8,pmsm,permutation,8,0.09509196689960392,0.2613385989821635
diagnostic,gtm,17,pmsm/permutation/replicate80,pmsm,permutation,80,0.09509196689960392,0.2613385989821635
diagnostic,gtm,17,pmsm/permutation/replicate81,pmsm,permutation,81,0.09509196689960392,0.2613385989821635
diagnostic,gtm,17,pmsm/permutation/replicate82,pmsm,permutation,82,0.09509196689960392,0.2613385989821635
diagnostic,gtm,17,pmsm/permutation/replicate83,pmsm,permutation,83,0.09509196689960392,0.2613385989821635
diagnostic,gtm,17,pmsm/permutation/replicate84,pmsm,permutation,84,0.09509196689960392,0.2613385989821635
diagnostic,gtm,17,pmsm/permutation/replicate85,pmsm,permutation,85,0.09509196689960392,0.2613385989821635
diagnostic,gtm,17,pmsm/permutation/replicate86,pmsm,permutation,86,0.09509196689960392,0.2613385989821635
diagnostic,gtm,17,pmsm/permutation/replicate87,pmsm,permutation,87,0.09509196689960392,0.2613385989821635
diagnostic,gtm,17,pmsm/permutation/replicate88,pmsm,permutation,88,0.09509196689960392,0.2613385989821635
diagnostic,gtm,17,pmsm/permutation/replicate89,pmsm,permutation,89,0.09509196689960392,0.2613385989821635
diagnostic,gtm,17,pmsm/permutation/replicate9,pmsm,permutation,9,0.09509196689960392,0.2613385989821635
diagnostic,gtm,17,pmsm/permutation/replicate90,pmsm,permutation,90,0.09509196689960392,0.2613385989821635
diagnostic,gtm,17,pmsm/permutation/replicate91,pmsm,permutation,91,0.09509196689960392,0.2613385989821635
diagnostic,gtm,17,pmsm/permutation/replicate92,pmsm,permutation,92,0.09509196689960392,0.2613385989821635
diagnostic,gtm,17,pmsm/permutation/replicate93,pmsm,permutation,93,0.09509196689960392,0.2613385989821635
diagnostic,gtm,17,pmsm/permutation/replicate94,pmsm,permutation,94,0.09509196689960392,0.2613385989821635
diagnostic,gtm,17,pmsm/permutation/replicate95,pmsm,permutation,95,0.09509196689960392,0.2613385989821635
diagnostic,gtm,17,pmsm/permutation/replicate96,pmsm,permutation,96,0.09509196689960392,0.2613385989821635
diagnostic,gtm,17,pmsm/permutation/replicate97,pmsm,permutation,97,0.09509196689960392,0.2613385989821635
diagnostic,gtm,17,pmsm/permutation/replicate98,pmsm,permutation,98,0.09509196689960392,0.2613385989821635
diagnostic,gtm,17,pmsm/permutation/replicate99,pmsm,permutation,99,0.09509196689960392,0.2613385989821635
diagnostic,gtm,17,steel_industry/condition/legal_gauge_canonical_preprocessing/replicate0,steel_industry,legal_gauge_canonical_preprocessing,0,0.34283776605816313,0.5919204187279893
diagnostic,gtm,17,steel_industry/condition/legal_gauge_direct/replicate0,steel_industry,legal_gauge_direct,0,0.34420137982508636,0.5925130346220321
diagnostic,gtm,17,steel_industry/condition/reference/replicate0,steel_industry,reference,0,0.34283777213494254,0.5919204195389465
diagnostic,gtm,17,steel_industry/permutation/reference,steel_industry,reference,0,0.36190217113515055,0.5976772960928836
diagnostic,gtm,17,steel_industry/permutation/replicate0,steel_industry,permutation,0,0.36190217113515055,0.5976772960928836
diagnostic,gtm,17,steel_industry/permutation/replicate1,steel_industry,permutation,1,0.36190217113515055,0.5976772960928836
diagnostic,gtm,17,steel_industry/permutation/replicate10,steel_industry,permutation,10,0.36190217113515055,0.5976772960928836
diagnostic,gtm,17,steel_industry/permutation/replicate11,steel_industry,permutation,11,0.36190217113515055,0.5976772960928836
diagnostic,gtm,17,steel_industry/permutation/replicate12,steel_industry,permutation,12,0.36190217113515055,0.5976772960928836
diagnostic,gtm,17,steel_industry/permutation/replicate13,steel_industry,permutation,13,0.36190217113515055,0.5976772960928836
diagnostic,gtm,17,steel_industry/permutation/replicate14,steel_industry,permutation,14,0.36190217113515055,0.5976772960928836
diagnostic,gtm,17,steel_industry/permutation/replicate15,steel_industry,permutation,15,0.36190217113515055,0.5976772960928836
diagnostic,gtm,17,steel_industry/permutation/replicate16,steel_industry,permutation,16,0.36190217113515055,0.5976772960928836
diagnostic,gtm,17,steel_industry/permutation/replicate17,steel_industry,permutation,17,0.36190217113515055,0.5976772960928836
diagnostic,gtm,17,steel_industry/permutation/replicate18,steel_industry,permutation,18,0.36190217113515055,0.5976772960928836
diagnostic,gtm,17,steel_industry/permutation/replicate19,steel_industry,permutation,19,0.36190217113515055,0.5976772960928836
diagnostic,gtm,17,steel_industry/permutation/replicate2,steel_industry,permutation,2,0.36190217113515055,0.5976772960928836
diagnostic,gtm,17,steel_industry/permutation/replicate20,steel_industry,permutation,20,0.36190217113515055,0.5976772960928836
diagnostic,gtm,17,steel_industry/permutation/replicate21,steel_industry,permutation,21,0.36190217113515055,0.5976772960928836
diagnostic,gtm,17,steel_industry/permutation/replicate22,steel_industry,permutation,22,0.36190217113515055,0.5976772960928836
diagnostic,gtm,17,steel_industry/permutation/replicate23,steel_industry,permutation,23,0.36190217113515055,0.5976772960928836
diagnostic,gtm,17,steel_industry/permutation/replicate24,steel_industry,permutation,24,0.36190217113515055,0.5976772960928836
diagnostic,gtm,17,steel_industry/permutation/replicate25,steel_industry,permutation,25,0.36190217113515055,0.5976772960928836
diagnostic,gtm,17,steel_industry/permutation/replicate26,steel_industry,permutation,26,0.36190217113515055,0.5976772960928836
diagnostic,gtm,17,steel_industry/permutation/replicate27,steel_industry,permutation,27,0.36190217113515055,0.5976772960928836
diagnostic,gtm,17,steel_industry/permutation/replicate28,steel_industry,permutation,28,0.36190217113515055,0.5976772960928836
diagnostic,gtm,17,steel_industry/permutation/replicate29,steel_industry,permutation,29,0.36190217113515055,0.5976772960928836
diagnostic,gtm,17,steel_industry/permutation/replicate3,steel_industry,permutation,3,0.36190217113515055,0.5976772960928836
diagnostic,gtm,17,steel_industry/permutation/replicate30,steel_industry,permutation,30,0.36190217113515055,0.5976772960928836
diagnostic,gtm,17,steel_industry/permutation/replicate31,steel_industry,permutation,31,0.36190217113515055,0.5976772960928836
diagnostic,gtm,17,steel_industry/permutation/replicate32,steel_industry,permutation,32,0.36190217113515055,0.5976772960928836
diagnostic,gtm,17,steel_industry/permutation/replicate33,steel_industry,permutation,33,0.36190217113515055,0.5976772960928836
diagnostic,gtm,17,steel_industry/permutation/replicate34,steel_industry,permutation,34,0.36190217113515055,0.5976772960928836
diagnostic,gtm,17,steel_industry/permutation/replicate35,steel_industry,permutation,35,0.36190217113515055,0.5976772960928836
diagnostic,gtm,17,steel_industry/permutation/replicate36,steel_industry,permutation,36,0.36190217113515055,0.5976772960928836
diagnostic,gtm,17,steel_industry/permutation/replicate37,steel_industry,permutation,37,0.36190217113515055,0.5976772960928836
diagnostic,gtm,17,steel_industry/permutation/replicate38,steel_industry,permutation,38,0.36190217113515055,0.5976772960928836
diagnostic,gtm,17,steel_industry/permutation/replicate39,steel_industry,permutation,39,0.36190217113515055,0.5976772960928836
diagnostic,gtm,17,steel_industry/permutation/replicate4,steel_industry,permutation,4,0.36190217113515055,0.5976772960928836
diagnostic,gtm,17,steel_industry/permutation/replicate40,steel_industry,permutation,40,0.36190217113515055,0.5976772960928836
diagnostic,gtm,17,steel_industry/permutation/replicate41,steel_industry,permutation,41,0.36190217113515055,0.5976772960928836
diagnostic,gtm,17,steel_industry/permutation/replicate42,steel_industry,permutation,42,0.36190217113515055,0.5976772960928836
diagnostic,gtm,17,steel_industry/permutation/replicate43,steel_industry,permutation,43,0.36190217113515055,0.5976772960928836
diagnostic,gtm,17,steel_industry/permutation/replicate44,steel_industry,permutation,44,0.36190217113515055,0.5976772960928836
diagnostic,gtm,17,steel_industry/permutation/replicate45,steel_industry,permutation,45,0.36190217113515055,0.5976772960928836
diagnostic,gtm,17,steel_industry/permutation/replicate46,steel_industry,permutation,46,0.36190217113515055,0.5976772960928836
diagnostic,gtm,17,steel_industry/permutation/replicate47,steel_industry,permutation,47,0.36190217113515055,0.5976772960928836
diagnostic,gtm,17,steel_industry/permutation/replicate48,steel_industry,permutation,48,0.36190217113515055,0.5976772960928836
diagnostic,gtm,17,steel_industry/permutation/replicate49,steel_industry,permutation,49,0.36190217113515055,0.5976772960928836
diagnostic,gtm,17,steel_industry/permutation/replicate5,steel_industry,permutation,5,0.36190217113515055,0.5976772960928836
diagnostic,gtm,17,steel_industry/permutation/replicate50,steel_industry,permutation,50,0.36190217113515055,0.5976772960928836
diagnostic,gtm,17,steel_industry/permutation/replicate51,steel_industry,permutation,51,0.36190217113515055,0.5976772960928836
diagnostic,gtm,17,steel_industry/permutation/replicate52,steel_industry,permutation,52,0.36190217113515055,0.5976772960928836
diagnostic,gtm,17,steel_industry/permutation/replicate53,steel_industry,permutation,53,0.36190217113515055,0.5976772960928836
diagnostic,gtm,17,steel_industry/permutation/replicate54,steel_industry,permutation,54,0.36190217113515055,0.5976772960928836
diagnostic,gtm,17,steel_industry/permutation/replicate55,steel_industry,permutation,55,0.36190217113515055,0.5976772960928836
diagnostic,gtm,17,steel_industry/permutation/replicate56,steel_industry,permutation,56,0.36190217113515055,0.5976772960928836
diagnostic,gtm,17,steel_industry/permutation/replicate57,steel_industry,permutation,57,0.36190217113515055,0.5976772960928836
diagnostic,gtm,17,steel_industry/permutation/replicate58,steel_industry,permutation,58,0.36190217113515055,0.5976772960928836
diagnostic,gtm,17,steel_industry/permutation/replicate59,steel_industry,permutation,59,0.36190217113515055,0.5976772960928836
diagnostic,gtm,17,steel_industry/permutation/replicate6,steel_industry,permutation,6,0.36190217113515055,0.5976772960928836
diagnostic,gtm,17,steel_industry/permutation/replicate60,steel_industry,permutation,60,0.36190217113515055,0.5976772960928836
diagnostic,gtm,17,steel_industry/permutation/replicate61,steel_industry,permutation,61,0.36190217113515055,0.5976772960928836
diagnostic,gtm,17,steel_industry/permutation/replicate62,steel_industry,permutation,62,0.36190217113515055,0.5976772960928836
diagnostic,gtm,17,steel_industry/permutation/replicate63,steel_industry,permutation,63,0.36190217113515055,0.5976772960928836
diagnostic,gtm,17,steel_industry/permutation/replicate64,steel_industry,permutation,64,0.36190217113515055,0.5976772960928836
diagnostic,gtm,17,steel_industry/permutation/replicate65,steel_industry,permutation,65,0.36190217113515055,0.5976772960928836
diagnostic,gtm,17,steel_industry/permutation/replicate66,steel_industry,permutation,66,0.36190217113515055,0.5976772960928836
diagnostic,gtm,17,steel_industry/permutation/replicate67,steel_industry,permutation,67,0.36190217113515055,0.5976772960928836
diagnostic,gtm,17,steel_industry/permutation/replicate68,steel_industry,permutation,68,0.36190217113515055,0.5976772960928836
diagnostic,gtm,17,steel_industry/permutation/replicate69,steel_industry,permutation,69,0.36190217113515055,0.5976772960928836
diagnostic,gtm,17,steel_industry/permutation/replicate7,steel_industry,permutation,7,0.36190217113515055,0.5976772960928836
diagnostic,gtm,17,steel_industry/permutation/replicate70,steel_industry,permutation,70,0.36190217113515055,0.5976772960928836
diagnostic,gtm,17,steel_industry/permutation/replicate71,steel_industry,permutation,71,0.36190217113515055,0.5976772960928836
diagnostic,gtm,17,steel_industry/permutation/replicate72,steel_industry,permutation,72,0.36190217113515055,0.5976772960928836
diagnostic,gtm,17,steel_industry/permutation/replicate73,steel_industry,permutation,73,0.36190217113515055,0.5976772960928836
diagnostic,gtm,17,steel_industry/permutation/replicate74,steel_industry,permutation,74,0.36190217113515055,0.5976772960928836
diagnostic,gtm,17,steel_industry/permutation/replicate75,steel_industry,permutation,75,0.36190217113515055,0.5976772960928836
diagnostic,gtm,17,steel_industry/permutation/replicate76,steel_industry,permutation,76,0.36190217113515055,0.5976772960928836
diagnostic,gtm,17,steel_industry/permutation/replicate77,steel_industry,permutation,77,0.36190217113515055,0.5976772960928836
diagnostic,gtm,17,steel_industry/permutation/replicate78,steel_industry,permutation,78,0.36190217113515055,0.5976772960928836
diagnostic,gtm,17,steel_industry/permutation/replicate79,steel_industry,permutation,79,0.36190217113515055,0.5976772960928836
diagnostic,gtm,17,steel_industry/permutation/replicate8,steel_industry,permutation,8,0.36190217113515055,0.5976772960928836
diagnostic,gtm,17,steel_industry/permutation/replicate80,steel_industry,permutation,80,0.36190217113515055,0.5976772960928836
diagnostic,gtm,17,steel_industry/permutation/replicate81,steel_industry,permutation,81,0.36190217113515055,0.5976772960928836
diagnostic,gtm,17,steel_industry/permutation/replicate82,steel_industry,permutation,82,0.36190217113515055,0.5976772960928836
diagnostic,gtm,17,steel_industry/permutation/replicate83,steel_industry,permutation,83,0.36190217113515055,0.5976772960928836
diagnostic,gtm,17,steel_industry/permutation/replicate84,steel_industry,permutation,84,0.36190217113515055,0.5976772960928836
diagnostic,gtm,17,steel_industry/permutation/replicate85,steel_industry,permutation,85,0.36190217113515055,0.5976772960928836
diagnostic,gtm,17,steel_industry/permutation/replicate86,steel_industry,permutation,86,0.36190217113515055,0.5976772960928836
diagnostic,gtm,17,steel_industry/permutation/replicate87,steel_industry,permutation,87,0.36190217113515055,0.5976772960928836
diagnostic,gtm,17,steel_industry/permutation/replicate88,steel_industry,permutation,88,0.36190217113515055,0.5976772960928836
diagnostic,gtm,17,steel_industry/permutation/replicate89,steel_industry,permutation,89,0.36190217113515055,0.5976772960928836
diagnostic,gtm,17,steel_industry/permutation/replicate9,steel_industry,permutation,9,0.36190217113515055,0.5976772960928836
diagnostic,gtm,17,steel_industry/permutation/replicate90,steel_industry,permutation,90,0.36190217113515055,0.5976772960928836
diagnostic,gtm,17,steel_industry/permutation/replicate91,steel_industry,permutation,91,0.36190217113515055,0.5976772960928836
diagnostic,gtm,17,steel_industry/permutation/replicate92,steel_industry,permutation,92,0.36190217113515055,0.5976772960928836
diagnostic,gtm,17,steel_industry/permutation/replicate93,steel_industry,permutation,93,0.36190217113515055,0.5976772960928836
diagnostic,gtm,17,steel_industry/permutation/replicate94,steel_industry,permutation,94,0.36190217113515055,0.5976772960928836
diagnostic,gtm,17,steel_industry/permutation/replicate95,steel_industry,permutation,95,0.36190217113515055,0.5976772960928836
diagnostic,gtm,17,steel_industry/permutation/replicate96,steel_industry,permutation,96,0.36190217113515055,0.5976772960928836
diagnostic,gtm,17,steel_industry/permutation/replicate97,steel_industry,permutation,97,0.36190217113515055,0.5976772960928836
diagnostic,gtm,17,steel_industry/permutation/replicate98,steel_industry,permutation,98,0.36190217113515055,0.5976772960928836
diagnostic,gtm,17,steel_industry/permutation/replicate99,steel_industry,permutation,99,0.36190217113515055,0.5976772960928836
development,unitime,17,building_energy/deletion_30/rep0,building_energy,deletion_30,0,0.2769539588418138,0.4249383658451947
development,unitime,17,building_energy/deletion_30/rep1,building_energy,deletion_30,1,0.2769539588418138,0.4249383658451947
development,unitime,17,building_energy/deletion_30/rep2,building_energy,deletion_30,2,0.2769539588418138,0.4249383658451947
development,unitime,17,building_energy/deletion_50/rep0,building_energy,deletion_50,0,0.2769539588418138,0.4249383658451947
development,unitime,17,building_energy/deletion_50/rep1,building_energy,deletion_50,1,0.2769539588418138,0.4249383658451947
development,unitime,17,building_energy/deletion_50/rep2,building_energy,deletion_50,2,0.2769539588418138,0.4249383658451947
development,unitime,17,building_energy/insertion_1/rep0,building_energy,insertion_1,0,0.2769539588418138,0.4249383658451947
development,unitime,17,building_energy/insertion_1/rep1,building_energy,insertion_1,1,0.2769539588418138,0.4249383658451947
development,unitime,17,building_energy/insertion_1/rep2,building_energy,insertion_1,2,0.2769539588418138,0.4249383658451947
development,unitime,17,building_energy/insertion_4/rep0,building_energy,insertion_4,0,0.2769539588418138,0.4249383658451947
development,unitime,17,building_energy/insertion_4/rep1,building_energy,insertion_4,1,0.2769539588418138,0.4249383658451947
development,unitime,17,building_energy/insertion_4/rep2,building_energy,insertion_4,2,0.2769539588418138,0.4249383658451947
development,unitime,17,building_energy/legal_gauge_canonical_preprocessing/rep0,building_energy,legal_gauge_canonical_preprocessing,0,0.27695401188654983,0.42493834095185073
development,unitime,17,building_energy/legal_gauge_direct/rep0,building_energy,legal_gauge_direct,0,0.2900093096756121,0.43616772969875556
development,unitime,17,building_energy/permutation/rep0,building_energy,permutation,0,0.2769539588418138,0.4249383658451947
development,unitime,17,building_energy/permutation/rep1,building_energy,permutation,1,0.2769539588418138,0.4249383658451947
development,unitime,17,building_energy/permutation/rep2,building_energy,permutation,2,0.2769539588418138,0.4249383658451947
development,unitime,17,building_energy/reference/rep0,building_energy,reference,0,0.2769539588418138,0.4249383658451947
development,unitime,17,hydraulic/deletion_30/rep0,hydraulic,deletion_30,0,0.09074864768490094,0.15501067902682739
development,unitime,17,hydraulic/deletion_30/rep1,hydraulic,deletion_30,1,0.09074864768490094,0.15501067902682739
development,unitime,17,hydraulic/deletion_30/rep2,hydraulic,deletion_30,2,0.09074864768490094,0.15501067902682739
development,unitime,17,hydraulic/deletion_50/rep0,hydraulic,deletion_50,0,0.09074864768490094,0.15501067902682739
development,unitime,17,hydraulic/deletion_50/rep1,hydraulic,deletion_50,1,0.09074864768490094,0.15501067902682739
development,unitime,17,hydraulic/deletion_50/rep2,hydraulic,deletion_50,2,0.09074864768490094,0.15501067902682739
development,unitime,17,hydraulic/insertion_1/rep0,hydraulic,insertion_1,0,0.09074864768490094,0.15501067902682739
development,unitime,17,hydraulic/insertion_1/rep1,hydraulic,insertion_1,1,0.09074864768490094,0.15501067902682739
development,unitime,17,hydraulic/insertion_1/rep2,hydraulic,insertion_1,2,0.09074864768490094,0.15501067902682739
development,unitime,17,hydraulic/insertion_4/rep0,hydraulic,insertion_4,0,0.09074864807079104,0.15501067328116483
development,unitime,17,hydraulic/insertion_4/rep1,hydraulic,insertion_4,1,0.09074864807079104,0.15501067328116483
development,unitime,17,hydraulic/insertion_4/rep2,hydraulic,insertion_4,2,0.09074864807079104,0.15501067328116483
development,unitime,17,hydraulic/legal_gauge_canonical_preprocessing/rep0,hydraulic,legal_gauge_canonical_preprocessing,0,0.09074864948104887,0.15501068657946723
development,unitime,17,hydraulic/legal_gauge_direct/rep0,hydraulic,legal_gauge_direct,0,1.3262377996636656,1.7354701115833713
development,unitime,17,hydraulic/permutation/rep0,hydraulic,permutation,0,0.09074864768490094,0.15501067902682739
development,unitime,17,hydraulic/permutation/rep1,hydraulic,permutation,1,0.09074864768490094,0.15501067902682739
development,unitime,17,hydraulic/permutation/rep2,hydraulic,permutation,2,0.09074864768490094,0.15501067902682739
development,unitime,17,hydraulic/reference/rep0,hydraulic,reference,0,0.09074864768490094,0.15501067902682739
development,unitime,17,metropt/deletion_30/rep0,metropt,deletion_30,0,0.46217821680238813,0.95558734493053
development,unitime,17,metropt/deletion_30/rep1,metropt,deletion_30,1,0.46217821680238813,0.95558734493053
development,unitime,17,metropt/deletion_30/rep2,metropt,deletion_30,2,0.46217821680238813,0.95558734493053
development,unitime,17,metropt/deletion_50/rep0,metropt,deletion_50,0,0.46217821680238813,0.95558734493053
development,unitime,17,metropt/deletion_50/rep1,metropt,deletion_50,1,0.46217821680238813,0.95558734493053
development,unitime,17,metropt/deletion_50/rep2,metropt,deletion_50,2,0.46217821680238813,0.95558734493053
development,unitime,17,metropt/insertion_1/rep0,metropt,insertion_1,0,0.4621782125559059,0.9555873393808029
development,unitime,17,metropt/insertion_1/rep1,metropt,insertion_1,1,0.4621782125559059,0.9555873393808029
development,unitime,17,metropt/insertion_1/rep2,metropt,insertion_1,2,0.4621782125559059,0.9555873393808029
development,unitime,17,metropt/insertion_4/rep0,metropt,insertion_4,0,0.4621782133731359,0.9555873472295956
development,unitime,17,metropt/insertion_4/rep1,metropt,insertion_4,1,0.4621782133731359,0.9555873472295956
development,unitime,17,metropt/insertion_4/rep2,metropt,insertion_4,2,0.4621782133731359,0.9555873472295956
development,unitime,17,metropt/legal_gauge_canonical_preprocessing/rep0,metropt,legal_gauge_canonical_preprocessing,0,0.4621782296786666,0.9555873604689137
development,unitime,17,metropt/legal_gauge_direct/rep0,metropt,legal_gauge_direct,0,0.46217920439916743,0.9555893532424953
development,unitime,17,metropt/permutation/rep0,metropt,permutation,0,0.4621782125559059,0.9555873393808029
development,unitime,17,metropt/permutation/rep1,metropt,permutation,1,0.4621782125559059,0.9555873393808029
development,unitime,17,metropt/permutation/rep2,metropt,permutation,2,0.4621782125559059,0.9555873393808029
development,unitime,17,metropt/reference/rep0,metropt,reference,0,0.4621782125559059,0.9555873393808029
development,unitime,17,pmsm/deletion_30/rep0,pmsm,deletion_30,0,0.05763814001335668,0.1554632152553019
development,unitime,17,pmsm/deletion_30/rep1,pmsm,deletion_30,1,0.05763814001335668,0.1554632152553019
development,unitime,17,pmsm/deletion_30/rep2,pmsm,deletion_30,2,0.05763814001335668,0.1554632152553019
development,unitime,17,pmsm/deletion_50/rep0,pmsm,deletion_50,0,0.05763814001335668,0.1554632152553019
development,unitime,17,pmsm/deletion_50/rep1,pmsm,deletion_50,1,0.05763814001335668,0.1554632152553019
development,unitime,17,pmsm/deletion_50/rep2,pmsm,deletion_50,2,0.05763814001335668,0.1554632152553019
development,unitime,17,pmsm/insertion_1/rep0,pmsm,insertion_1,0,0.057638141442000246,0.15546321619762182
development,unitime,17,pmsm/insertion_1/rep1,pmsm,insertion_1,1,0.057638141442000246,0.15546321619762182
development,unitime,17,pmsm/insertion_1/rep2,pmsm,insertion_1,2,0.057638141442000246,0.15546321619762182
development,unitime,17,pmsm/insertion_4/rep0,pmsm,insertion_4,0,0.057638140063989096,0.1554632148040945
development,unitime,17,pmsm/insertion_4/rep1,pmsm,insertion_4,1,0.057638140063989096,0.1554632148040945
development,unitime,17,pmsm/insertion_4/rep2,pmsm,insertion_4,2,0.057638140063989096,0.1554632148040945
development,unitime,17,pmsm/legal_gauge_canonical_preprocessing/rep0,pmsm,legal_gauge_canonical_preprocessing,0,0.05763814332253669,0.1554631935193002
development,unitime,17,pmsm/legal_gauge_direct/rep0,pmsm,legal_gauge_direct,0,0.07790719695387122,0.16986594427000448
development,unitime,17,pmsm/permutation/rep0,pmsm,permutation,0,0.05763814001335668,0.1554632152553019
development,unitime,17,pmsm/permutation/rep1,pmsm,permutation,1,0.05763814001335668,0.1554632152553019
development,unitime,17,pmsm/permutation/rep2,pmsm,permutation,2,0.05763814001335668,0.1554632152553019
development,unitime,17,pmsm/reference/rep0,pmsm,reference,0,0.05763814001335668,0.1554632152553019
development,unitime,17,steel_industry/deletion_30/rep0,steel_industry,deletion_30,0,1.0069002689877777,1.2741066689321316
development,unitime,17,steel_industry/deletion_30/rep1,steel_industry,deletion_30,1,1.0069002689877777,1.2741066689321316
development,unitime,17,steel_industry/deletion_30/rep2,steel_industry,deletion_30,2,1.0069002689877777,1.2741066689321316
development,unitime,17,steel_industry/deletion_50/rep0,steel_industry,deletion_50,0,1.0069002689877777,1.2741066689321316
development,unitime,17,steel_industry/deletion_50/rep1,steel_industry,deletion_50,1,1.0069002689877777,1.2741066689321316
development,unitime,17,steel_industry/deletion_50/rep2,steel_industry,deletion_50,2,1.0069002689877777,1.2741066689321316
development,unitime,17,steel_industry/insertion_1/rep0,steel_industry,insertion_1,0,0.37953784805754603,0.5929061533691121
development,unitime,17,steel_industry/insertion_1/rep1,steel_industry,insertion_1,1,0.37953784805754603,0.5929061533691121
development,unitime,17,steel_industry/insertion_1/rep2,steel_industry,insertion_1,2,0.37953784805754603,0.5929061533691121
development,unitime,17,steel_industry/insertion_4/rep0,steel_industry,insertion_4,0,0.37953784977474825,0.5929061560202179
development,unitime,17,steel_industry/insertion_4/rep1,steel_industry,insertion_4,1,0.37953784977474825,0.5929061560202179
development,unitime,17,steel_industry/insertion_4/rep2,steel_industry,insertion_4,2,0.37953784977474825,0.5929061560202179
development,unitime,17,steel_industry/legal_gauge_canonical_preprocessing/rep0,steel_industry,legal_gauge_canonical_preprocessing,0,0.3795378440555227,0.5929061521476429
development,unitime,17,steel_industry/legal_gauge_direct/rep0,steel_industry,legal_gauge_direct,0,0.3801720530563373,0.5938602028544391
development,unitime,17,steel_industry/permutation/rep0,steel_industry,permutation,0,0.3795378500332316,0.5929061556969175
development,unitime,17,steel_industry/permutation/rep1,steel_industry,permutation,1,0.3795378500332316,0.5929061556969175
development,unitime,17,steel_industry/permutation/rep2,steel_industry,permutation,2,0.3795378500332316,0.5929061556969175
development,unitime,17,steel_industry/reference/rep0,steel_industry,reference,0,0.3795378500332316,0.5929061556969175
development,unitime,29,building_energy/deletion_30/rep0,building_energy,deletion_30,0,0.28527929665208934,0.43427464416774114
development,unitime,29,building_energy/deletion_30/rep1,building_energy,deletion_30,1,0.28527929665208934,0.43427464416774114
development,unitime,29,building_energy/deletion_30/rep2,building_energy,deletion_30,2,0.28527929665208934,0.43427464416774114
development,unitime,29,building_energy/deletion_50/rep0,building_energy,deletion_50,0,0.28527929665208934,0.43427464416774114
development,unitime,29,building_energy/deletion_50/rep1,building_energy,deletion_50,1,0.28527929665208934,0.43427464416774114
development,unitime,29,building_energy/deletion_50/rep2,building_energy,deletion_50,2,0.28527929665208934,0.43427464416774114
development,unitime,29,building_energy/insertion_1/rep0,building_energy,insertion_1,0,0.28527929665208934,0.43427464416774114
development,unitime,29,building_energy/insertion_1/rep1,building_energy,insertion_1,1,0.28527929665208934,0.43427464416774114
development,unitime,29,building_energy/insertion_1/rep2,building_energy,insertion_1,2,0.28527929665208934,0.43427464416774114
development,unitime,29,building_energy/insertion_4/rep0,building_energy,insertion_4,0,0.28527929665208934,0.43427464416774114
development,unitime,29,building_energy/insertion_4/rep1,building_energy,insertion_4,1,0.28527929665208934,0.43427464416774114
development,unitime,29,building_energy/insertion_4/rep2,building_energy,insertion_4,2,0.28527929665208934,0.43427464416774114
development,unitime,29,building_energy/legal_gauge_canonical_preprocessing/rep0,building_energy,legal_gauge_canonical_preprocessing,0,0.285279406989365,0.4342746715704194
development,unitime,29,building_energy/legal_gauge_direct/rep0,building_energy,legal_gauge_direct,0,0.2998188038073075,0.4397317327829168
development,unitime,29,building_energy/permutation/rep0,building_energy,permutation,0,0.28527929665208934,0.43427464416774114
development,unitime,29,building_energy/permutation/rep1,building_energy,permutation,1,0.28527929665208934,0.43427464416774114
development,unitime,29,building_energy/permutation/rep2,building_energy,permutation,2,0.28527929665208934,0.43427464416774114
development,unitime,29,building_energy/reference/rep0,building_energy,reference,0,0.28527929665208934,0.43427464416774114
development,unitime,29,hydraulic/deletion_30/rep0,hydraulic,deletion_30,0,0.10292565269171101,0.1639142062318475
development,unitime,29,hydraulic/deletion_30/rep1,hydraulic,deletion_30,1,0.10292565269171101,0.1639142062318475
development,unitime,29,hydraulic/deletion_30/rep2,hydraulic,deletion_30,2,0.10292565269171101,0.1639142062318475
development,unitime,29,hydraulic/deletion_50/rep0,hydraulic,deletion_50,0,0.10292565269171101,0.1639142062318475
development,unitime,29,hydraulic/deletion_50/rep1,hydraulic,deletion_50,1,0.10292565269171101,0.1639142062318475
development,unitime,29,hydraulic/deletion_50/rep2,hydraulic,deletion_50,2,0.10292565269171101,0.1639142062318475
development,unitime,29,hydraulic/insertion_1/rep0,hydraulic,insertion_1,0,0.10292565269171101,0.1639142062318475
development,unitime,29,hydraulic/insertion_1/rep1,hydraulic,insertion_1,1,0.10292565269171101,0.1639142062318475
development,unitime,29,hydraulic/insertion_1/rep2,hydraulic,insertion_1,2,0.10292565269171101,0.1639142062318475
development,unitime,29,hydraulic/insertion_4/rep0,hydraulic,insertion_4,0,0.10292565378548722,0.16391421172083745
development,unitime,29,hydraulic/insertion_4/rep1,hydraulic,insertion_4,1,0.10292565378548722,0.16391421172083745
development,unitime,29,hydraulic/insertion_4/rep2,hydraulic,insertion_4,2,0.10292565378548722,0.16391421172083745
development,unitime,29,hydraulic/legal_gauge_canonical_preprocessing/rep0,hydraulic,legal_gauge_canonical_preprocessing,0,0.10292565277457394,0.16391420621519312
development,unitime,29,hydraulic/legal_gauge_direct/rep0,hydraulic,legal_gauge_direct,0,1.6412806078654683,1.9968361564000265
development,unitime,29,hydraulic/permutation/rep0,hydraulic,permutation,0,0.10292565269171101,0.1639142062318475
development,unitime,29,hydraulic/permutation/rep1,hydraulic,permutation,1,0.10292565269171101,0.1639142062318475
development,unitime,29,hydraulic/permutation/rep2,hydraulic,permutation,2,0.10292565269171101,0.1639142062318475
development,unitime,29,hydraulic/reference/rep0,hydraulic,reference,0,0.10292565269171101,0.1639142062318475
development,unitime,29,metropt/deletion_30/rep0,metropt,deletion_30,0,0.4727763693373079,0.9725060136891168
development,unitime,29,metropt/deletion_30/rep1,metropt,deletion_30,1,0.4727763693373079,0.9725060136891168
development,unitime,29,metropt/deletion_30/rep2,metropt,deletion_30,2,0.4727763693373079,0.9725060136891168
development,unitime,29,metropt/deletion_50/rep0,metropt,deletion_50,0,0.4727763693373079,0.9725060136891168
development,unitime,29,metropt/deletion_50/rep1,metropt,deletion_50,1,0.4727763693373079,0.9725060136891168
development,unitime,29,metropt/deletion_50/rep2,metropt,deletion_50,2,0.4727763693373079,0.9725060136891168
development,unitime,29,metropt/insertion_1/rep0,metropt,insertion_1,0,0.47277636718869026,0.9725060100359768
development,unitime,29,metropt/insertion_1/rep1,metropt,insertion_1,1,0.47277636718869026,0.9725060100359768
development,unitime,29,metropt/insertion_1/rep2,metropt,insertion_1,2,0.47277636718869026,0.9725060100359768
development,unitime,29,metropt/insertion_4/rep0,metropt,insertion_4,0,0.47277635025373055,0.9725060067590893
development,unitime,29,metropt/insertion_4/rep1,metropt,insertion_4,1,0.47277635025373055,0.9725060067590893
development,unitime,29,metropt/insertion_4/rep2,metropt,insertion_4,2,0.47277635025373055,0.9725060067590893
development,unitime,29,metropt/legal_gauge_canonical_preprocessing/rep0,metropt,legal_gauge_canonical_preprocessing,0,0.4727763857135587,0.9725060151869283
development,unitime,29,metropt/legal_gauge_direct/rep0,metropt,legal_gauge_direct,0,0.47277792393455786,0.9725042570885005
development,unitime,29,metropt/permutation/rep0,metropt,permutation,0,0.47277636718869026,0.9725060100359768
development,unitime,29,metropt/permutation/rep1,metropt,permutation,1,0.47277636718869026,0.9725060100359768
development,unitime,29,metropt/permutation/rep2,metropt,permutation,2,0.47277636718869026,0.9725060100359768
development,unitime,29,metropt/reference/rep0,metropt,reference,0,0.47277636718869026,0.9725060100359768
development,unitime,29,pmsm/deletion_30/rep0,pmsm,deletion_30,0,0.058242684515079864,0.15774927188730042
development,unitime,29,pmsm/deletion_30/rep1,pmsm,deletion_30,1,0.058242684515079864,0.15774927188730042
development,unitime,29,pmsm/deletion_30/rep2,pmsm,deletion_30,2,0.058242684515079864,0.15774927188730042
development,unitime,29,pmsm/deletion_50/rep0,pmsm,deletion_50,0,0.058242684515079864,0.15774927188730042
development,unitime,29,pmsm/deletion_50/rep1,pmsm,deletion_50,1,0.058242684515079864,0.15774927188730042
development,unitime,29,pmsm/deletion_50/rep2,pmsm,deletion_50,2,0.058242684515079864,0.15774927188730042
development,unitime,29,pmsm/insertion_1/rep0,pmsm,insertion_1,0,0.05824268484682051,0.15774927485597248
development,unitime,29,pmsm/insertion_1/rep1,pmsm,insertion_1,1,0.05824268484682051,0.15774927485597248
development,unitime,29,pmsm/insertion_1/rep2,pmsm,insertion_1,2,0.05824268484682051,0.15774927485597248
development,unitime,29,pmsm/insertion_4/rep0,pmsm,insertion_4,0,0.05824268465109712,0.15774927284223775
development,unitime,29,pmsm/insertion_4/rep1,pmsm,insertion_4,1,0.05824268465109712,0.15774927284223775
development,unitime,29,pmsm/insertion_4/rep2,pmsm,insertion_4,2,0.05824268465109712,0.15774927284223775
development,unitime,29,pmsm/legal_gauge_canonical_preprocessing/rep0,pmsm,legal_gauge_canonical_preprocessing,0,0.058242685457469585,0.15774926796496372
development,unitime,29,pmsm/legal_gauge_direct/rep0,pmsm,legal_gauge_direct,0,0.08906162055550297,0.182629829578795
development,unitime,29,pmsm/permutation/rep0,pmsm,permutation,0,0.058242684515079864,0.15774927188730042
development,unitime,29,pmsm/permutation/rep1,pmsm,permutation,1,0.058242684515079864,0.15774927188730042
development,unitime,29,pmsm/permutation/rep2,pmsm,permutation,2,0.058242684515079864,0.15774927188730042
development,unitime,29,pmsm/reference/rep0,pmsm,reference,0,0.058242684515079864,0.15774927188730042
development,unitime,29,steel_industry/deletion_30/rep0,steel_industry,deletion_30,0,0.9628439500163479,1.2232374737995078
development,unitime,29,steel_industry/deletion_30/rep1,steel_industry,deletion_30,1,0.9628439500163479,1.2232374737995078
development,unitime,29,steel_industry/deletion_30/rep2,steel_industry,deletion_30,2,0.9628439500163479,1.2232374737995078
development,unitime,29,steel_industry/deletion_50/rep0,steel_industry,deletion_50,0,0.9628439500163479,1.2232374737995078
development,unitime,29,steel_industry/deletion_50/rep1,steel_industry,deletion_50,1,0.9628439500163479,1.2232374737995078
development,unitime,29,steel_industry/deletion_50/rep2,steel_industry,deletion_50,2,0.9628439500163479,1.2232374737995078
development,unitime,29,steel_industry/insertion_1/rep0,steel_industry,insertion_1,0,0.40490117481201715,0.6186718208298257
development,unitime,29,steel_industry/insertion_1/rep1,steel_industry,insertion_1,1,0.40490117481201715,0.6186718208298257
development,unitime,29,steel_industry/insertion_1/rep2,steel_industry,insertion_1,2,0.40490117481201715,0.6186718208298257
development,unitime,29,steel_industry/insertion_4/rep0,steel_industry,insertion_4,0,0.40490117315573537,0.6186718198257248
development,unitime,29,steel_industry/insertion_4/rep1,steel_industry,insertion_4,1,0.40490117315573537,0.6186718198257248
development,unitime,29,steel_industry/insertion_4/rep2,steel_industry,insertion_4,2,0.40490117315573537,0.6186718198257248
development,unitime,29,steel_industry/legal_gauge_canonical_preprocessing/rep0,steel_industry,legal_gauge_canonical_preprocessing,0,0.4049011632525329,0.6186718140353853
development,unitime,29,steel_industry/legal_gauge_direct/rep0,steel_industry,legal_gauge_direct,0,0.40469275256249554,0.6182659930823317
development,unitime,29,steel_industry/permutation/rep0,steel_industry,permutation,0,0.40490117461751474,0.6186718198273724
development,unitime,29,steel_industry/permutation/rep1,steel_industry,permutation,1,0.40490117461751474,0.6186718198273724
development,unitime,29,steel_industry/permutation/rep2,steel_industry,permutation,2,0.40490117461751474,0.6186718198273724
development,unitime,29,steel_industry/reference/rep0,steel_industry,reference,0,0.40490117461751474,0.6186718198273724
development,unitime,43,building_energy/deletion_30/rep0,building_energy,deletion_30,0,0.2864810748837543,0.42761682610573515
development,unitime,43,building_energy/deletion_30/rep1,building_energy,deletion_30,1,0.2864810748837543,0.42761682610573515
development,unitime,43,building_energy/deletion_30/rep2,building_energy,deletion_30,2,0.2864810748837543,0.42761682610573515
development,unitime,43,building_energy/deletion_50/rep0,building_energy,deletion_50,0,0.2864810748837543,0.42761682610573515
development,unitime,43,building_energy/deletion_50/rep1,building_energy,deletion_50,1,0.2864810748837543,0.42761682610573515
development,unitime,43,building_energy/deletion_50/rep2,building_energy,deletion_50,2,0.2864810748837543,0.42761682610573515
development,unitime,43,building_energy/insertion_1/rep0,building_energy,insertion_1,0,0.2864810748837543,0.42761682610573515
development,unitime,43,building_energy/insertion_1/rep1,building_energy,insertion_1,1,0.2864810748837543,0.42761682610573515
development,unitime,43,building_energy/insertion_1/rep2,building_energy,insertion_1,2,0.2864810748837543,0.42761682610573515
development,unitime,43,building_energy/insertion_4/rep0,building_energy,insertion_4,0,0.2864810748837543,0.42761682610573515
development,unitime,43,building_energy/insertion_4/rep1,building_energy,insertion_4,1,0.2864810748837543,0.42761682610573515
development,unitime,43,building_energy/insertion_4/rep2,building_energy,insertion_4,2,0.2864810748837543,0.42761682610573515
development,unitime,43,building_energy/legal_gauge_canonical_preprocessing/rep0,building_energy,legal_gauge_canonical_preprocessing,0,0.28648124905019456,0.42761686936714993
development,unitime,43,building_energy/legal_gauge_direct/rep0,building_energy,legal_gauge_direct,0,0.30403680768493835,0.4375692039267847
development,unitime,43,building_energy/permutation/rep0,building_energy,permutation,0,0.2864810748837543,0.42761682610573515
development,unitime,43,building_energy/permutation/rep1,building_energy,permutation,1,0.2864810748837543,0.42761682610573515
development,unitime,43,building_energy/permutation/rep2,building_energy,permutation,2,0.2864810748837543,0.42761682610573515
development,unitime,43,building_energy/reference/rep0,building_energy,reference,0,0.2864810748837543,0.42761682610573515
development,unitime,43,hydraulic/deletion_30/rep0,hydraulic,deletion_30,0,0.09592387659487928,0.1509633580693727
development,unitime,43,hydraulic/deletion_30/rep1,hydraulic,deletion_30,1,0.09592387659487928,0.1509633580693727
development,unitime,43,hydraulic/deletion_30/rep2,hydraulic,deletion_30,2,0.09592387659487928,0.1509633580693727
development,unitime,43,hydraulic/deletion_50/rep0,hydraulic,deletion_50,0,0.09592387659487928,0.1509633580693727
development,unitime,43,hydraulic/deletion_50/rep1,hydraulic,deletion_50,1,0.09592387659487928,0.1509633580693727
development,unitime,43,hydraulic/deletion_50/rep2,hydraulic,deletion_50,2,0.09592387659487928,0.1509633580693727
development,unitime,43,hydraulic/insertion_1/rep0,hydraulic,insertion_1,0,0.09592387659487928,0.1509633580693727
development,unitime,43,hydraulic/insertion_1/rep1,hydraulic,insertion_1,1,0.09592387659487928,0.1509633580693727
development,unitime,43,hydraulic/insertion_1/rep2,hydraulic,insertion_1,2,0.09592387659487928,0.1509633580693727
development,unitime,43,hydraulic/insertion_4/rep0,hydraulic,insertion_4,0,0.09592387632034687,0.15096336005447417
development,unitime,43,hydraulic/insertion_4/rep1,hydraulic,insertion_4,1,0.09592387632034687,0.15096336005447417
development,unitime,43,hydraulic/insertion_4/rep2,hydraulic,insertion_4,2,0.09592387632034687,0.15096336005447417
development,unitime,43,hydraulic/legal_gauge_canonical_preprocessing/rep0,hydraulic,legal_gauge_canonical_preprocessing,0,0.0959238696834968,0.1509633498932646
development,unitime,43,hydraulic/legal_gauge_direct/rep0,hydraulic,legal_gauge_direct,0,2.3438786911512373,2.823685468358519
development,unitime,43,hydraulic/permutation/rep0,hydraulic,permutation,0,0.09592387659487928,0.1509633580693727
development,unitime,43,hydraulic/permutation/rep1,hydraulic,permutation,1,0.09592387659487928,0.1509633580693727
development,unitime,43,hydraulic/permutation/rep2,hydraulic,permutation,2,0.09592387659487928,0.1509633580693727
development,unitime,43,hydraulic/reference/rep0,hydraulic,reference,0,0.09592387659487928,0.1509633580693727
development,unitime,43,metropt/deletion_30/rep0,metropt,deletion_30,0,0.5061077452618502,0.9684918876375848
development,unitime,43,metropt/deletion_30/rep1,metropt,deletion_30,1,0.5061077452618502,0.9684918876375848
development,unitime,43,metropt/deletion_30/rep2,metropt,deletion_30,2,0.5061077452618502,0.9684918876375848
development,unitime,43,metropt/deletion_50/rep0,metropt,deletion_50,0,0.5061077452618502,0.9684918876375848
development,unitime,43,metropt/deletion_50/rep1,metropt,deletion_50,1,0.5061077452618502,0.9684918876375848
development,unitime,43,metropt/deletion_50/rep2,metropt,deletion_50,2,0.5061077452618502,0.9684918876375848
development,unitime,43,metropt/insertion_1/rep0,metropt,insertion_1,0,0.5061077350657669,0.9684918796008878
development,unitime,43,metropt/insertion_1/rep1,metropt,insertion_1,1,0.5061077350657669,0.9684918796008878
development,unitime,43,metropt/insertion_1/rep2,metropt,insertion_1,2,0.5061077350657669,0.9684918796008878
development,unitime,43,metropt/insertion_4/rep0,metropt,insertion_4,0,0.5061077313395688,0.9684918802483731
development,unitime,43,metropt/insertion_4/rep1,metropt,insertion_4,1,0.5061077313395688,0.9684918802483731
development,unitime,43,metropt/insertion_4/rep2,metropt,insertion_4,2,0.5061077313395688,0.9684918802483731
development,unitime,43,metropt/legal_gauge_canonical_preprocessing/rep0,metropt,legal_gauge_canonical_preprocessing,0,0.5061077501303602,0.9684918767099975
development,unitime,43,metropt/legal_gauge_direct/rep0,metropt,legal_gauge_direct,0,0.5061066225447105,0.968500461019075
development,unitime,43,metropt/permutation/rep0,metropt,permutation,0,0.5061077350657669,0.9684918796008878
development,unitime,43,metropt/permutation/rep1,metropt,permutation,1,0.5061077350657669,0.9684918796008878
development,unitime,43,metropt/permutation/rep2,metropt,permutation,2,0.5061077350657669,0.9684918796008878
development,unitime,43,metropt/reference/rep0,metropt,reference,0,0.5061077350657669,0.9684918796008878
development,unitime,43,pmsm/deletion_30/rep0,pmsm,deletion_30,0,0.05932382235706724,0.1532641118665277
development,unitime,43,pmsm/deletion_30/rep1,pmsm,deletion_30,1,0.05932382235706724,0.1532641118665277
development,unitime,43,pmsm/deletion_30/rep2,pmsm,deletion_30,2,0.05932382235706724,0.1532641118665277
development,unitime,43,pmsm/deletion_50/rep0,pmsm,deletion_50,0,0.05932382235706724,0.1532641118665277
development,unitime,43,pmsm/deletion_50/rep1,pmsm,deletion_50,1,0.05932382235706724,0.1532641118665277
development,unitime,43,pmsm/deletion_50/rep2,pmsm,deletion_50,2,0.05932382235706724,0.1532641118665277
development,unitime,43,pmsm/insertion_1/rep0,pmsm,insertion_1,0,0.05932382456107955,0.15326411253819378
development,unitime,43,pmsm/insertion_1/rep1,pmsm,insertion_1,1,0.05932382456107955,0.15326411253819378
development,unitime,43,pmsm/insertion_1/rep2,pmsm,insertion_1,2,0.05932382456107955,0.15326411253819378
development,unitime,43,pmsm/insertion_4/rep0,pmsm,insertion_4,0,0.05932382205121612,0.1532641108856439
development,unitime,43,pmsm/insertion_4/rep1,pmsm,insertion_4,1,0.05932382205121612,0.1532641108856439
development,unitime,43,pmsm/insertion_4/rep2,pmsm,insertion_4,2,0.05932382205121612,0.1532641108856439
development,unitime,43,pmsm/legal_gauge_canonical_preprocessing/rep0,pmsm,legal_gauge_canonical_preprocessing,0,0.05932383883172295,0.1532641030467498
development,unitime,43,pmsm/legal_gauge_direct/rep0,pmsm,legal_gauge_direct,0,0.07972139622430675,0.1680270927341275
development,unitime,43,pmsm/permutation/rep0,pmsm,permutation,0,0.05932382235706724,0.1532641118665277
development,unitime,43,pmsm/permutation/rep1,pmsm,permutation,1,0.05932382235706724,0.1532641118665277
development,unitime,43,pmsm/permutation/rep2,pmsm,permutation,2,0.05932382235706724,0.1532641118665277
development,unitime,43,pmsm/reference/rep0,pmsm,reference,0,0.05932382235706724,0.1532641118665277
development,unitime,43,steel_industry/deletion_30/rep0,steel_industry,deletion_30,0,0.971951436479509,1.2389653935394083
development,unitime,43,steel_industry/deletion_30/rep1,steel_industry,deletion_30,1,0.971951436479509,1.2389653935394083
development,unitime,43,steel_industry/deletion_30/rep2,steel_industry,deletion_30,2,0.971951436479509,1.2389653935394083
development,unitime,43,steel_industry/deletion_50/rep0,steel_industry,deletion_50,0,0.971951436479509,1.2389653935394083
development,unitime,43,steel_industry/deletion_50/rep1,steel_industry,deletion_50,1,0.971951436479509,1.2389653935394083
development,unitime,43,steel_industry/deletion_50/rep2,steel_industry,deletion_50,2,0.971951436479509,1.2389653935394083
development,unitime,43,steel_industry/insertion_1/rep0,steel_industry,insertion_1,0,0.36532739316285406,0.5876848526962912
development,unitime,43,steel_industry/insertion_1/rep1,steel_industry,insertion_1,1,0.36532739316285406,0.5876848526962912
development,unitime,43,steel_industry/insertion_1/rep2,steel_industry,insertion_1,2,0.36532739316285406,0.5876848526962912
development,unitime,43,steel_industry/insertion_4/rep0,steel_industry,insertion_4,0,0.36532739048191637,0.5876848547790795
development,unitime,43,steel_industry/insertion_4/rep1,steel_industry,insertion_4,1,0.36532739048191637,0.5876848547790795
development,unitime,43,steel_industry/insertion_4/rep2,steel_industry,insertion_4,2,0.36532739048191637,0.5876848547790795
development,unitime,43,steel_industry/legal_gauge_canonical_preprocessing/rep0,steel_industry,legal_gauge_canonical_preprocessing,0,0.36532739609021114,0.5876848586863832
development,unitime,43,steel_industry/legal_gauge_direct/rep0,steel_industry,legal_gauge_direct,0,0.36589595682595355,0.5880853222848152
development,unitime,43,steel_industry/permutation/rep0,steel_industry,permutation,0,0.36532739096760297,0.5876848504386565
development,unitime,43,steel_industry/permutation/rep1,steel_industry,permutation,1,0.36532739096760297,0.5876848504386565
development,unitime,43,steel_industry/permutation/rep2,steel_industry,permutation,2,0.36532739096760297,0.5876848504386565
development,unitime,43,steel_industry/reference/rep0,steel_industry,reference,0,0.36532739096760297,0.5876848504386565
development,unitime,71,building_energy/deletion_30/rep0,building_energy,deletion_30,0,0.2768208018385032,0.42281041452537793
development,unitime,71,building_energy/deletion_30/rep1,building_energy,deletion_30,1,0.2768208018385032,0.42281041452537793
development,unitime,71,building_energy/deletion_30/rep2,building_energy,deletion_30,2,0.2768208018385032,0.42281041452537793
development,unitime,71,building_energy/deletion_50/rep0,building_energy,deletion_50,0,0.2768208018385032,0.42281041452537793
development,unitime,71,building_energy/deletion_50/rep1,building_energy,deletion_50,1,0.2768208018385032,0.42281041452537793
development,unitime,71,building_energy/deletion_50/rep2,building_energy,deletion_50,2,0.2768208018385032,0.42281041452537793
development,unitime,71,building_energy/insertion_1/rep0,building_energy,insertion_1,0,0.2768208018385032,0.42281041452537793
development,unitime,71,building_energy/insertion_1/rep1,building_energy,insertion_1,1,0.2768208018385032,0.42281041452537793
development,unitime,71,building_energy/insertion_1/rep2,building_energy,insertion_1,2,0.2768208018385032,0.42281041452537793
development,unitime,71,building_energy/insertion_4/rep0,building_energy,insertion_4,0,0.2768208018385032,0.42281041452537793
development,unitime,71,building_energy/insertion_4/rep1,building_energy,insertion_4,1,0.2768208018385032,0.42281041452537793
development,unitime,71,building_energy/insertion_4/rep2,building_energy,insertion_4,2,0.2768208018385032,0.42281041452537793
development,unitime,71,building_energy/legal_gauge_canonical_preprocessing/rep0,building_energy,legal_gauge_canonical_preprocessing,0,0.276820951603576,0.42281049238314444
development,unitime,71,building_energy/legal_gauge_direct/rep0,building_energy,legal_gauge_direct,0,0.28412867207110515,0.42626203915767147
development,unitime,71,building_energy/permutation/rep0,building_energy,permutation,0,0.2768208018385032,0.42281041452537793
development,unitime,71,building_energy/permutation/rep1,building_energy,permutation,1,0.2768208018385032,0.42281041452537793
development,unitime,71,building_energy/permutation/rep2,building_energy,permutation,2,0.2768208018385032,0.42281041452537793
development,unitime,71,building_energy/reference/rep0,building_energy,reference,0,0.2768208018385032,0.42281041452537793
development,unitime,71,hydraulic/deletion_30/rep0,hydraulic,deletion_30,0,0.08392484200906096,0.1389562876950267
development,unitime,71,hydraulic/deletion_30/rep1,hydraulic,deletion_30,1,0.08392484200906096,0.1389562876950267
development,unitime,71,hydraulic/deletion_30/rep2,hydraulic,deletion_30,2,0.08392484200906096,0.1389562876950267
development,unitime,71,hydraulic/deletion_50/rep0,hydraulic,deletion_50,0,0.08392484200906096,0.1389562876950267
development,unitime,71,hydraulic/deletion_50/rep1,hydraulic,deletion_50,1,0.08392484200906096,0.1389562876950267
development,unitime,71,hydraulic/deletion_50/rep2,hydraulic,deletion_50,2,0.08392484200906096,0.1389562876950267
development,unitime,71,hydraulic/insertion_1/rep0,hydraulic,insertion_1,0,0.08392484200906096,0.1389562876950267
development,unitime,71,hydraulic/insertion_1/rep1,hydraulic,insertion_1,1,0.08392484200906096,0.1389562876950267
development,unitime,71,hydraulic/insertion_1/rep2,hydraulic,insertion_1,2,0.08392484200906096,0.1389562876950267
development,unitime,71,hydraulic/insertion_4/rep0,hydraulic,insertion_4,0,0.0839248449481614,0.13895628921339204
development,unitime,71,hydraulic/insertion_4/rep1,hydraulic,insertion_4,1,0.0839248449481614,0.13895628921339204
development,unitime,71,hydraulic/insertion_4/rep2,hydraulic,insertion_4,2,0.0839248449481614,0.13895628921339204
development,unitime,71,hydraulic/legal_gauge_canonical_preprocessing/rep0,hydraulic,legal_gauge_canonical_preprocessing,0,0.08392484421337999,0.13895628711674307
development,unitime,71,hydraulic/legal_gauge_direct/rep0,hydraulic,legal_gauge_direct,0,2.6785097595345033,3.6203591656741514
development,unitime,71,hydraulic/permutation/rep0,hydraulic,permutation,0,0.08392484200906096,0.1389562876950267
development,unitime,71,hydraulic/permutation/rep1,hydraulic,permutation,1,0.08392484200906096,0.1389562876950267
development,unitime,71,hydraulic/permutation/rep2,hydraulic,permutation,2,0.08392484200906096,0.1389562876950267
development,unitime,71,hydraulic/reference/rep0,hydraulic,reference,0,0.08392484200906096,0.1389562876950267
development,unitime,71,metropt/deletion_30/rep0,metropt,deletion_30,0,0.474285707885079,0.9892993852937149
development,unitime,71,metropt/deletion_30/rep1,metropt,deletion_30,1,0.474285707885079,0.9892993852937149
development,unitime,71,metropt/deletion_30/rep2,metropt,deletion_30,2,0.474285707885079,0.9892993852937149
development,unitime,71,metropt/deletion_50/rep0,metropt,deletion_50,0,0.474285707885079,0.9892993852937149
development,unitime,71,metropt/deletion_50/rep1,metropt,deletion_50,1,0.474285707885079,0.9892993852937149
development,unitime,71,metropt/deletion_50/rep2,metropt,deletion_50,2,0.474285707885079,0.9892993852937149
development,unitime,71,metropt/insertion_1/rep0,metropt,insertion_1,0,0.4742857103037458,0.9892993894496624
development,unitime,71,metropt/insertion_1/rep1,metropt,insertion_1,1,0.4742857103037458,0.9892993894496624
development,unitime,71,metropt/insertion_1/rep2,metropt,insertion_1,2,0.4742857103037458,0.9892993894496624
development,unitime,71,metropt/insertion_4/rep0,metropt,insertion_4,0,0.4742857019028574,0.9892993750306671
development,unitime,71,metropt/insertion_4/rep1,metropt,insertion_4,1,0.4742857019028574,0.9892993750306671
development,unitime,71,metropt/insertion_4/rep2,metropt,insertion_4,2,0.4742857019028574,0.9892993750306671
development,unitime,71,metropt/legal_gauge_canonical_preprocessing/rep0,metropt,legal_gauge_canonical_preprocessing,0,0.4742857050554565,0.9892993948753047
development,unitime,71,metropt/legal_gauge_direct/rep0,metropt,legal_gauge_direct,0,0.474288318300125,0.9893085385345122
development,unitime,71,metropt/permutation/rep0,metropt,permutation,0,0.4742857103037458,0.9892993894496624
development,unitime,71,metropt/permutation/rep1,metropt,permutation,1,0.4742857103037458,0.9892993894496624
development,unitime,71,metropt/permutation/rep2,metropt,permutation,2,0.4742857103037458,0.9892993894496624
development,unitime,71,metropt/reference/rep0,metropt,reference,0,0.4742857103037458,0.9892993894496624
development,unitime,71,pmsm/deletion_30/rep0,pmsm,deletion_30,0,0.0579385615150145,0.15652704710375112
development,unitime,71,pmsm/deletion_30/rep1,pmsm,deletion_30,1,0.0579385615150145,0.15652704710375112
development,unitime,71,pmsm/deletion_30/rep2,pmsm,deletion_30,2,0.0579385615150145,0.15652704710375112
development,unitime,71,pmsm/deletion_50/rep0,pmsm,deletion_50,0,0.0579385615150145,0.15652704710375112
development,unitime,71,pmsm/deletion_50/rep1,pmsm,deletion_50,1,0.0579385615150145,0.15652704710375112
development,unitime,71,pmsm/deletion_50/rep2,pmsm,deletion_50,2,0.0579385615150145,0.15652704710375112
development,unitime,71,pmsm/insertion_1/rep0,pmsm,insertion_1,0,0.05793855989766764,0.15652704842694576
development,unitime,71,pmsm/insertion_1/rep1,pmsm,insertion_1,1,0.05793855989766764,0.15652704842694576
development,unitime,71,pmsm/insertion_1/rep2,pmsm,insertion_1,2,0.05793855989766764,0.15652704842694576
development,unitime,71,pmsm/insertion_4/rep0,pmsm,insertion_4,0,0.05793856097051176,0.15652704696209307
development,unitime,71,pmsm/insertion_4/rep1,pmsm,insertion_4,1,0.05793856097051176,0.15652704696209307
development,unitime,71,pmsm/insertion_4/rep2,pmsm,insertion_4,2,0.05793856097051176,0.15652704696209307
development,unitime,71,pmsm/legal_gauge_canonical_preprocessing/rep0,pmsm,legal_gauge_canonical_preprocessing,0,0.057938569627272694,0.15652702402997265
development,unitime,71,pmsm/legal_gauge_direct/rep0,pmsm,legal_gauge_direct,0,0.0777632893843047,0.1707139836251791
development,unitime,71,pmsm/permutation/rep0,pmsm,permutation,0,0.0579385615150145,0.15652704710375112
development,unitime,71,pmsm/permutation/rep1,pmsm,permutation,1,0.0579385615150145,0.15652704710375112
development,unitime,71,pmsm/permutation/rep2,pmsm,permutation,2,0.0579385615150145,0.15652704710375112
development,unitime,71,pmsm/reference/rep0,pmsm,reference,0,0.0579385615150145,0.15652704710375112
development,unitime,71,steel_industry/deletion_30/rep0,steel_industry,deletion_30,0,1.0269844710393183,1.3084463429328168
development,unitime,71,steel_industry/deletion_30/rep1,steel_industry,deletion_30,1,1.0269844710393183,1.3084463429328168
development,unitime,71,steel_industry/deletion_30/rep2,steel_industry,deletion_30,2,1.0269844710393183,1.3084463429328168
development,unitime,71,steel_industry/deletion_50/rep0,steel_industry,deletion_50,0,1.0269844710393183,1.3084463429328168
development,unitime,71,steel_industry/deletion_50/rep1,steel_industry,deletion_50,1,1.0269844710393183,1.3084463429328168
development,unitime,71,steel_industry/deletion_50/rep2,steel_industry,deletion_50,2,1.0269844710393183,1.3084463429328168
development,unitime,71,steel_industry/insertion_1/rep0,steel_industry,insertion_1,0,0.39443836619799155,0.6132371874846818
development,unitime,71,steel_industry/insertion_1/rep1,steel_industry,insertion_1,1,0.39443836619799155,0.6132371874846818
development,unitime,71,steel_industry/insertion_1/rep2,steel_industry,insertion_1,2,0.39443836619799155,0.6132371874846818
development,unitime,71,steel_industry/insertion_4/rep0,steel_industry,insertion_4,0,0.3944383703364333,0.6132371908866665
development,unitime,71,steel_industry/insertion_4/rep1,steel_industry,insertion_4,1,0.3944383703364333,0.6132371908866665
development,unitime,71,steel_industry/insertion_4/rep2,steel_industry,insertion_4,2,0.3944383703364333,0.6132371908866665
development,unitime,71,steel_industry/legal_gauge_canonical_preprocessing/rep0,steel_industry,legal_gauge_canonical_preprocessing,0,0.39443834797278365,0.613237178168936
development,unitime,71,steel_industry/legal_gauge_direct/rep0,steel_industry,legal_gauge_direct,0,0.3962837560409194,0.614490033276053
development,unitime,71,steel_industry/permutation/rep0,steel_industry,permutation,0,0.3944383534974895,0.6132371820023327
development,unitime,71,steel_industry/permutation/rep1,steel_industry,permutation,1,0.3944383534974895,0.6132371820023327
development,unitime,71,steel_industry/permutation/rep2,steel_industry,permutation,2,0.3944383534974895,0.6132371820023327
development,unitime,71,steel_industry/reference/rep0,steel_industry,reference,0,0.3944383534974895,0.6132371820023327
development,unitime,101,building_energy/deletion_30/rep0,building_energy,deletion_30,0,0.2832373642934872,0.4261167605061694
development,unitime,101,building_energy/deletion_30/rep1,building_energy,deletion_30,1,0.2832373642934872,0.4261167605061694
development,unitime,101,building_energy/deletion_30/rep2,building_energy,deletion_30,2,0.2832373642934872,0.4261167605061694
development,unitime,101,building_energy/deletion_50/rep0,building_energy,deletion_50,0,0.2832373642934872,0.4261167605061694
development,unitime,101,building_energy/deletion_50/rep1,building_energy,deletion_50,1,0.2832373642934872,0.4261167605061694
development,unitime,101,building_energy/deletion_50/rep2,building_energy,deletion_50,2,0.2832373642934872,0.4261167605061694
development,unitime,101,building_energy/insertion_1/rep0,building_energy,insertion_1,0,0.2832373642934872,0.4261167605061694
development,unitime,101,building_energy/insertion_1/rep1,building_energy,insertion_1,1,0.2832373642934872,0.4261167605061694
development,unitime,101,building_energy/insertion_1/rep2,building_energy,insertion_1,2,0.2832373642934872,0.4261167605061694
development,unitime,101,building_energy/insertion_4/rep0,building_energy,insertion_4,0,0.2832373642934872,0.4261167605061694
development,unitime,101,building_energy/insertion_4/rep1,building_energy,insertion_4,1,0.2832373642934872,0.4261167605061694
development,unitime,101,building_energy/insertion_4/rep2,building_energy,insertion_4,2,0.2832373642934872,0.4261167605061694
development,unitime,101,building_energy/legal_gauge_canonical_preprocessing/rep0,building_energy,legal_gauge_canonical_preprocessing,0,0.2832374748819719,0.4261167957463709
development,unitime,101,building_energy/legal_gauge_direct/rep0,building_energy,legal_gauge_direct,0,0.2917468626485158,0.43042667367347054
development,unitime,101,building_energy/permutation/rep0,building_energy,permutation,0,0.2832373642934872,0.4261167605061694
development,unitime,101,building_energy/permutation/rep1,building_energy,permutation,1,0.2832373642934872,0.4261167605061694
development,unitime,101,building_energy/permutation/rep2,building_energy,permutation,2,0.2832373642934872,0.4261167605061694
development,unitime,101,building_energy/reference/rep0,building_energy,reference,0,0.2832373642934872,0.4261167605061694
development,unitime,101,hydraulic/deletion_30/rep0,hydraulic,deletion_30,0,0.09206530607023716,0.1466930549677403
development,unitime,101,hydraulic/deletion_30/rep1,hydraulic,deletion_30,1,0.09206530607023716,0.1466930549677403
development,unitime,101,hydraulic/deletion_30/rep2,hydraulic,deletion_30,2,0.09206530607023716,0.1466930549677403
development,unitime,101,hydraulic/deletion_50/rep0,hydraulic,deletion_50,0,0.09206530607023716,0.1466930549677403
development,unitime,101,hydraulic/deletion_50/rep1,hydraulic,deletion_50,1,0.09206530607023716,0.1466930549677403
development,unitime,101,hydraulic/deletion_50/rep2,hydraulic,deletion_50,2,0.09206530607023716,0.1466930549677403
development,unitime,101,hydraulic/insertion_1/rep0,hydraulic,insertion_1,0,0.09206530607023716,0.1466930549677403
development,unitime,101,hydraulic/insertion_1/rep1,hydraulic,insertion_1,1,0.09206530607023716,0.1466930549677403
development,unitime,101,hydraulic/insertion_1/rep2,hydraulic,insertion_1,2,0.09206530607023716,0.1466930549677403
development,unitime,101,hydraulic/insertion_4/rep0,hydraulic,insertion_4,0,0.09206530620642533,0.14669305498151672
development,unitime,101,hydraulic/insertion_4/rep1,hydraulic,insertion_4,1,0.09206530620642533,0.14669305498151672
development,unitime,101,hydraulic/insertion_4/rep2,hydraulic,insertion_4,2,0.09206530620642533,0.14669305498151672
development,unitime,101,hydraulic/legal_gauge_canonical_preprocessing/rep0,hydraulic,legal_gauge_canonical_preprocessing,0,0.09206529978839208,0.14669304046652873
development,unitime,101,hydraulic/legal_gauge_direct/rep0,hydraulic,legal_gauge_direct,0,1.7060800138943752,2.3171529738757286
development,unitime,101,hydraulic/permutation/rep0,hydraulic,permutation,0,0.09206530607023716,0.1466930549677403
development,unitime,101,hydraulic/permutation/rep1,hydraulic,permutation,1,0.09206530607023716,0.1466930549677403
development,unitime,101,hydraulic/permutation/rep2,hydraulic,permutation,2,0.09206530607023716,0.1466930549677403
development,unitime,101,hydraulic/reference/rep0,hydraulic,reference,0,0.09206530607023716,0.1466930549677403
development,unitime,101,metropt/deletion_30/rep0,metropt,deletion_30,0,0.4829957387897735,0.9926990337412224
development,unitime,101,metropt/deletion_30/rep1,metropt,deletion_30,1,0.4829957387897735,0.9926990337412224
development,unitime,101,metropt/deletion_30/rep2,metropt,deletion_30,2,0.4829957387897735,0.9926990337412224
development,unitime,101,metropt/deletion_50/rep0,metropt,deletion_50,0,0.4829957387897735,0.9926990337412224
development,unitime,101,metropt/deletion_50/rep1,metropt,deletion_50,1,0.4829957387897735,0.9926990337412224
development,unitime,101,metropt/deletion_50/rep2,metropt,deletion_50,2,0.4829957387897735,0.9926990337412224
development,unitime,101,metropt/insertion_1/rep0,metropt,insertion_1,0,0.482995741364933,0.9926990347648351
development,unitime,101,metropt/insertion_1/rep1,metropt,insertion_1,1,0.482995741364933,0.9926990347648351
development,unitime,101,metropt/insertion_1/rep2,metropt,insertion_1,2,0.482995741364933,0.9926990347648351
development,unitime,101,metropt/insertion_4/rep0,metropt,insertion_4,0,0.48299573968859016,0.992699047160612
development,unitime,101,metropt/insertion_4/rep1,metropt,insertion_4,1,0.48299573968859016,0.992699047160612
development,unitime,101,metropt/insertion_4/rep2,metropt,insertion_4,2,0.48299573968859016,0.992699047160612
development,unitime,101,metropt/legal_gauge_canonical_preprocessing/rep0,metropt,legal_gauge_canonical_preprocessing,0,0.4829957432598224,0.9926990235533493
development,unitime,101,metropt/legal_gauge_direct/rep0,metropt,legal_gauge_direct,0,0.4829976108838944,0.9926991030100628
development,unitime,101,metropt/permutation/rep0,metropt,permutation,0,0.482995741364933,0.9926990347648351
development,unitime,101,metropt/permutation/rep1,metropt,permutation,1,0.482995741364933,0.9926990347648351
development,unitime,101,metropt/permutation/rep2,metropt,permutation,2,0.482995741364933,0.9926990347648351
development,unitime,101,metropt/reference/rep0,metropt,reference,0,0.482995741364933,0.9926990347648351
development,unitime,101,pmsm/deletion_30/rep0,pmsm,deletion_30,0,0.060022605730303734,0.15511122275306738
development,unitime,101,pmsm/deletion_30/rep1,pmsm,deletion_30,1,0.060022605730303734,0.15511122275306738
development,unitime,101,pmsm/deletion_30/rep2,pmsm,deletion_30,2,0.060022605730303734,0.15511122275306738
development,unitime,101,pmsm/deletion_50/rep0,pmsm,deletion_50,0,0.060022605730303734,0.15511122275306738
development,unitime,101,pmsm/deletion_50/rep1,pmsm,deletion_50,1,0.060022605730303734,0.15511122275306738
development,unitime,101,pmsm/deletion_50/rep2,pmsm,deletion_50,2,0.060022605730303734,0.15511122275306738
development,unitime,101,pmsm/insertion_1/rep0,pmsm,insertion_1,0,0.060022605526022184,0.15511121911885425
development,unitime,101,pmsm/insertion_1/rep1,pmsm,insertion_1,1,0.060022605526022184,0.15511121911885425
development,unitime,101,pmsm/insertion_1/rep2,pmsm,insertion_1,2,0.060022605526022184,0.15511121911885425
development,unitime,101,pmsm/insertion_4/rep0,pmsm,insertion_4,0,0.060022605376697465,0.15511122290387616
development,unitime,101,pmsm/insertion_4/rep1,pmsm,insertion_4,1,0.060022605376697465,0.15511122290387616
development,unitime,101,pmsm/insertion_4/rep2,pmsm,insertion_4,2,0.060022605376697465,0.15511122290387616
development,unitime,101,pmsm/legal_gauge_canonical_preprocessing/rep0,pmsm,legal_gauge_canonical_preprocessing,0,0.060022607312812615,0.1551112268804953
development,unitime,101,pmsm/legal_gauge_direct/rep0,pmsm,legal_gauge_direct,0,0.07387641929221632,0.16523372967723968
development,unitime,101,pmsm/permutation/rep0,pmsm,permutation,0,0.060022605730303734,0.15511122275306738
development,unitime,101,pmsm/permutation/rep1,pmsm,permutation,1,0.060022605730303734,0.15511122275306738
development,unitime,101,pmsm/permutation/rep2,pmsm,permutation,2,0.060022605730303734,0.15511122275306738
development,unitime,101,pmsm/reference/rep0,pmsm,reference,0,0.060022605730303734,0.15511122275306738
development,unitime,101,steel_industry/deletion_30/rep0,steel_industry,deletion_30,0,0.9543895245373427,1.2123967007629335
development,unitime,101,steel_industry/deletion_30/rep1,steel_industry,deletion_30,1,0.9543895245373427,1.2123967007629335
development,unitime,101,steel_industry/deletion_30/rep2,steel_industry,deletion_30,2,0.9543895245373427,1.2123967007629335
development,unitime,101,steel_industry/deletion_50/rep0,steel_industry,deletion_50,0,0.9543895245373427,1.2123967007629335
development,unitime,101,steel_industry/deletion_50/rep1,steel_industry,deletion_50,1,0.9543895245373427,1.2123967007629335
development,unitime,101,steel_industry/deletion_50/rep2,steel_industry,deletion_50,2,0.9543895245373427,1.2123967007629335
development,unitime,101,steel_industry/insertion_1/rep0,steel_industry,insertion_1,0,0.38135954907810177,0.594843707117982
development,unitime,101,steel_industry/insertion_1/rep1,steel_industry,insertion_1,1,0.38135954907810177,0.594843707117982
development,unitime,101,steel_industry/insertion_1/rep2,steel_industry,insertion_1,2,0.38135954907810177,0.594843707117982
development,unitime,101,steel_industry/insertion_4/rep0,steel_industry,insertion_4,0,0.38135954844815195,0.5948437042064294
development,unitime,101,steel_industry/insertion_4/rep1,steel_industry,insertion_4,1,0.38135954844815195,0.5948437042064294
development,unitime,101,steel_industry/insertion_4/rep2,steel_industry,insertion_4,2,0.38135954844815195,0.5948437042064294
development,unitime,101,steel_industry/legal_gauge_canonical_preprocessing/rep0,steel_industry,legal_gauge_canonical_preprocessing,0,0.38135954695979796,0.5948437075790667
development,unitime,101,steel_industry/legal_gauge_direct/rep0,steel_industry,legal_gauge_direct,0,0.3832400432194637,0.59663511548257
development,unitime,101,steel_industry/permutation/rep0,steel_industry,permutation,0,0.38135954730793237,0.5948437070714677
development,unitime,101,steel_industry/permutation/rep1,steel_industry,permutation,1,0.38135954730793237,0.5948437070714677
development,unitime,101,steel_industry/permutation/rep2,steel_industry,permutation,2,0.38135954730793237,0.5948437070714677
development,unitime,101,steel_industry/reference/rep0,steel_industry,reference,0,0.38135954730793237,0.5948437070714677
development,cpiri,17,building_energy/deletion_30/rep0,building_energy,deletion_30,0,0.23200246683002226,0.39743414174078145
development,cpiri,17,building_energy/deletion_30/rep1,building_energy,deletion_30,1,0.23200246683002226,0.39743414174078145
development,cpiri,17,building_energy/deletion_30/rep2,building_energy,deletion_30,2,0.23200246683002226,0.39743414174078145
development,cpiri,17,building_energy/deletion_50/rep0,building_energy,deletion_50,0,0.23200246683002226,0.39743414174078145
development,cpiri,17,building_energy/deletion_50/rep1,building_energy,deletion_50,1,0.23200246683002226,0.39743414174078145
development,cpiri,17,building_energy/deletion_50/rep2,building_energy,deletion_50,2,0.23200246683002226,0.39743414174078145
development,cpiri,17,building_energy/insertion_1/rep0,building_energy,insertion_1,0,0.23192272836937572,0.3973397616035632
development,cpiri,17,building_energy/insertion_1/rep1,building_energy,insertion_1,1,0.23197969017473685,0.3973812583524834
development,cpiri,17,building_energy/insertion_1/rep2,building_energy,insertion_1,2,0.23224468125050268,0.3974158494640672
development,cpiri,17,building_energy/insertion_4/rep0,building_energy,insertion_4,0,0.23339208984226187,0.3985908896535996
development,cpiri,17,building_energy/insertion_4/rep1,building_energy,insertion_4,1,0.23284049980584298,0.39779640546791345
development,cpiri,17,building_energy/insertion_4/rep2,building_energy,insertion_4,2,0.23271458935875217,0.39800721313516046
development,cpiri,17,building_energy/legal_gauge_canonical_preprocessing/rep0,building_energy,legal_gauge_canonical_preprocessing,0,0.23200241093567575,0.3974339749245451
development,cpiri,17,building_energy/legal_gauge_direct/rep0,building_energy,legal_gauge_direct,0,336.35912147521236,346.02484449500594
development,cpiri,17,building_energy/permutation/rep0,building_energy,permutation,0,0.23200864362298226,0.39746548280522104
development,cpiri,17,building_energy/permutation/rep1,building_energy,permutation,1,0.23203386658985362,0.3975110537691104
development,cpiri,17,building_energy/permutation/rep2,building_energy,permutation,2,0.2320045970468848,0.397453313807745
development,cpiri,17,building_energy/reference/rep0,building_energy,reference,0,0.23200246683002226,0.39743414174078145
development,cpiri,17,hydraulic/deletion_30/rep0,hydraulic,deletion_30,0,0.461634018401265,0.8079964242469536
development,cpiri,17,hydraulic/deletion_30/rep1,hydraulic,deletion_30,1,0.461634018401265,0.8079964242469536
development,cpiri,17,hydraulic/deletion_30/rep2,hydraulic,deletion_30,2,0.461634018401265,0.8079964242469536
development,cpiri,17,hydraulic/deletion_50/rep0,hydraulic,deletion_50,0,0.461634018401265,0.8079964242469536
development,cpiri,17,hydraulic/deletion_50/rep1,hydraulic,deletion_50,1,0.461634018401265,0.8079964242469536
development,cpiri,17,hydraulic/deletion_50/rep2,hydraulic,deletion_50,2,0.461634018401265,0.8079964242469536
development,cpiri,17,hydraulic/insertion_1/rep0,hydraulic,insertion_1,0,0.4632619185947512,0.8107350868965741
development,cpiri,17,hydraulic/insertion_1/rep1,hydraulic,insertion_1,1,0.45862596588388316,0.8001913948546601
development,cpiri,17,hydraulic/insertion_1/rep2,hydraulic,insertion_1,2,0.45834410314533974,0.7997493845727425
development,cpiri,17,hydraulic/insertion_4/rep0,hydraulic,insertion_4,0,0.45840544580252335,0.7995061179425224
development,cpiri,17,hydraulic/insertion_4/rep1,hydraulic,insertion_4,1,0.47022331222781477,0.8240352678460169
development,cpiri,17,hydraulic/insertion_4/rep2,hydraulic,insertion_4,2,0.45910115411597197,0.8009863500906536
development,cpiri,17,hydraulic/legal_gauge_canonical_preprocessing/rep0,hydraulic,legal_gauge_canonical_preprocessing,0,0.4616339724163642,0.8079963783422478
development,cpiri,17,hydraulic/legal_gauge_direct/rep0,hydraulic,legal_gauge_direct,0,65872.82232915486,66475.45920505558
development,cpiri,17,hydraulic/permutation/rep0,hydraulic,permutation,0,0.46100695183396073,0.806441577592591
development,cpiri,17,hydraulic/permutation/rep1,hydraulic,permutation,1,0.46111680072779954,0.8065861774180716
development,cpiri,17,hydraulic/permutation/rep2,hydraulic,permutation,2,0.460575544765588,0.8049327324110958
development,cpiri,17,hydraulic/reference/rep0,hydraulic,reference,0,0.461634018401265,0.8079964242469536
development,cpiri,17,metropt/deletion_30/rep0,metropt,deletion_30,0,0.37752518867810547,0.9701354926803838
development,cpiri,17,metropt/deletion_30/rep1,metropt,deletion_30,1,0.37855264700205776,0.968546905187638
development,cpiri,17,metropt/deletion_30/rep2,metropt,deletion_30,2,0.37756866802925454,0.969185320381105
development,cpiri,17,metropt/deletion_50/rep0,metropt,deletion_50,0,0.372953452404878,0.9593238616253217
development,cpiri,17,metropt/deletion_50/rep1,metropt,deletion_50,1,0.380836230779376,0.9756429457191278
development,cpiri,17,metropt/deletion_50/rep2,metropt,deletion_50,2,0.3798708882179175,0.9644837531180557
development,cpiri,17,metropt/insertion_1/rep0,metropt,insertion_1,0,0.37524380954991965,0.9670178243373293
development,cpiri,17,metropt/insertion_1/rep1,metropt,insertion_1,1,0.37603556573423574,0.9654614695204936
development,cpiri,17,metropt/insertion_1/rep2,metropt,insertion_1,2,0.37556900023563244,0.9681189662141723
development,cpiri,17,metropt/insertion_4/rep0,metropt,insertion_4,0,0.3782272076419206,0.9729633219827384
development,cpiri,17,metropt/insertion_4/rep1,metropt,insertion_4,1,0.3798351619889185,0.9792957155152037
development,cpiri,17,metropt/insertion_4/rep2,metropt,insertion_4,2,0.376906671989833,0.9583386104790846
development,cpiri,17,metropt/legal_gauge_canonical_preprocessing/rep0,metropt,legal_gauge_canonical_preprocessing,0,0.37504037747927904,0.9671282647080429
development,cpiri,17,metropt/legal_gauge_direct/rep0,metropt,legal_gauge_direct,0,16.80407352302701,17.259395567044997
development,cpiri,17,metropt/permutation/rep0,metropt,permutation,0,0.3772872705803635,0.9718054003427916
development,cpiri,17,metropt/permutation/rep1,metropt,permutation,1,0.3759957061955328,0.969751394623845
development,cpiri,17,metropt/permutation/rep2,metropt,permutation,2,0.37655519740756843,0.9690714746399267
development,cpiri,17,metropt/reference/rep0,metropt,reference,0,0.375040377323565,0.9671284126492713
development,cpiri,17,pmsm/deletion_30/rep0,pmsm,deletion_30,0,0.06470858459521169,0.1460390044560604
development,cpiri,17,pmsm/deletion_30/rep1,pmsm,deletion_30,1,0.06470858459521169,0.1460390044560604
development,cpiri,17,pmsm/deletion_30/rep2,pmsm,deletion_30,2,0.06470858459521169,0.1460390044560604
development,cpiri,17,pmsm/deletion_50/rep0,pmsm,deletion_50,0,0.06470858459521169,0.1460390044560604
development,cpiri,17,pmsm/deletion_50/rep1,pmsm,deletion_50,1,0.06470858459521169,0.1460390044560604
development,cpiri,17,pmsm/deletion_50/rep2,pmsm,deletion_50,2,0.06470858459521169,0.1460390044560604
development,cpiri,17,pmsm/insertion_1/rep0,pmsm,insertion_1,0,0.06484823148352085,0.14705841121339278
development,cpiri,17,pmsm/insertion_1/rep1,pmsm,insertion_1,1,0.0653992429723437,0.1463901948003445
development,cpiri,17,pmsm/insertion_1/rep2,pmsm,insertion_1,2,0.06459049472374244,0.14605020033336327
development,cpiri,17,pmsm/insertion_4/rep0,pmsm,insertion_4,0,0.06520704952218481,0.14640973025264617
development,cpiri,17,pmsm/insertion_4/rep1,pmsm,insertion_4,1,0.06443050198986879,0.14674558873810586
development,cpiri,17,pmsm/insertion_4/rep2,pmsm,insertion_4,2,0.06534668702058728,0.14681638057261945
development,cpiri,17,pmsm/legal_gauge_canonical_preprocessing/rep0,pmsm,legal_gauge_canonical_preprocessing,0,0.06470854947934039,0.14603894758572875
development,cpiri,17,pmsm/legal_gauge_direct/rep0,pmsm,legal_gauge_direct,0,16.51952431454694,17.017755441861
development,cpiri,17,pmsm/permutation/rep0,pmsm,permutation,0,0.06469598166078781,0.14608024387451585
development,cpiri,17,pmsm/permutation/rep1,pmsm,permutation,1,0.06472047596650284,0.1460635194989178
development,cpiri,17,pmsm/permutation/rep2,pmsm,permutation,2,0.0647165318849784,0.14607823831556774
development,cpiri,17,pmsm/reference/rep0,pmsm,reference,0,0.06470858459521169,0.1460390044560604
development,cpiri,17,steel_industry/deletion_30/rep0,steel_industry,deletion_30,0,0.3400417396916432,0.6556820702053651
development,cpiri,17,steel_industry/deletion_30/rep1,steel_industry,deletion_30,1,0.3400417396916432,0.6556820702053651
development,cpiri,17,steel_industry/deletion_30/rep2,steel_industry,deletion_30,2,0.3400417396916432,0.6556820702053651
development,cpiri,17,steel_industry/deletion_50/rep0,steel_industry,deletion_50,0,0.3400417396916432,0.6556820702053651
development,cpiri,17,steel_industry/deletion_50/rep1,steel_industry,deletion_50,1,0.3400417396916432,0.6556820702053651
development,cpiri,17,steel_industry/deletion_50/rep2,steel_industry,deletion_50,2,0.3400417396916432,0.6556820702053651
development,cpiri,17,steel_industry/insertion_1/rep0,steel_industry,insertion_1,0,0.3215745536936609,0.6160206230640113
development,cpiri,17,steel_industry/insertion_1/rep1,steel_industry,insertion_1,1,0.3217829724326845,0.615847240238719
development,cpiri,17,steel_industry/insertion_1/rep2,steel_industry,insertion_1,2,0.3231650474420701,0.6171409438917024
development,cpiri,17,steel_industry/insertion_4/rep0,steel_industry,insertion_4,0,0.3300504288908631,0.6220975869215378
development,cpiri,17,steel_industry/insertion_4/rep1,steel_industry,insertion_4,1,0.330153899545823,0.6237509297409157
development,cpiri,17,steel_industry/insertion_4/rep2,steel_industry,insertion_4,2,0.3308914586683555,0.6242441270889565
development,cpiri,17,steel_industry/legal_gauge_canonical_preprocessing/rep0,steel_industry,legal_gauge_canonical_preprocessing,0,0.320532646570623,0.6163699209010044
development,cpiri,17,steel_industry/legal_gauge_direct/rep0,steel_industry,legal_gauge_direct,0,39.00647990600851,43.71906523470344
development,cpiri,17,steel_industry/permutation/rep0,steel_industry,permutation,0,0.3205253779030386,0.6163463308366748
development,cpiri,17,steel_industry/permutation/rep1,steel_industry,permutation,1,0.32051917987188083,0.6164457290100579
development,cpiri,17,steel_industry/permutation/rep2,steel_industry,permutation,2,0.32068867801921186,0.6168381752342432
development,cpiri,17,steel_industry/reference/rep0,steel_industry,reference,0,0.3205326445738481,0.6163699190326296
development,cpiri,29,building_energy/deletion_30/rep0,building_energy,deletion_30,0,0.23397023764650315,0.39778516658394253
development,cpiri,29,building_energy/deletion_30/rep1,building_energy,deletion_30,1,0.23397023764650315,0.39778516658394253
development,cpiri,29,building_energy/deletion_30/rep2,building_energy,deletion_30,2,0.23397023764650315,0.39778516658394253
development,cpiri,29,building_energy/deletion_50/rep0,building_energy,deletion_50,0,0.23397023764650315,0.39778516658394253
development,cpiri,29,building_energy/deletion_50/rep1,building_energy,deletion_50,1,0.23397023764650315,0.39778516658394253
development,cpiri,29,building_energy/deletion_50/rep2,building_energy,deletion_50,2,0.23397023764650315,0.39778516658394253
development,cpiri,29,building_energy/insertion_1/rep0,building_energy,insertion_1,0,0.23366705590593506,0.39754115671104046
development,cpiri,29,building_energy/insertion_1/rep1,building_energy,insertion_1,1,0.2338664574023553,0.3976479271612305
development,cpiri,29,building_energy/insertion_1/rep2,building_energy,insertion_1,2,0.2338059198019187,0.3974028140554496
development,cpiri,29,building_energy/insertion_4/rep0,building_energy,insertion_4,0,0.23453266054800076,0.39850172133800316
development,cpiri,29,building_energy/insertion_4/rep1,building_energy,insertion_4,1,0.2340192577623578,0.39802675245416935
development,cpiri,29,building_energy/insertion_4/rep2,building_energy,insertion_4,2,0.23420156180397284,0.39811398992721575
development,cpiri,29,building_energy/legal_gauge_canonical_preprocessing/rep0,building_energy,legal_gauge_canonical_preprocessing,0,0.23397016110282978,0.3977849694234058
development,cpiri,29,building_energy/legal_gauge_direct/rep0,building_energy,legal_gauge_direct,0,318.7127178944848,322.34923801104713
development,cpiri,29,building_energy/permutation/rep0,building_energy,permutation,0,0.23397108668171016,0.3977821834921516
development,cpiri,29,building_energy/permutation/rep1,building_energy,permutation,1,0.2339749722225964,0.39777950488678826
development,cpiri,29,building_energy/permutation/rep2,building_energy,permutation,2,0.23396333010949782,0.39779187376865927
development,cpiri,29,building_energy/reference/rep0,building_energy,reference,0,0.23397023764650315,0.39778516658394253
development,cpiri,29,hydraulic/deletion_30/rep0,hydraulic,deletion_30,0,0.403751936770658,0.7230589073311844
development,cpiri,29,hydraulic/deletion_30/rep1,hydraulic,deletion_30,1,0.403751936770658,0.7230589073311844
development,cpiri,29,hydraulic/deletion_30/rep2,hydraulic,deletion_30,2,0.403751936770658,0.7230589073311844
development,cpiri,29,hydraulic/deletion_50/rep0,hydraulic,deletion_50,0,0.403751936770658,0.7230589073311844
development,cpiri,29,hydraulic/deletion_50/rep1,hydraulic,deletion_50,1,0.403751936770658,0.7230589073311844
development,cpiri,29,hydraulic/deletion_50/rep2,hydraulic,deletion_50,2,0.403751936770658,0.7230589073311844
development,cpiri,29,hydraulic/insertion_1/rep0,hydraulic,insertion_1,0,0.40291181277605514,0.7213218309839762
development,cpiri,29,hydraulic/insertion_1/rep1,hydraulic,insertion_1,1,0.39303830662328476,0.7023562556356077
development,cpiri,29,hydraulic/insertion_1/rep2,hydraulic,insertion_1,2,0.39275753239478994,0.7016716440278197
development,cpiri,29,hydraulic/insertion_4/rep0,hydraulic,insertion_4,0,0.39240658976288595,0.7027202425411752
development,cpiri,29,hydraulic/insertion_4/rep1,hydraulic,insertion_4,1,0.41682911177164295,0.7482636579703899
development,cpiri,29,hydraulic/insertion_4/rep2,hydraulic,insertion_4,2,0.40941496579610726,0.7358396087784628
development,cpiri,29,hydraulic/legal_gauge_canonical_preprocessing/rep0,hydraulic,legal_gauge_canonical_preprocessing,0,0.40375189789690713,0.7230588506939806
development,cpiri,29,hydraulic/legal_gauge_direct/rep0,hydraulic,legal_gauge_direct,0,63566.091951886934,63815.349364644
development,cpiri,29,hydraulic/permutation/rep0,hydraulic,permutation,0,0.4054650923116771,0.7273516746654396
development,cpiri,29,hydraulic/permutation/rep1,hydraulic,permutation,1,0.40424532543394814,0.7249596233093691
development,cpiri,29,hydraulic/permutation/rep2,hydraulic,permutation,2,0.4048163974093031,0.7261028231561041
development,cpiri,29,hydraulic/reference/rep0,hydraulic,reference,0,0.403751936770658,0.7230589073311844
development,cpiri,29,metropt/deletion_30/rep0,metropt,deletion_30,0,0.36274721760655293,0.943636716796504
development,cpiri,29,metropt/deletion_30/rep1,metropt,deletion_30,1,0.36422628754872916,0.9402333207563857
development,cpiri,29,metropt/deletion_30/rep2,metropt,deletion_30,2,0.36254647674822704,0.9432518641807462
development,cpiri,29,metropt/deletion_50/rep0,metropt,deletion_50,0,0.3623136490849989,0.9389012648545438
development,cpiri,29,metropt/deletion_50/rep1,metropt,deletion_50,1,0.36711226590868523,0.946443106633245
development,cpiri,29,metropt/deletion_50/rep2,metropt,deletion_50,2,0.36452146778180416,0.9390042348628607
development,cpiri,29,metropt/insertion_1/rep0,metropt,insertion_1,0,0.35679832288508934,0.9335362965591273
development,cpiri,29,metropt/insertion_1/rep1,metropt,insertion_1,1,0.3577539329914548,0.9315659018963652
development,cpiri,29,metropt/insertion_1/rep2,metropt,insertion_1,2,0.35724904749483144,0.934091014021697
development,cpiri,29,metropt/insertion_4/rep0,metropt,insertion_4,0,0.36063334507018524,0.933918847370977
development,cpiri,29,metropt/insertion_4/rep1,metropt,insertion_4,1,0.35955779686401396,0.9361744662148831
development,cpiri,29,metropt/insertion_4/rep2,metropt,insertion_4,2,0.3590922291549289,0.9277161059901519
development,cpiri,29,metropt/legal_gauge_canonical_preprocessing/rep0,metropt,legal_gauge_canonical_preprocessing,0,0.35864416943857114,0.9378088773146622
development,cpiri,29,metropt/legal_gauge_direct/rep0,metropt,legal_gauge_direct,0,16.840985022671113,17.29742659376496
development,cpiri,29,metropt/permutation/rep0,metropt,permutation,0,0.3566426684193022,0.933005598718437
development,cpiri,29,metropt/permutation/rep1,metropt,permutation,1,0.356948062092722,0.933220884341541
development,cpiri,29,metropt/permutation/rep2,metropt,permutation,2,0.3587648370643914,0.937176572686286
development,cpiri,29,metropt/reference/rep0,metropt,reference,0,0.35864416501333185,0.9378089440164806
development,cpiri,29,pmsm/deletion_30/rep0,pmsm,deletion_30,0,0.06694147176261228,0.1463978834280481
development,cpiri,29,pmsm/deletion_30/rep1,pmsm,deletion_30,1,0.06694147176261228,0.1463978834280481
development,cpiri,29,pmsm/deletion_30/rep2,pmsm,deletion_30,2,0.06694147176261228,0.1463978834280481
development,cpiri,29,pmsm/deletion_50/rep0,pmsm,deletion_50,0,0.06694147176261228,0.1463978834280481
development,cpiri,29,pmsm/deletion_50/rep1,pmsm,deletion_50,1,0.06694147176261228,0.1463978834280481
development,cpiri,29,pmsm/deletion_50/rep2,pmsm,deletion_50,2,0.06694147176261228,0.1463978834280481
development,cpiri,29,pmsm/insertion_1/rep0,pmsm,insertion_1,0,0.06751093220290416,0.14652726108876754
development,cpiri,29,pmsm/insertion_1/rep1,pmsm,insertion_1,1,0.06769325622477963,0.1468969129190589
development,cpiri,29,pmsm/insertion_1/rep2,pmsm,insertion_1,2,0.06684369393605648,0.14608242455380885
development,cpiri,29,pmsm/insertion_4/rep0,pmsm,insertion_4,0,0.06756658200023453,0.14614927975353717
development,cpiri,29,pmsm/insertion_4/rep1,pmsm,insertion_4,1,0.06656390321466694,0.14553336551586812
development,cpiri,29,pmsm/insertion_4/rep2,pmsm,insertion_4,2,0.06736847463109862,0.14605106015059147
development,cpiri,29,pmsm/legal_gauge_canonical_preprocessing/rep0,pmsm,legal_gauge_canonical_preprocessing,0,0.06694138441665211,0.14639777190027112
development,cpiri,29,pmsm/legal_gauge_direct/rep0,pmsm,legal_gauge_direct,0,17.48644046589062,17.86938895043133
development,cpiri,29,pmsm/permutation/rep0,pmsm,permutation,0,0.06694387710928723,0.1463921082698694
development,cpiri,29,pmsm/permutation/rep1,pmsm,permutation,1,0.06689821437193362,0.14630646113544535
development,cpiri,29,pmsm/permutation/rep2,pmsm,permutation,2,0.06692020630975569,0.14633472714091375
development,cpiri,29,pmsm/reference/rep0,pmsm,reference,0,0.06694147176261228,0.1463978834280481
development,cpiri,29,steel_industry/deletion_30/rep0,steel_industry,deletion_30,0,0.3705950319349693,0.7197089515574824
development,cpiri,29,steel_industry/deletion_30/rep1,steel_industry,deletion_30,1,0.3705950319349693,0.7197089515574824
development,cpiri,29,steel_industry/deletion_30/rep2,steel_industry,deletion_30,2,0.3705950319349693,0.7197089515574824
development,cpiri,29,steel_industry/deletion_50/rep0,steel_industry,deletion_50,0,0.3705950319349693,0.7197089515574824
development,cpiri,29,steel_industry/deletion_50/rep1,steel_industry,deletion_50,1,0.3705950319349693,0.7197089515574824
development,cpiri,29,steel_industry/deletion_50/rep2,steel_industry,deletion_50,2,0.3705950319349693,0.7197089515574824
development,cpiri,29,steel_industry/insertion_1/rep0,steel_industry,insertion_1,0,0.3260786159723592,0.6344299918121328
development,cpiri,29,steel_industry/insertion_1/rep1,steel_industry,insertion_1,1,0.3267011658632648,0.6347183072610126
development,cpiri,29,steel_industry/insertion_1/rep2,steel_industry,insertion_1,2,0.3269266348844428,0.6348310205584062
development,cpiri,29,steel_industry/insertion_4/rep0,steel_industry,insertion_4,0,0.3378089530448456,0.6486056807666054
development,cpiri,29,steel_industry/insertion_4/rep1,steel_industry,insertion_4,1,0.33687623420044616,0.6480295926777871
development,cpiri,29,steel_industry/insertion_4/rep2,steel_industry,insertion_4,2,0.3377197038872485,0.6485258501859597
development,cpiri,29,steel_industry/legal_gauge_canonical_preprocessing/rep0,steel_industry,legal_gauge_canonical_preprocessing,0,0.32273535572148815,0.6306544797660172
development,cpiri,29,steel_industry/legal_gauge_direct/rep0,steel_industry,legal_gauge_direct,0,25.36837671406125,26.990547283873628
development,cpiri,29,steel_industry/permutation/rep0,steel_industry,permutation,0,0.32298509218563304,0.630931019813231
development,cpiri,29,steel_industry/permutation/rep1,steel_industry,permutation,1,0.3230629969726346,0.6310345291091175
development,cpiri,29,steel_industry/permutation/rep2,steel_industry,permutation,2,0.32303904353075813,0.6309389388964244
development,cpiri,29,steel_industry/reference/rep0,steel_industry,reference,0,0.3227353482286391,0.6306544770148765
development,cpiri,43,building_energy/deletion_30/rep0,building_energy,deletion_30,0,0.23517304182712806,0.3992441641714909
development,cpiri,43,building_energy/deletion_30/rep1,building_energy,deletion_30,1,0.23517304182712806,0.3992441641714909
development,cpiri,43,building_energy/deletion_30/rep2,building_energy,deletion_30,2,0.23517304182712806,0.3992441641714909
development,cpiri,43,building_energy/deletion_50/rep0,building_energy,deletion_50,0,0.23517304182712806,0.3992441641714909
development,cpiri,43,building_energy/deletion_50/rep1,building_energy,deletion_50,1,0.23517304182712806,0.3992441641714909
development,cpiri,43,building_energy/deletion_50/rep2,building_energy,deletion_50,2,0.23517304182712806,0.3992441641714909
development,cpiri,43,building_energy/insertion_1/rep0,building_energy,insertion_1,0,0.23510049283118556,0.39922503254661323
development,cpiri,43,building_energy/insertion_1/rep1,building_energy,insertion_1,1,0.23541731215477124,0.39958533135541696
development,cpiri,43,building_energy/insertion_1/rep2,building_energy,insertion_1,2,0.23561464653611208,0.39983525399939623
development,cpiri,43,building_energy/insertion_4/rep0,building_energy,insertion_4,0,0.23592278625552807,0.3996018409125117
development,cpiri,43,building_energy/insertion_4/rep1,building_energy,insertion_4,1,0.23631764849516743,0.39983891296292035
development,cpiri,43,building_energy/insertion_4/rep2,building_energy,insertion_4,2,0.23613275767072858,0.39994060861976943
development,cpiri,43,building_energy/legal_gauge_canonical_preprocessing/rep0,building_energy,legal_gauge_canonical_preprocessing,0,0.23517301705730276,0.39924396092060405
development,cpiri,43,building_energy/legal_gauge_direct/rep0,building_energy,legal_gauge_direct,0,332.07227054293503,339.3002758732613
development,cpiri,43,building_energy/permutation/rep0,building_energy,permutation,0,0.23509988813663235,0.3990713022424256
development,cpiri,43,building_energy/permutation/rep1,building_energy,permutation,1,0.23514857026342725,0.3991713233219968
development,cpiri,43,building_energy/permutation/rep2,building_energy,permutation,2,0.23513881679673154,0.3991825163666864
development,cpiri,43,building_energy/reference/rep0,building_energy,reference,0,0.23517304182712806,0.3992441641714909
development,cpiri,43,hydraulic/deletion_30/rep0,hydraulic,deletion_30,0,0.4718989817194514,0.8165774527577351
development,cpiri,43,hydraulic/deletion_30/rep1,hydraulic,deletion_30,1,0.4718989817194514,0.8165774527577351
development,cpiri,43,hydraulic/deletion_30/rep2,hydraulic,deletion_30,2,0.4718989817194514,0.8165774527577351
development,cpiri,43,hydraulic/deletion_50/rep0,hydraulic,deletion_50,0,0.4718989817194514,0.8165774527577351
development,cpiri,43,hydraulic/deletion_50/rep1,hydraulic,deletion_50,1,0.4718989817194514,0.8165774527577351
development,cpiri,43,hydraulic/deletion_50/rep2,hydraulic,deletion_50,2,0.4718989817194514,0.8165774527577351
development,cpiri,43,hydraulic/insertion_1/rep0,hydraulic,insertion_1,0,0.4772265886125082,0.8261612813593076
development,cpiri,43,hydraulic/insertion_1/rep1,hydraulic,insertion_1,1,0.4722565958301319,0.8166087637386067
development,cpiri,43,hydraulic/insertion_1/rep2,hydraulic,insertion_1,2,0.47222485518480944,0.8166360381170885
development,cpiri,43,hydraulic/insertion_4/rep0,hydraulic,insertion_4,0,0.46917553616963903,0.8146685735341181
development,cpiri,43,hydraulic/insertion_4/rep1,hydraulic,insertion_4,1,0.4786852674064832,0.833820764517145
development,cpiri,43,hydraulic/insertion_4/rep2,hydraulic,insertion_4,2,0.46880923325452784,0.8151203233621699
development,cpiri,43,hydraulic/legal_gauge_canonical_preprocessing/rep0,hydraulic,legal_gauge_canonical_preprocessing,0,0.4718989508584194,0.8165774499311901
development,cpiri,43,hydraulic/legal_gauge_direct/rep0,hydraulic,legal_gauge_direct,0,64787.643868579704,65097.033985071845
development,cpiri,43,hydraulic/permutation/rep0,hydraulic,permutation,0,0.47771504771655926,0.8273044107433375
development,cpiri,43,hydraulic/permutation/rep1,hydraulic,permutation,1,0.47725845262310357,0.8256527784305756
development,cpiri,43,hydraulic/permutation/rep2,hydraulic,permutation,2,0.4759517911571419,0.8229328567575976
development,cpiri,43,hydraulic/reference/rep0,hydraulic,reference,0,0.4718989817194514,0.8165774527577351
development,cpiri,43,metropt/deletion_30/rep0,metropt,deletion_30,0,0.35186998952217646,0.9081076371524056
development,cpiri,43,metropt/deletion_30/rep1,metropt,deletion_30,1,0.35125039932320823,0.9114362218401058
development,cpiri,43,metropt/deletion_30/rep2,metropt,deletion_30,2,0.3519456683311369,0.9081267610344114
development,cpiri,43,metropt/deletion_50/rep0,metropt,deletion_50,0,0.3500132326925544,0.9061183582438221
development,cpiri,43,metropt/deletion_50/rep1,metropt,deletion_50,1,0.3521793852126776,0.9073174836471584
development,cpiri,43,metropt/deletion_50/rep2,metropt,deletion_50,2,0.3534911379476208,0.9105334344364833
development,cpiri,43,metropt/insertion_1/rep0,metropt,insertion_1,0,0.348343391171925,0.9049561764541395
development,cpiri,43,metropt/insertion_1/rep1,metropt,insertion_1,1,0.3497109460782947,0.9054095627776478
development,cpiri,43,metropt/insertion_1/rep2,metropt,insertion_1,2,0.3484408165102964,0.9048576744783247
development,cpiri,43,metropt/insertion_4/rep0,metropt,insertion_4,0,0.3496976044614087,0.9016077524499074
development,cpiri,43,metropt/insertion_4/rep1,metropt,insertion_4,1,0.3478348632709733,0.9020663605407346
development,cpiri,43,metropt/insertion_4/rep2,metropt,insertion_4,2,0.3494989980418547,0.9016313012123084
development,cpiri,43,metropt/legal_gauge_canonical_preprocessing/rep0,metropt,legal_gauge_canonical_preprocessing,0,0.3495058988525524,0.9077537786680818
development,cpiri,43,metropt/legal_gauge_direct/rep0,metropt,legal_gauge_direct,0,16.609398083179464,17.06382360827335
development,cpiri,43,metropt/permutation/rep0,metropt,permutation,0,0.349130004944036,0.9068068726458802
development,cpiri,43,metropt/permutation/rep1,metropt,permutation,1,0.34898058627934264,0.9062371508861323
development,cpiri,43,metropt/permutation/rep2,metropt,permutation,2,0.34936278952146005,0.9072349542587332
development,cpiri,43,metropt/reference/rep0,metropt,reference,0,0.34950587034673813,0.9077540200975642
development,cpiri,43,pmsm/deletion_30/rep0,pmsm,deletion_30,0,0.058710017419363054,0.14551849593309404
development,cpiri,43,pmsm/deletion_30/rep1,pmsm,deletion_30,1,0.058710017419363054,0.14551849593309404
development,cpiri,43,pmsm/deletion_30/rep2,pmsm,deletion_30,2,0.058710017419363054,0.14551849593309404
development,cpiri,43,pmsm/deletion_50/rep0,pmsm,deletion_50,0,0.058710017419363054,0.14551849593309404
development,cpiri,43,pmsm/deletion_50/rep1,pmsm,deletion_50,1,0.058710017419363054,0.14551849593309404
development,cpiri,43,pmsm/deletion_50/rep2,pmsm,deletion_50,2,0.058710017419363054,0.14551849593309404
development,cpiri,43,pmsm/insertion_1/rep0,pmsm,insertion_1,0,0.05883233548709657,0.14598284461933478
development,cpiri,43,pmsm/insertion_1/rep1,pmsm,insertion_1,1,0.05917532052676274,0.14532805211212843
development,cpiri,43,pmsm/insertion_1/rep2,pmsm,insertion_1,2,0.058822618471842454,0.14520050624216466
development,cpiri,43,pmsm/insertion_4/rep0,pmsm,insertion_4,0,0.05863097001429913,0.14577110639893553
development,cpiri,43,pmsm/insertion_4/rep1,pmsm,insertion_4,1,0.05861258703427849,0.14764020413049767
development,cpiri,43,pmsm/insertion_4/rep2,pmsm,insertion_4,2,0.05886974508727375,0.14523714604937946
development,cpiri,43,pmsm/legal_gauge_canonical_preprocessing/rep0,pmsm,legal_gauge_canonical_preprocessing,0,0.058710035566178674,0.14551824707472003
development,cpiri,43,pmsm/legal_gauge_direct/rep0,pmsm,legal_gauge_direct,0,16.850457780615272,17.41535418782717
development,cpiri,43,pmsm/permutation/rep0,pmsm,permutation,0,0.05869049201176937,0.14541970949544142
development,cpiri,43,pmsm/permutation/rep1,pmsm,permutation,1,0.058705032742007855,0.1452867039573363
development,cpiri,43,pmsm/permutation/rep2,pmsm,permutation,2,0.05867564570581407,0.1452509876800672
development,cpiri,43,pmsm/reference/rep0,pmsm,reference,0,0.058710017419363054,0.14551849593309404
development,cpiri,43,steel_industry/deletion_30/rep0,steel_industry,deletion_30,0,0.4005617781354006,0.7753847027044298
development,cpiri,43,steel_industry/deletion_30/rep1,steel_industry,deletion_30,1,0.4005617781354006,0.7753847027044298
development,cpiri,43,steel_industry/deletion_30/rep2,steel_industry,deletion_30,2,0.4005617781354006,0.7753847027044298
development,cpiri,43,steel_industry/deletion_50/rep0,steel_industry,deletion_50,0,0.4005617781354006,0.7753847027044298
development,cpiri,43,steel_industry/deletion_50/rep1,steel_industry,deletion_50,1,0.4005617781354006,0.7753847027044298
development,cpiri,43,steel_industry/deletion_50/rep2,steel_industry,deletion_50,2,0.4005617781354006,0.7753847027044298
development,cpiri,43,steel_industry/insertion_1/rep0,steel_industry,insertion_1,0,0.3316652851552702,0.6455161117035149
development,cpiri,43,steel_industry/insertion_1/rep1,steel_industry,insertion_1,1,0.331384035003518,0.6446155007505039
development,cpiri,43,steel_industry/insertion_1/rep2,steel_industry,insertion_1,2,0.3321730456535968,0.6455777283207185
development,cpiri,43,steel_industry/insertion_4/rep0,steel_industry,insertion_4,0,0.33460020561068876,0.6519662963170975
development,cpiri,43,steel_industry/insertion_4/rep1,steel_industry,insertion_4,1,0.33498849764983796,0.652543193379963
development,cpiri,43,steel_industry/insertion_4/rep2,steel_industry,insertion_4,2,0.335420172334021,0.6534470965716908
development,cpiri,43,steel_industry/legal_gauge_canonical_preprocessing/rep0,steel_industry,legal_gauge_canonical_preprocessing,0,0.3318096847777165,0.6426777376982064
development,cpiri,43,steel_industry/legal_gauge_direct/rep0,steel_industry,legal_gauge_direct,0,27.755828429304074,33.67461322942216
development,cpiri,43,steel_industry/permutation/rep0,steel_industry,permutation,0,0.3318680346787769,0.6428114628026518
development,cpiri,43,steel_industry/permutation/rep1,steel_industry,permutation,1,0.3318586850706795,0.6428294604642731
development,cpiri,43,steel_industry/permutation/rep2,steel_industry,permutation,2,0.33202234985245316,0.642956217092601
development,cpiri,43,steel_industry/reference/rep0,steel_industry,reference,0,0.3318096819561855,0.6426777302945126
development,cpiri,71,building_energy/deletion_30/rep0,building_energy,deletion_30,0,0.2356973403955266,0.39928969105749623
development,cpiri,71,building_energy/deletion_30/rep1,building_energy,deletion_30,1,0.2356973403955266,0.39928969105749623
development,cpiri,71,building_energy/deletion_30/rep2,building_energy,deletion_30,2,0.2356973403955266,0.39928969105749623
development,cpiri,71,building_energy/deletion_50/rep0,building_energy,deletion_50,0,0.2356973403955266,0.39928969105749623
development,cpiri,71,building_energy/deletion_50/rep1,building_energy,deletion_50,1,0.2356973403955266,0.39928969105749623
development,cpiri,71,building_energy/deletion_50/rep2,building_energy,deletion_50,2,0.2356973403955266,0.39928969105749623
development,cpiri,71,building_energy/insertion_1/rep0,building_energy,insertion_1,0,0.23550477174022094,0.3991913914677433
development,cpiri,71,building_energy/insertion_1/rep1,building_energy,insertion_1,1,0.23559612915318723,0.39921270402133835
development,cpiri,71,building_energy/insertion_1/rep2,building_energy,insertion_1,2,0.23546126818363164,0.3990298506353743
development,cpiri,71,building_energy/insertion_4/rep0,building_energy,insertion_4,0,0.23790038567164745,0.4005742317377599
development,cpiri,71,building_energy/insertion_4/rep1,building_energy,insertion_4,1,0.23737858513791465,0.4003501642257845
development,cpiri,71,building_energy/insertion_4/rep2,building_energy,insertion_4,2,0.23692387698072798,0.4001418000049624
development,cpiri,71,building_energy/legal_gauge_canonical_preprocessing/rep0,building_energy,legal_gauge_canonical_preprocessing,0,0.23569744877895524,0.3992895742721806
development,cpiri,71,building_energy/legal_gauge_direct/rep0,building_energy,legal_gauge_direct,0,297.37881253796525,308.16759689414005
development,cpiri,71,building_energy/permutation/rep0,building_energy,permutation,0,0.23572266726191682,0.39932396688618943
development,cpiri,71,building_energy/permutation/rep1,building_energy,permutation,1,0.23574591331420283,0.39935876344735427
development,cpiri,71,building_energy/permutation/rep2,building_energy,permutation,2,0.23572430963384983,0.39934561119686596
development,cpiri,71,building_energy/reference/rep0,building_energy,reference,0,0.2356973403955266,0.39928969105749623
development,cpiri,71,hydraulic/deletion_30/rep0,hydraulic,deletion_30,0,0.43844860307814965,0.759075422314916
development,cpiri,71,hydraulic/deletion_30/rep1,hydraulic,deletion_30,1,0.43844860307814965,0.759075422314916
development,cpiri,71,hydraulic/deletion_30/rep2,hydraulic,deletion_30,2,0.43844860307814965,0.759075422314916
development,cpiri,71,hydraulic/deletion_50/rep0,hydraulic,deletion_50,0,0.43844860307814965,0.759075422314916
development,cpiri,71,hydraulic/deletion_50/rep1,hydraulic,deletion_50,1,0.43844860307814965,0.759075422314916
development,cpiri,71,hydraulic/deletion_50/rep2,hydraulic,deletion_50,2,0.43844860307814965,0.759075422314916
development,cpiri,71,hydraulic/insertion_1/rep0,hydraulic,insertion_1,0,0.4405096557239635,0.7623468520238397
development,cpiri,71,hydraulic/insertion_1/rep1,hydraulic,insertion_1,1,0.43640522128363457,0.7541030279531782
development,cpiri,71,hydraulic/insertion_1/rep2,hydraulic,insertion_1,2,0.4363860188123643,0.7540079334729088
development,cpiri,71,hydraulic/insertion_4/rep0,hydraulic,insertion_4,0,0.43375717798259456,0.751251171252486
development,cpiri,71,hydraulic/insertion_4/rep1,hydraulic,insertion_4,1,0.4374408034209791,0.760796959198418
development,cpiri,71,hydraulic/insertion_4/rep2,hydraulic,insertion_4,2,0.43402799214253907,0.7581378514067352
development,cpiri,71,hydraulic/legal_gauge_canonical_preprocessing/rep0,hydraulic,legal_gauge_canonical_preprocessing,0,0.4384485505026109,0.7590753747135404
development,cpiri,71,hydraulic/legal_gauge_direct/rep0,hydraulic,legal_gauge_direct,0,62348.96738994553,63156.56919960558
development,cpiri,71,hydraulic/permutation/rep0,hydraulic,permutation,0,0.4377925857728838,0.7580575809300177
development,cpiri,71,hydraulic/permutation/rep1,hydraulic,permutation,1,0.43703723142143286,0.7564700297135867
development,cpiri,71,hydraulic/permutation/rep2,hydraulic,permutation,2,0.43701651383928436,0.7564354562824527
development,cpiri,71,hydraulic/reference/rep0,hydraulic,reference,0,0.43844860307814965,0.759075422314916
development,cpiri,71,metropt/deletion_30/rep0,metropt,deletion_30,0,0.336760520830306,0.8843598280235978
development,cpiri,71,metropt/deletion_30/rep1,metropt,deletion_30,1,0.33605074273849395,0.8857400000137498
development,cpiri,71,metropt/deletion_30/rep2,metropt,deletion_30,2,0.33733355647692387,0.8847203934902893
development,cpiri,71,metropt/deletion_50/rep0,metropt,deletion_50,0,0.33627600788760237,0.8825906419290289
development,cpiri,71,metropt/deletion_50/rep1,metropt,deletion_50,1,0.33500700879505835,0.8801383722077715
development,cpiri,71,metropt/deletion_50/rep2,metropt,deletion_50,2,0.3358452472467474,0.8831310976673405
development,cpiri,71,metropt/insertion_1/rep0,metropt,insertion_1,0,0.33617284953517246,0.8839702937605031
development,cpiri,71,metropt/insertion_1/rep1,metropt,insertion_1,1,0.3391100055285399,0.8868835980429229
development,cpiri,71,metropt/insertion_1/rep2,metropt,insertion_1,2,0.3364016485806151,0.8842463581454763
development,cpiri,71,metropt/insertion_4/rep0,metropt,insertion_4,0,0.34160054724217714,0.8878196343765554
development,cpiri,71,metropt/insertion_4/rep1,metropt,insertion_4,1,0.3392700465622157,0.8860055625528639
development,cpiri,71,metropt/insertion_4/rep2,metropt,insertion_4,2,0.3396707460850158,0.8832444662875828
development,cpiri,71,metropt/legal_gauge_canonical_preprocessing/rep0,metropt,legal_gauge_canonical_preprocessing,0,0.3362799765529347,0.8856006200293233
development,cpiri,71,metropt/legal_gauge_direct/rep0,metropt,legal_gauge_direct,0,16.587331093121986,17.043456431745323
development,cpiri,71,metropt/permutation/rep0,metropt,permutation,0,0.33668457084757514,0.8865243278437085
development,cpiri,71,metropt/permutation/rep1,metropt,permutation,1,0.336987298360566,0.8868278372154457
development,cpiri,71,metropt/permutation/rep2,metropt,permutation,2,0.33695905890543726,0.8868814934954672
development,cpiri,71,metropt/reference/rep0,metropt,reference,0,0.3362799270600877,0.885600578277838
development,cpiri,71,pmsm/deletion_30/rep0,pmsm,deletion_30,0,0.07166198059989962,0.15136638395636626
development,cpiri,71,pmsm/deletion_30/rep1,pmsm,deletion_30,1,0.07166198059989962,0.15136638395636626
development,cpiri,71,pmsm/deletion_30/rep2,pmsm,deletion_30,2,0.07166198059989962,0.15136638395636626
development,cpiri,71,pmsm/deletion_50/rep0,pmsm,deletion_50,0,0.07166198059989962,0.15136638395636626
development,cpiri,71,pmsm/deletion_50/rep1,pmsm,deletion_50,1,0.07166198059989962,0.15136638395636626
development,cpiri,71,pmsm/deletion_50/rep2,pmsm,deletion_50,2,0.07166198059989962,0.15136638395636626
development,cpiri,71,pmsm/insertion_1/rep0,pmsm,insertion_1,0,0.07176843403662686,0.15184731705943935
development,cpiri,71,pmsm/insertion_1/rep1,pmsm,insertion_1,1,0.07180222114405109,0.15116208412244878
development,cpiri,71,pmsm/insertion_1/rep2,pmsm,insertion_1,2,0.07127103198813847,0.15092069894753044
development,cpiri,71,pmsm/insertion_4/rep0,pmsm,insertion_4,0,0.0711765127797712,0.14971793418725707
development,cpiri,71,pmsm/insertion_4/rep1,pmsm,insertion_4,1,0.07147935077715004,0.1508146722498033
development,cpiri,71,pmsm/insertion_4/rep2,pmsm,insertion_4,2,0.0714417369683147,0.1495736400327138
development,cpiri,71,pmsm/legal_gauge_canonical_preprocessing/rep0,pmsm,legal_gauge_canonical_preprocessing,0,0.07166193229078642,0.15136619800646117
development,cpiri,71,pmsm/legal_gauge_direct/rep0,pmsm,legal_gauge_direct,0,15.628584007609511,16.117836618903596
development,cpiri,71,pmsm/permutation/rep0,pmsm,permutation,0,0.07163349730182796,0.1513097232291614
development,cpiri,71,pmsm/permutation/rep1,pmsm,permutation,1,0.07163982632908086,0.1513789811108687
development,cpiri,71,pmsm/permutation/rep2,pmsm,permutation,2,0.07166022080769323,0.15141718276929614
development,cpiri,71,pmsm/reference/rep0,pmsm,reference,0,0.07166198059989962,0.15136638395636626
development,cpiri,71,steel_industry/deletion_30/rep0,steel_industry,deletion_30,0,0.33491204862355123,0.661793508072311
development,cpiri,71,steel_industry/deletion_30/rep1,steel_industry,deletion_30,1,0.33491204862355123,0.661793508072311
development,cpiri,71,steel_industry/deletion_30/rep2,steel_industry,deletion_30,2,0.33491204862355123,0.661793508072311
development,cpiri,71,steel_industry/deletion_50/rep0,steel_industry,deletion_50,0,0.33491204862355123,0.661793508072311
development,cpiri,71,steel_industry/deletion_50/rep1,steel_industry,deletion_50,1,0.33491204862355123,0.661793508072311
development,cpiri,71,steel_industry/deletion_50/rep2,steel_industry,deletion_50,2,0.33491204862355123,0.661793508072311
development,cpiri,71,steel_industry/insertion_1/rep0,steel_industry,insertion_1,0,0.32059070477965435,0.6215591468046104
development,cpiri,71,steel_industry/insertion_1/rep1,steel_industry,insertion_1,1,0.31923268822506534,0.620622819110933
development,cpiri,71,steel_industry/insertion_1/rep2,steel_industry,insertion_1,2,0.32172287626665474,0.6236637026776648
development,cpiri,71,steel_industry/insertion_4/rep0,steel_industry,insertion_4,0,0.32915331468592945,0.6315914581063177
development,cpiri,71,steel_industry/insertion_4/rep1,steel_industry,insertion_4,1,0.3297977076985915,0.6322517573831494
development,cpiri,71,steel_industry/insertion_4/rep2,steel_industry,insertion_4,2,0.3300243681664936,0.6331799801404674
development,cpiri,71,steel_industry/legal_gauge_canonical_preprocessing/rep0,steel_industry,legal_gauge_canonical_preprocessing,0,0.3155882881929727,0.6164769548614651
development,cpiri,71,steel_industry/legal_gauge_direct/rep0,steel_industry,legal_gauge_direct,0,18.570795656027446,20.92290239992458
development,cpiri,71,steel_industry/permutation/rep0,steel_industry,permutation,0,0.31556652090032894,0.6165445628096988
development,cpiri,71,steel_industry/permutation/rep1,steel_industry,permutation,1,0.3156096274109812,0.6166683222474161
development,cpiri,71,steel_industry/permutation/rep2,steel_industry,permutation,2,0.3156071477411208,0.6165460617413575
development,cpiri,71,steel_industry/reference/rep0,steel_industry,reference,0,0.31558828503740644,0.6164769433462898
development,cpiri,101,building_energy/deletion_30/rep0,building_energy,deletion_30,0,0.23553963820675664,0.398859801239193
development,cpiri,101,building_energy/deletion_30/rep1,building_energy,deletion_30,1,0.23553963820675664,0.398859801239193
development,cpiri,101,building_energy/deletion_30/rep2,building_energy,deletion_30,2,0.23553963820675664,0.398859801239193
development,cpiri,101,building_energy/deletion_50/rep0,building_energy,deletion_50,0,0.23553963820675664,0.398859801239193
development,cpiri,101,building_energy/deletion_50/rep1,building_energy,deletion_50,1,0.23553963820675664,0.398859801239193
development,cpiri,101,building_energy/deletion_50/rep2,building_energy,deletion_50,2,0.23553963820675664,0.398859801239193
development,cpiri,101,building_energy/insertion_1/rep0,building_energy,insertion_1,0,0.2356696890911083,0.39897742024342175
development,cpiri,101,building_energy/insertion_1/rep1,building_energy,insertion_1,1,0.23546239931641288,0.3986486778874108
development,cpiri,101,building_energy/insertion_1/rep2,building_energy,insertion_1,2,0.2356509657041969,0.39872204760237906
development,cpiri,101,building_energy/insertion_4/rep0,building_energy,insertion_4,0,0.23612175663772444,0.3993767839998365
development,cpiri,101,building_energy/insertion_4/rep1,building_energy,insertion_4,1,0.23613709058656618,0.3992554580209649
development,cpiri,101,building_energy/insertion_4/rep2,building_energy,insertion_4,2,0.23623656796488854,0.3992289519116265
development,cpiri,101,building_energy/legal_gauge_canonical_preprocessing/rep0,building_energy,legal_gauge_canonical_preprocessing,0,0.23553966924811606,0.3988596584445971
development,cpiri,101,building_energy/legal_gauge_direct/rep0,building_energy,legal_gauge_direct,0,285.48230524836924,295.96492399579535
development,cpiri,101,building_energy/permutation/rep0,building_energy,permutation,0,0.23551930787931072,0.39884466996184087
development,cpiri,101,building_energy/permutation/rep1,building_energy,permutation,1,0.2355531505312293,0.39886925303909354
development,cpiri,101,building_energy/permutation/rep2,building_energy,permutation,2,0.2355421331755571,0.398889245256403
development,cpiri,101,building_energy/reference/rep0,building_energy,reference,0,0.23553963820675664,0.398859801239193
development,cpiri,101,hydraulic/deletion_30/rep0,hydraulic,deletion_30,0,0.4169041311734927,0.720695262508097
development,cpiri,101,hydraulic/deletion_30/rep1,hydraulic,deletion_30,1,0.4169041311734927,0.720695262508097
development,cpiri,101,hydraulic/deletion_30/rep2,hydraulic,deletion_30,2,0.4169041311734927,0.720695262508097
development,cpiri,101,hydraulic/deletion_50/rep0,hydraulic,deletion_50,0,0.4169041311734927,0.720695262508097
development,cpiri,101,hydraulic/deletion_50/rep1,hydraulic,deletion_50,1,0.4169041311734927,0.720695262508097
development,cpiri,101,hydraulic/deletion_50/rep2,hydraulic,deletion_50,2,0.4169041311734927,0.720695262508097
development,cpiri,101,hydraulic/insertion_1/rep0,hydraulic,insertion_1,0,0.41783368719248976,0.7204417118107256
development,cpiri,101,hydraulic/insertion_1/rep1,hydraulic,insertion_1,1,0.4138509401182555,0.7156410535881133
development,cpiri,101,hydraulic/insertion_1/rep2,hydraulic,insertion_1,2,0.41385779684541985,0.7155658127880247
development,cpiri,101,hydraulic/insertion_4/rep0,hydraulic,insertion_4,0,0.41610109005596313,0.7200618024203418
development,cpiri,101,hydraulic/insertion_4/rep1,hydraulic,insertion_4,1,0.42078099823454185,0.7283446657230971
development,cpiri,101,hydraulic/insertion_4/rep2,hydraulic,insertion_4,2,0.416779870469384,0.7258761457831402
development,cpiri,101,hydraulic/legal_gauge_canonical_preprocessing/rep0,hydraulic,legal_gauge_canonical_preprocessing,0,0.4169040836956497,0.7206952515401207
development,cpiri,101,hydraulic/legal_gauge_direct/rep0,hydraulic,legal_gauge_direct,0,62578.69145211969,63120.938228292456
development,cpiri,101,hydraulic/permutation/rep0,hydraulic,permutation,0,0.4157668659045132,0.718120815829418
development,cpiri,101,hydraulic/permutation/rep1,hydraulic,permutation,1,0.4171403342166881,0.720027443331903
development,cpiri,101,hydraulic/permutation/rep2,hydraulic,permutation,2,0.4167390280558573,0.7195404636663112
development,cpiri,101,hydraulic/reference/rep0,hydraulic,reference,0,0.4169041311734927,0.720695262508097
development,cpiri,101,metropt/deletion_30/rep0,metropt,deletion_30,0,0.3427332148101344,0.8908851853388271
development,cpiri,101,metropt/deletion_30/rep1,metropt,deletion_30,1,0.34689342017324437,0.8938289958404414
development,cpiri,101,metropt/deletion_30/rep2,metropt,deletion_30,2,0.342617574294084,0.8906411107066621
development,cpiri,101,metropt/deletion_50/rep0,metropt,deletion_50,0,0.34484894576000713,0.8901084508876143
development,cpiri,101,metropt/deletion_50/rep1,metropt,deletion_50,1,0.3444374067945364,0.8897890577872445
development,cpiri,101,metropt/deletion_50/rep2,metropt,deletion_50,2,0.3477000790763287,0.8944304329383853
development,cpiri,101,metropt/insertion_1/rep0,metropt,insertion_1,0,0.34346483744856826,0.8946187079192846
development,cpiri,101,metropt/insertion_1/rep1,metropt,insertion_1,1,0.3441594283345614,0.895456644002504
development,cpiri,101,metropt/insertion_1/rep2,metropt,insertion_1,2,0.34335921176184864,0.8945422423351322
development,cpiri,101,metropt/insertion_4/rep0,metropt,insertion_4,0,0.34372785462752237,0.8926241969034476
development,cpiri,101,metropt/insertion_4/rep1,metropt,insertion_4,1,0.34355956664652687,0.8929619419789653
development,cpiri,101,metropt/insertion_4/rep2,metropt,insertion_4,2,0.3455251414019898,0.8937299699257216
development,cpiri,101,metropt/legal_gauge_canonical_preprocessing/rep0,metropt,legal_gauge_canonical_preprocessing,0,0.34389455500096094,0.8958969835321949
development,cpiri,101,metropt/legal_gauge_direct/rep0,metropt,legal_gauge_direct,0,16.67506785182719,17.13023567570861
development,cpiri,101,metropt/permutation/rep0,metropt,permutation,0,0.3440609589673091,0.8961186800517051
development,cpiri,101,metropt/permutation/rep1,metropt,permutation,1,0.3439828261889308,0.8959957563523121
development,cpiri,101,metropt/permutation/rep2,metropt,permutation,2,0.3440864391569089,0.8963011401682621
development,cpiri,101,metropt/reference/rep0,metropt,reference,0,0.3438945459346651,0.8958970258176835
development,cpiri,101,pmsm/deletion_30/rep0,pmsm,deletion_30,0,0.06538183911595863,0.14672609437507417
development,cpiri,101,pmsm/deletion_30/rep1,pmsm,deletion_30,1,0.06538183911595863,0.14672609437507417
development,cpiri,101,pmsm/deletion_30/rep2,pmsm,deletion_30,2,0.06538183911595863,0.14672609437507417
development,cpiri,101,pmsm/deletion_50/rep0,pmsm,deletion_50,0,0.06538183911595863,0.14672609437507417
development,cpiri,101,pmsm/deletion_50/rep1,pmsm,deletion_50,1,0.06538183911595863,0.14672609437507417
development,cpiri,101,pmsm/deletion_50/rep2,pmsm,deletion_50,2,0.06538183911595863,0.14672609437507417
development,cpiri,101,pmsm/insertion_1/rep0,pmsm,insertion_1,0,0.06614322257654387,0.147235824177745
development,cpiri,101,pmsm/insertion_1/rep1,pmsm,insertion_1,1,0.06610933606502996,0.14701835269712937
development,cpiri,101,pmsm/insertion_1/rep2,pmsm,insertion_1,2,0.06580116007514718,0.14669897303048077
development,cpiri,101,pmsm/insertion_4/rep0,pmsm,insertion_4,0,0.06644584666483351,0.14696622782762309
development,cpiri,101,pmsm/insertion_4/rep1,pmsm,insertion_4,1,0.06472105137283056,0.14526755066156022
development,cpiri,101,pmsm/insertion_4/rep2,pmsm,insertion_4,2,0.06679348022894138,0.1475339239621172
development,cpiri,101,pmsm/legal_gauge_canonical_preprocessing/rep0,pmsm,legal_gauge_canonical_preprocessing,0,0.0653817647374589,0.14672597593024256
development,cpiri,101,pmsm/legal_gauge_direct/rep0,pmsm,legal_gauge_direct,0,15.911655702640303,16.412879078789175
development,cpiri,101,pmsm/permutation/rep0,pmsm,permutation,0,0.06538968249286266,0.14678564087222326
development,cpiri,101,pmsm/permutation/rep1,pmsm,permutation,1,0.06536824819916472,0.14676761307967132
development,cpiri,101,pmsm/permutation/rep2,pmsm,permutation,2,0.06538207702711246,0.14677141167099003
development,cpiri,101,pmsm/reference/rep0,pmsm,reference,0,0.06538183911595863,0.14672609437507417
development,cpiri,101,steel_industry/deletion_30/rep0,steel_industry,deletion_30,0,0.36398138742273395,0.7032957199205463
development,cpiri,101,steel_industry/deletion_30/rep1,steel_industry,deletion_30,1,0.36398138742273395,0.7032957199205463
development,cpiri,101,steel_industry/deletion_30/rep2,steel_industry,deletion_30,2,0.36398138742273395,0.7032957199205463
development,cpiri,101,steel_industry/deletion_50/rep0,steel_industry,deletion_50,0,0.36398138742273395,0.7032957199205463
development,cpiri,101,steel_industry/deletion_50/rep1,steel_industry,deletion_50,1,0.36398138742273395,0.7032957199205463
development,cpiri,101,steel_industry/deletion_50/rep2,steel_industry,deletion_50,2,0.36398138742273395,0.7032957199205463
development,cpiri,101,steel_industry/insertion_1/rep0,steel_industry,insertion_1,0,0.322761223506424,0.6161471080252369
development,cpiri,101,steel_industry/insertion_1/rep1,steel_industry,insertion_1,1,0.3226207964591571,0.615972495517136
development,cpiri,101,steel_industry/insertion_1/rep2,steel_industry,insertion_1,2,0.32382655413111666,0.618250390020004
development,cpiri,101,steel_industry/insertion_4/rep0,steel_industry,insertion_4,0,0.33046442005965837,0.6217319279720216
development,cpiri,101,steel_industry/insertion_4/rep1,steel_industry,insertion_4,1,0.33099755808104525,0.6227295487649405
development,cpiri,101,steel_industry/insertion_4/rep2,steel_industry,insertion_4,2,0.3303304233049519,0.622585508952229
development,cpiri,101,steel_industry/legal_gauge_canonical_preprocessing/rep0,steel_industry,legal_gauge_canonical_preprocessing,0,0.31688550967482115,0.610922024045198
development,cpiri,101,steel_industry/legal_gauge_direct/rep0,steel_industry,legal_gauge_direct,0,26.11869623189218,30.515183675124018
development,cpiri,101,steel_industry/permutation/rep0,steel_industry,permutation,0,0.31709859674193885,0.6111451496201468
development,cpiri,101,steel_industry/permutation/rep1,steel_industry,permutation,1,0.31691877612862795,0.610814727955444
development,cpiri,101,steel_industry/permutation/rep2,steel_industry,permutation,2,0.3170301120527116,0.6109947937768713
development,cpiri,101,steel_industry/reference/rep0,steel_industry,reference,0,0.3168855051424158,0.6109220252872216
